id,study_group,new_group,sex,age,race,educ,ethnic,Video_1002_Position,Video_1002_Rating,Video_1002_ReactionTime,Video_1002_SelectionTime,Video_1002_sex,Video_1002_race,Video_1003_Position,Video_1003_Rating,Video_1003_ReactionTime,Video_1003_SelectionTime,Video_1003_sex,Video_1003_race,Video_1005_Position,Video_1005_Rating,Video_1005_ReactionTime,Video_1005_SelectionTime,Video_1005_sex,Video_1005_race,Video_1010_Position,Video_1010_Rating,Video_1010_ReactionTime,Video_1010_SelectionTime,Video_1010_sex,Video_1010_race,Video_1011_Position,Video_1011_Rating,Video_1011_ReactionTime,Video_1011_SelectionTime,Video_1011_sex,Video_1011_race,Video_1015_Position,Video_1015_Rating,Video_1015_ReactionTime,Video_1015_SelectionTime,Video_1015_sex,Video_1015_race,Video_1019_Position,Video_1019_Rating,Video_1019_ReactionTime,Video_1019_SelectionTime,Video_1019_sex,Video_1019_race,Video_1021_Position,Video_1021_Rating,Video_1021_ReactionTime,Video_1021_SelectionTime,Video_1021_sex,Video_1021_race,Video_1023_Position,Video_1023_Rating,Video_1023_ReactionTime,Video_1023_SelectionTime,Video_1023_sex,Video_1023_race,Video_1026_Position,Video_1026_Rating,Video_1026_ReactionTime,Video_1026_SelectionTime,Video_1026_sex,Video_1026_race,Video_1029_Position,Video_1029_Rating,Video_1029_ReactionTime,Video_1029_SelectionTime,Video_1029_sex,Video_1029_race,Video_1031_Position,Video_1031_Rating,Video_1031_ReactionTime,Video_1031_SelectionTime,Video_1031_sex,Video_1031_race,Video_1032_Position,Video_1032_Rating,Video_1032_ReactionTime,Video_1032_SelectionTime,Video_1032_sex,Video_1032_race,Video_1033_Position,Video_1033_Rating,Video_1033_ReactionTime,Video_1033_SelectionTime,Video_1033_sex,Video_1033_race,Video_1038_Position,Video_1038_Rating,Video_1038_ReactionTime,Video_1038_SelectionTime,Video_1038_sex,Video_1038_race,Video_1043_Position,Video_1043_Rating,Video_1043_ReactionTime,Video_1043_SelectionTime,Video_1043_sex,Video_1043_race,Video_1045_Position,Video_1045_Rating,Video_1045_ReactionTime,Video_1045_SelectionTime,Video_1045_sex,Video_1045_race,Video_1046_Position,Video_1046_Rating,Video_1046_ReactionTime,Video_1046_SelectionTime,Video_1046_sex,Video_1046_race,Video_1047_Position,Video_1047_Rating,Video_1047_ReactionTime,Video_1047_SelectionTime,Video_1047_sex,Video_1047_race,Video_1052_Position,Video_1052_Rating,Video_1052_ReactionTime,Video_1052_SelectionTime,Video_1052_sex,Video_1052_race,Video_1053_Position,Video_1053_Rating,Video_1053_ReactionTime,Video_1053_SelectionTime,Video_1053_sex,Video_1053_race,Video_1060_Position,Video_1060_Rating,Video_1060_ReactionTime,Video_1060_SelectionTime,Video_1060_sex,Video_1060_race,Video_1068_Position,Video_1068_Rating,Video_1068_ReactionTime,Video_1068_SelectionTime,Video_1068_sex,Video_1068_race,Video_1069_Position,Video_1069_Rating,Video_1069_ReactionTime,Video_1069_SelectionTime,Video_1069_sex,Video_1069_race,Video_1073_Position,Video_1073_Rating,Video_1073_ReactionTime,Video_1073_SelectionTime,Video_1073_sex,Video_1073_race,Video_1074_Position,Video_1074_Rating,Video_1074_ReactionTime,Video_1074_SelectionTime,Video_1074_sex,Video_1074_race,Video_1076_Position,Video_1076_Rating,Video_1076_ReactionTime,Video_1076_SelectionTime,Video_1076_sex,Video_1076_race,Video_1078_Position,Video_1078_Rating,Video_1078_ReactionTime,Video_1078_SelectionTime,Video_1078_sex,Video_1078_race,Video_1079_Position,Video_1079_Rating,Video_1079_ReactionTime,Video_1079_SelectionTime,Video_1079_sex,Video_1079_race,Video_1080_Position,Video_1080_Rating,Video_1080_ReactionTime,Video_1080_SelectionTime,Video_1080_sex,Video_1080_race,Video_1082_Position,Video_1082_Rating,Video_1082_ReactionTime,Video_1082_SelectionTime,Video_1082_sex,Video_1082_race,Video_1085_Position,Video_1085_Rating,Video_1085_ReactionTime,Video_1085_SelectionTime,Video_1085_sex,Video_1085_race,Video_Fractal_007_Position,Video_Fractal_007_Rating,Video_Fractal_007_ReactionTime,Video_Fractal_007_SelectionTime,Video_Fractal_025_Position,Video_Fractal_025_Rating,Video_Fractal_025_ReactionTime,Video_Fractal_025_SelectionTime,Video_Fractal_027__Position,Video_Fractal_027__Rating,Video_Fractal_027__ReactionTime,Video_Fractal_027__SelectionTime,Video_Fractal_028_Position,Video_Fractal_028_Rating,Video_Fractal_028_ReactionTime,Video_Fractal_028_SelectionTime,Video_Fractal_030_Position,Video_Fractal_030_Rating,Video_Fractal_030_ReactionTime,Video_Fractal_030_SelectionTime,Video_Fractal_034_Position,Video_Fractal_034_Rating,Video_Fractal_034_ReactionTime,Video_Fractal_034_SelectionTime,Video_Fractal_044_Position,Video_Fractal_044_Rating,Video_Fractal_044_ReactionTime,Video_Fractal_044_SelectionTime,Video_Fractal_048_Position,Video_Fractal_048_Rating,Video_Fractal_048_ReactionTime,Video_Fractal_048_SelectionTime,Video_Fractal_049_Position,Video_Fractal_049_Rating,Video_Fractal_049_ReactionTime,Video_Fractal_049_SelectionTime,Video_Fractal_051_Position,Video_Fractal_051_Rating,Video_Fractal_051_ReactionTime,Video_Fractal_051_SelectionTime,Video_Fractal_2001_Position,Video_Fractal_2001_Rating,Video_Fractal_2001_ReactionTime,Video_Fractal_2001_SelectionTime,Video_Fractal_2002_Position,Video_Fractal_2002_Rating,Video_Fractal_2002_ReactionTime,Video_Fractal_2002_SelectionTime,Video_Fractal_2004_Position,Video_Fractal_2004_Rating,Video_Fractal_2004_ReactionTime,Video_Fractal_2004_SelectionTime,Video_Fractal_2006_Position,Video_Fractal_2006_Rating,Video_Fractal_2006_ReactionTime,Video_Fractal_2006_SelectionTime,Video_Fractal_2008_Position,Video_Fractal_2008_Rating,Video_Fractal_2008_ReactionTime,Video_Fractal_2008_SelectionTime,Video_Fractal_2009_Position,Video_Fractal_2009_Rating,Video_Fractal_2009_ReactionTime,Video_Fractal_2009_SelectionTime,Video_Fractal_2010_Position,Video_Fractal_2010_Rating,Video_Fractal_2010_ReactionTime,Video_Fractal_2010_SelectionTime,Video_Fractal_2013_Position,Video_Fractal_2013_Rating,Video_Fractal_2013_ReactionTime,Video_Fractal_2013_SelectionTime,Video_Fractal_2015_Position,Video_Fractal_2015_Rating,Video_Fractal_2015_ReactionTime,Video_Fractal_2015_SelectionTime,Video_Fractal_2016_Position,Video_Fractal_2016_Rating,Video_Fractal_2016_ReactionTime,Video_Fractal_2016_SelectionTime,Video_Fractal_2017_Position,Video_Fractal_2017_Rating,Video_Fractal_2017_ReactionTime,Video_Fractal_2017_SelectionTime,Video_Fractal_2018_Position,Video_Fractal_2018_Rating,Video_Fractal_2018_ReactionTime,Video_Fractal_2018_SelectionTime,Video_Fractal_2019_Position,Video_Fractal_2019_Rating,Video_Fractal_2019_ReactionTime,Video_Fractal_2019_SelectionTime,Video_Fractal_2020_Position,Video_Fractal_2020_Rating,Video_Fractal_2020_ReactionTime,Video_Fractal_2020_SelectionTime,Video_Fractal_2021_Position,Video_Fractal_2021_Rating,Video_Fractal_2021_ReactionTime,Video_Fractal_2021_SelectionTime,Video_Fractal_2022_Position,Video_Fractal_2022_Rating,Video_Fractal_2022_ReactionTime,Video_Fractal_2022_SelectionTime,Video_Fractal_2023_Position,Video_Fractal_2023_Rating,Video_Fractal_2023_ReactionTime,Video_Fractal_2023_SelectionTime,Video_Fractal_2024_Position,Video_Fractal_2024_Rating,Video_Fractal_2024_ReactionTime,Video_Fractal_2024_SelectionTime,Video_Fractal_2025_Position,Video_Fractal_2025_Rating,Video_Fractal_2025_ReactionTime,Video_Fractal_2025_SelectionTime,Video_Fractal_2026_Position,Video_Fractal_2026_Rating,Video_Fractal_2026_ReactionTime,Video_Fractal_2026_SelectionTime,Video_Fractal_2029_Position,Video_Fractal_2029_Rating,Video_Fractal_2029_ReactionTime,Video_Fractal_2029_SelectionTime,Video_Fractal_2030_Position,Video_Fractal_2030_Rating,Video_Fractal_2030_ReactionTime,Video_Fractal_2030_SelectionTime,conte_mean_all,conte_mean_short
b1b08961,1,1,2,32,1,16,2,53,60,3740,8666,1,1,13,90,8638,16831,1,1,24,150,3148,37162,0,0,19,30,4809,9832,1,1,58,60,5014,13831,0,1,30,60,3866,8833,0,0,63,150,3128,22997,0,2,25,0,5656,54993,1,1,14,0,3640,10165,0,1,61,30,9056,14165,0,1,11,90,3763,14998,1,0,23,0,8708,43827,0,1,43,60,4557,13998,0,0,46,60,2567,6999,0,1,12,60,3142,11831,0,0,54,30,3748,11999,1,1,5,120,3927,15831,0,0,16,0,7220,28830,1,1,42,150,3145,13332,1,0,27,0,7716,101654,1,1,36,120,2485,16998,1,1,34,0,4636,9332,1,0,22,90,4674,12832,0,1,15,0,9504,14498,0,1,48,60,7711,14665,1,0,64,210,2744,13665,1,0,57,30,4041,15665,1,1,17,60,7264,19664,1,1,6,150,3393,21664,1,1,40,60,5060,11998,0,0,51,30,3287,20664,1,1,26,30,6247,10499,0,2,47,0,6249,94989,31,90,3741,14998,29,120,3729,23830,59,0,4633,22331,37,90,2117,9665,21,150,4377,17831,60,90,6483,22164,20,30,3011,9665,41,60,4534,11999,1,0,27695,47827,7,120,11204,41662,44,120,3342,12666,10,90,4360,15332,56,60,3912,10165,33,0,4592,27830,62,90,5776,13332,50,0,4484,22164,45,30,3840,8333,8,0,20047,95154,52,30,3977,15164,3,90,4613,27829,39,150,3654,15498,2,90,5731,27663,55,30,2980,8165,32,120,3707,12165,28,90,3499,14164,38,90,540,8332,49,0,6334,147814,4,180,3767,27163,35,60,4059,17331,9,150,3403,31496,18,60,5807,11998,3.625,4
08797c9a,4,2,1,34,2,12,2,35,0,2561,15331,1,1,64,150,2861,9832,1,1,40,300,4495,18497,0,0,22,-90,34540,39828,1,1,41,-90,246,5333,0,1,13,0,4354,14331,0,0,5,0,8985,58992,0,2,48,-30,4759,17831,1,1,12,0,5539,31829,0,1,27,-180,6741,15831,0,1,59,0,5469,18831,1,0,54,0,3668,11665,0,1,44,0,8861,20831,0,0,18,0,17356,85656,0,1,21,240,9414,27163,0,0,46,0,45,7666,1,1,60,-90,3142,8999,0,0,17,-90,3521,25997,1,1,58,270,11895,29163,1,0,24,-180,4985,35662,1,1,63,-60,6279,55326,1,1,49,240,7672,19831,1,0,25,-90,1080,16665,0,1,6,90,21395,32829,0,1,36,-120,2823,9665,1,0,10,210,6275,29663,1,0,33,-180,4411,14331,1,1,38,0,8091,19164,1,1,52,120,8330,22164,1,1,20,-150,3309,11499,0,0,55,-30,177,10666,1,1,11,0,10219,17997,0,2,34,30,1717,23997,23,-120,494,11665,2,60,6780,43328,42,-120,4108,12332,43,0,240,10499,29,60,4622,13832,26,90,3597,9832,51,270,2107,14664,3,330,4188,54993,7,-30,5627,12332,37,30,3513,13498,45,120,6715,15664,15,150,6195,15998,1,420,6598,82323,61,90,2128,8332,4,30,10804,30663,47,-30,7606,16997,14,-30,9566,36828,53,0,8493,16331,31,60,3331,11332,16,120,8747,32496,19,0,39962,79157,8,0,9180,27330,28,120,10551,16831,32,210,3143,14831,57,30,2680,12998,50,-60,5392,10499,56,30,9950,36162,9,0,52990,62659,30,-210,287,7333,62,270,582,22164,39,90,4884,13331,3.5,3.833333333
a6a04d46,4,2,1,34,2,12,2,4,270,2316,15832,1,1,29,270,2471,14498,1,1,30,270,2820,22831,0,0,2,120,3738,20830,1,1,21,240,2942,14165,0,1,51,150,2612,10499,0,0,27,240,2583,14998,0,2,25,270,2663,18498,1,1,52,120,2015,9998,0,1,54,180,3038,12998,0,1,60,180,7122,25164,1,0,58,150,2664,12831,0,1,1,120,16164,53493,0,0,33,240,2812,12999,0,1,15,240,5462,22830,0,0,45,240,3425,17998,1,1,59,120,1647,12166,0,0,44,210,3668,19498,1,1,38,270,2280,14998,1,0,9,180,2206,12665,1,1,20,180,2546,13331,1,1,40,60,3357,11665,1,0,18,180,3377,16164,0,1,35,210,4045,19164,0,1,8,210,2790,13331,1,0,16,300,2892,21497,1,0,11,-240,2998,21164,1,1,10,390,3428,22497,1,1,28,240,2432,12998,1,1,53,150,2892,14165,0,0,62,300,5826,35495,1,1,26,330,2292,26329,0,2,50,180,2627,12332,43,210,3777,18164,17,120,4586,34329,34,180,5345,16498,36,270,3779,17998,31,-60,7970,12832,3,300,3579,18998,61,180,3194,17665,32,240,3686,14832,56,150,286,13998,37,210,3180,13165,7,-60,4417,20497,13,180,2820,13831,42,120,5077,15664,48,180,2909,13999,64,120,3485,12332,5,150,5381,17664,12,-150,2492,10998,47,210,89,12498,24,-120,8058,31495,14,180,3057,15665,46,210,6425,19664,6,210,6208,18497,22,210,4401,15165,57,120,3932,14165,39,240,4307,17998,55,120,5593,14998,41,30,5092,9499,49,150,3845,14332,19,210,5162,17165,23,180,4142,14831,63,-210,6261,17165,3.375,4
31bbbe06,6,3,2,33,2,16,2,57,60,5584,11665,1,1,14,30,5494,13665,1,1,41,60,4936,15998,0,0,37,90,7441,32662,1,1,25,60,6802,14831,0,1,4,30,5277,12332,0,0,1,30,27174,63492,0,2,6,60,6012,16498,1,1,12,0,9022,11999,0,1,26,90,8617,26997,0,1,39,90,7956,27163,1,0,61,60,5006,12665,0,1,20,60,4615,16331,0,0,38,60,6696,17831,0,1,13,30,9256,47160,0,0,49,60,7995,37662,1,1,10,60,7313,18331,0,0,55,90,7566,22997,1,1,23,60,7144,14332,1,0,27,60,7554,16831,1,1,2,90,9291,29329,1,1,21,60,8068,18998,1,0,16,60,8311,14998,0,1,51,90,5814,20831,0,1,29,60,2717,11498,1,0,18,60,4197,12165,1,0,43,60,9071,18498,1,1,35,60,7909,18497,1,1,50,60,5700,13165,1,1,8,60,5361,14165,0,0,53,60,12626,23830,1,1,42,90,6555,16498,0,2,47,60,7069,16831,48,60,6782,15165,60,90,8778,19164,45,60,5614,12999,31,60,6824,32829,9,60,5541,11832,44,60,7635,15165,34,60,7034,15832,46,60,7121,15332,3,30,5045,11665,32,60,5999,15498,19,60,6192,13999,28,30,4480,10832,58,90,7116,15831,40,60,6410,17331,59,60,7482,13164,63,60,4896,12498,30,60,7624,19997,11,0,4379,10332,36,60,6667,12998,62,60,6914,13332,15,60,9065,16164,7,60,6037,12498,5,30,6089,24163,17,60,9404,21497,52,60,6427,14498,33,60,5284,12998,56,90,8167,16165,24,60,7021,14832,22,60,5373,18165,54,60,7440,14331,64,60,5882,13498,3.75,3.833333333
256e516d,4,2,1,34,2,20,2,53,180,2667,15498,1,1,14,90,3910,33496,1,1,57,270,3537,20498,0,0,28,60,5119,38496,1,1,43,180,20644,38495,0,1,37,150,3326,18497,0,0,34,210,3605,27996,0,2,48,0,33466,47827,1,1,10,150,4301,21664,0,1,18,90,5422,20831,0,1,11,300,4113,26830,1,0,45,60,2702,10832,0,1,50,90,4593,18498,0,0,6,210,4233,24163,0,1,27,210,7551,30996,0,0,41,240,3228,25830,1,1,26,90,6941,20497,0,0,49,90,4392,19331,1,1,62,330,2491,31329,1,0,1,180,21290,61325,1,1,7,180,4906,25830,1,1,56,330,3267,21164,1,0,24,120,10665,44161,0,1,60,120,3846,13665,0,1,38,330,2735,28830,1,0,59,270,2647,19831,1,0,21,-90,47804,67825,1,1,19,150,4889,17664,1,1,13,150,3821,18997,1,1,35,60,4423,19664,0,0,29,60,6531,14999,1,1,33,150,3113,14665,0,2,17,0,36362,73157,63,90,5299,20164,55,90,5082,17164,61,120,4577,23331,32,90,4367,21831,9,210,3391,15498,4,120,13928,54493,5,120,7146,27997,52,120,2945,12665,42,90,5375,15998,15,60,18548,35495,58,60,4516,14332,3,120,6359,49827,46,60,2574,10666,64,90,3895,22164,47,300,2303,19497,2,90,26299,108986,44,90,5863,14498,31,120,5530,41494,25,90,7327,24830,40,120,4489,15832,12,90,6864,18498,36,60,4680,15331,16,0,12544,32829,23,90,7466,19165,20,90,2902,14332,22,90,6849,29330,8,120,11763,28330,51,30,4075,10832,30,60,12433,73824,39,90,4756,14332,54,90,3030,11166,2.75,2.833333333
1e89f3f9,1,1,2,33,1,20,2,43,120,2603,10665,1,1,58,150,3226,17665,1,1,21,270,3705,21831,0,0,24,390,3432,23830,1,1,39,120,7315,16498,0,1,18,420,3582,32162,0,0,8,330,4768,25497,0,2,42,60,4268,9332,1,1,36,150,1756,15165,0,1,61,150,6363,29663,0,1,7,330,4108,22997,1,0,17,330,3975,23330,0,1,59,180,3194,13998,0,0,50,120,4216,23164,0,1,41,60,2706,11165,0,0,22,150,2780,12498,1,1,4,210,3756,19498,0,0,30,120,16005,32163,1,1,33,360,2888,23997,1,0,34,150,3315,13332,1,1,16,360,3925,24997,1,1,54,120,5844,19165,1,0,62,180,5327,18664,0,1,52,150,9332,35496,0,1,64,150,4501,12998,1,0,35,240,2439,18831,1,0,2,30,8815,15498,1,1,28,120,4466,15165,1,1,10,30,5995,34829,1,1,20,240,3268,18164,0,0,57,180,3097,14998,1,1,48,150,4215,13498,0,2,6,-120,4799,11832,27,90,3267,13998,3,-150,4172,11999,12,-90,3867,24663,32,90,3776,13999,14,90,8261,21663,25,-120,3034,10666,13,120,9075,51994,53,30,5637,11498,49,-30,3578,9666,40,30,5081,9332,46,90,34403,53660,15,90,8136,21664,26,90,3402,8166,1,150,10358,60326,55,60,4119,10998,60,-90,5088,11832,29,-210,3306,14998,45,-60,7585,20164,31,60,3858,11497,63,30,14837,25330,38,-120,4181,12166,56,150,3791,15665,5,120,3699,14831,23,210,5144,15498,51,-60,11852,20831,44,-60,13489,19998,11,-60,6178,16831,19,90,10947,29662,47,90,7936,13332,37,150,14528,26663,9,-120,5295,21497,3.25,3.5
d55deb67,1,1,2,33,2,16,2,24,390,6405,57660,1,1,1,420,12774,66658,1,1,39,420,4732,43494,0,0,27,390,6588,54826,1,1,9,360,5142,41661,0,1,13,420,5205,43994,0,0,58,420,4026,31496,0,2,34,390,4639,44994,1,1,7,420,4581,40161,0,1,32,360,5735,45161,0,1,26,420,5813,47328,1,0,15,360,4372,37329,0,1,4,420,6331,43828,0,0,28,420,4320,46994,0,1,55,420,1634,30163,0,0,63,420,4044,38828,1,1,37,420,6060,46827,0,0,17,420,4273,40495,1,1,8,420,3894,55160,1,0,49,420,4538,44661,1,1,60,420,5931,30829,1,1,35,420,5067,40162,1,0,19,420,6402,50994,0,1,29,420,5689,47328,0,1,18,420,3829,42995,1,0,16,420,4577,42328,1,0,30,270,6951,40828,1,1,12,420,5797,38829,1,1,38,420,4400,42328,1,1,50,420,4632,57993,0,0,25,420,5587,45828,1,1,36,420,7391,42995,0,2,42,390,3896,50161,45,420,6946,43161,22,420,6034,39328,33,0,20962,79990,31,240,8634,32996,23,420,5283,60992,57,420,4698,40328,11,360,4878,32829,56,420,6843,40161,20,360,5738,94488,59,390,3598,39995,44,420,6692,44995,5,420,9337,57659,52,390,4407,58992,6,420,4452,48327,2,420,16287,61659,64,270,4220,21497,48,120,4747,34163,46,390,3520,38329,3,390,20775,58159,14,420,4915,50160,62,420,4440,31829,43,420,4246,41161,61,390,19015,76657,53,270,5197,54994,41,420,5103,38828,51,420,6580,52827,10,360,5727,51993,21,390,5832,40329,54,270,3993,32162,47,420,3368,33162,40,390,7412,58160,3.25,3.5
6ccd621e,2,1,2,30,2,18,2,5,0,5902,21830,1,1,6,30,5292,11832,1,1,2,0,99579,155481,0,0,37,30,3580,9332,1,1,24,30,9900,17498,0,1,4,120,5327,18331,0,0,10,60,5666,16998,0,2,25,30,4297,13166,1,1,54,60,3858,14499,0,1,20,30,8814,39328,0,1,15,30,6522,13832,1,0,18,0,4563,30163,0,1,36,30,9126,15832,0,0,38,30,4815,25496,0,1,33,-30,4089,8999,0,0,17,30,10028,16331,1,1,19,0,17661,44161,0,0,35,30,3250,7499,1,1,21,0,14182,15664,1,0,30,60,8192,22164,1,1,8,60,13678,22164,1,1,44,60,4825,10666,1,0,59,30,4767,10499,0,1,57,30,8146,17664,0,1,9,150,3864,16498,1,0,47,30,4409,8832,1,0,46,-60,8809,25997,1,1,63,30,5531,11499,1,1,53,30,12727,21498,1,1,32,60,4798,10665,0,0,31,30,4316,9832,1,1,41,60,5687,15331,0,2,39,-30,6460,10666,34,0,4301,15665,60,-60,5181,13498,11,-90,62923,77657,27,-30,10665,15831,14,-30,4171,10498,16,0,9616,35662,26,-30,5438,13165,50,-30,4539,8333,64,-30,5494,9499,28,0,4838,16498,12,-90,23080,29663,61,-30,6395,14831,48,-30,4951,9332,29,-60,3187,11165,42,-30,4818,8499,13,0,10731,17831,52,-30,10917,19164,7,-30,7921,16331,51,-30,5100,19164,1,-120,16643,45327,43,-90,4892,15331,23,0,6700,30996,40,-30,5833,13665,62,-30,12786,18831,22,0,6956,23997,49,-30,5200,9332,45,-30,6300,9832,56,-30,3539,10165,58,-30,7833,13165,3,-180,7029,23330,55,-60,7953,19498,4,4.333333333
99a1f00c,3,2,2,32,2,13,2,33,420,4802,36329,1,1,16,420,94351,128651,1,1,22,420,16424,50328,0,0,50,360,4293,30330,1,1,61,420,5419,34995,0,1,20,420,5236,43662,0,0,64,420,4106,32330,0,2,3,420,8389,41994,1,1,39,420,19893,52993,0,1,5,420,6462,38328,0,1,28,420,9491,39328,1,0,13,420,173577,200308,0,1,29,420,54730,89655,0,0,23,420,95230,127650,0,1,60,420,5135,32329,0,0,43,90,4869,14332,1,1,25,420,4791,50660,0,0,30,420,39758,73657,1,1,52,420,3321,29663,1,0,63,150,6856,20331,1,1,19,420,17591,49660,1,1,41,180,4872,39328,1,0,11,420,19771,62659,0,1,32,420,7559,38662,0,1,42,150,4699,23997,1,0,21,420,27538,65658,1,0,47,300,5766,28663,1,1,17,420,3911,37662,1,1,18,420,6092,39995,1,1,57,420,3973,31662,0,0,58,420,6540,34662,1,1,8,420,4289,39995,0,2,12,420,909188,939214,48,330,6760,28996,44,270,3644,19998,53,210,2792,24330,38,420,7424,40995,46,300,1757,18332,7,420,133059,260300,49,360,22442,48661,9,420,6686,41662,31,420,5146,36662,54,420,2396,30996,1,420,18515,63326,59,420,11719,39328,24,420,5787,43328,56,420,20510,48661,34,420,32644,63992,26,420,10471,37662,27,420,57501,82323,4,420,5962,42995,55,420,5714,31329,40,420,6152,36996,10,420,4598,43661,2,420,6153,46327,36,420,21549,64659,14,420,289418,322959,15,420,106,31329,6,420,3221,30329,37,420,10679,43661,45,420,3495,33663,35,420,3973,39662,51,300,4764,26664,62,180,17145,35329,4.375,4.833333333
aa61387f,1,1,2,32,2,16,2,39,0,4779,19497,1,1,47,0,3087,11332,1,1,46,0,4653,14831,0,0,50,0,7954,14832,1,1,62,0,4165,10165,0,1,58,-30,2664,6666,0,0,3,0,6531,19830,0,2,25,0,12021,21164,1,1,57,0,27178,45827,0,1,44,-180,4694,12332,0,1,52,0,4224,25497,1,0,6,0,4379,19831,0,1,24,-120,7347,17331,0,0,14,0,5919,20164,0,1,2,-180,9923,30829,0,0,41,0,6198,15165,1,1,48,0,5784,22164,0,0,21,0,3291,11166,1,1,9,-270,7094,21497,1,0,36,0,14383,28663,1,1,45,0,3291,16665,1,1,12,0,3523,12665,1,0,63,0,6366,14332,0,1,11,-30,5073,17165,0,1,28,0,8527,21164,1,0,7,-180,5455,17664,1,0,13,-90,4307,18831,1,1,5,-60,4949,19997,1,1,19,-210,6324,22497,1,1,38,0,4217,16665,0,0,64,-90,8712,16832,1,1,54,0,3891,14498,0,2,10,90,5548,19831,34,120,4014,22164,8,120,4452,11832,17,30,5162,18831,4,150,3571,10833,22,60,3783,19998,56,90,3729,7165,43,-150,4133,12498,26,180,3432,10665,33,-30,3362,18498,1,120,5231,14665,27,180,5208,14332,53,180,3198,14664,29,0,2891,18998,30,150,4167,12998,20,0,3428,14498,23,0,9936,25163,51,0,3689,11331,42,-90,6047,18997,49,150,3058,13498,32,150,4753,24330,31,210,9290,21497,35,150,6777,14165,61,240,2406,15665,16,180,7235,16831,15,120,3773,12665,60,60,2944,6999,18,0,3699,15332,40,60,4519,9832,37,60,5984,15498,55,120,4393,11831,59,30,3049,7166,3.5,3.833333333
52aa08e7,2,1,1,29,1,16,2,39,90,2648,12332,1,1,17,60,1871,8165,1,1,29,150,2144,10499,0,0,25,60,3190,8000,1,1,16,0,4644,7665,0,1,45,-60,2739,6832,0,0,51,0,3753,16165,0,2,34,60,2128,6666,1,1,61,60,2448,6832,0,1,30,30,5221,14665,0,1,4,90,11350,22497,1,0,53,150,2448,10998,0,1,62,180,8390,25996,0,0,26,30,2244,6166,0,1,24,-210,2505,13165,0,0,13,30,6135,15332,1,1,23,30,2520,7000,0,0,6,30,11441,15331,1,1,33,-150,2563,8999,1,0,44,-60,5794,10499,1,1,3,60,5771,14831,1,1,63,120,2226,11498,1,0,56,60,2489,7332,0,1,46,0,5496,5500,0,1,37,0,3237,3333,1,0,2,0,35354,35829,1,0,59,-120,3590,8832,1,1,43,30,10695,17165,1,1,19,90,3099,7499,1,1,32,60,18876,23664,0,0,49,60,2665,7166,1,1,54,60,2793,8332,0,2,8,60,3959,11999,50,210,4557,17831,11,210,2960,17331,12,60,2970,9499,47,120,3207,10832,15,-90,3287,21831,21,30,3609,9166,7,-60,10551,29663,18,150,3427,19665,5,-60,6927,28829,28,150,4057,12498,55,180,9473,18831,42,210,3099,13498,31,120,2897,13665,38,150,2738,14498,10,180,3484,15665,57,-90,3024,9666,35,30,1429,9332,64,90,10902,18664,48,210,3147,15998,20,210,3701,16331,60,-270,3153,16831,27,60,3168,8666,22,150,6260,17665,14,90,4161,13165,9,120,3061,12498,58,-120,3363,9332,40,-30,11816,24996,52,300,2532,16497,41,90,4720,10832,1,120,22703,48494,36,210,2651,17164,1.875,2
21fbc6a9,2,1,2,33,1,17,2,5,270,2993,28996,1,1,34,30,7501,16832,1,1,36,120,7559,16665,0,0,3,270,5376,23664,1,1,31,150,4381,13499,0,1,23,-60,12551,35662,0,0,1,330,8620,45161,0,2,20,90,3709,9666,1,1,18,0,12639,73490,0,1,30,240,2875,13498,0,1,19,150,2956,19664,1,0,15,150,5903,20830,0,1,12,180,4861,17331,0,0,10,-90,4865,14165,0,1,28,60,5256,11832,0,0,21,30,5409,37328,1,1,13,360,3768,23663,0,0,35,30,5817,9666,1,1,11,-60,4131,11166,1,0,29,30,6615,51660,1,1,22,-60,3128,9665,1,1,2,90,3650,15331,1,0,14,0,6556,37829,0,1,32,30,4953,9998,0,1,7,-120,3091,12499,1,0,26,30,4075,10999,1,0,4,0,7657,38662,1,1,16,-30,12314,17497,1,1,25,30,5127,12166,1,1,8,120,3723,9499,0,0,9,-90,6586,11332,1,1,27,60,9318,90488,0,2,33,150,4629,11665,37,60,7785,16665,17,90,3695,10665,6,90,8343,31829,24,0,6473,71491,,,,,,,,,,,,,,,,,,,,,,,,,,,,,,,,,,,,,,,,,,,,,,,,,,,,,,,,,,,,,,,,,,,,,,,,,,,,,,,,,,,,,,,,,,,,,,,,,,,,,,,,,,,,,4.125,4.166666667
28be6eac,3,2,2,31,2,12,2,40,270,4728,37162,1,1,50,300,3533,31663,1,1,35,240,5011,23164,0,0,48,270,5816,37828,1,1,1,90,26186,101320,0,1,28,270,2975,28330,0,0,61,300,3243,25497,0,2,31,270,4082,29496,1,1,17,180,4205,27663,0,1,38,270,4817,33496,0,1,10,180,4008,22830,1,0,44,240,4561,43494,0,1,41,270,4700,26663,0,0,49,270,394,31329,0,1,33,270,4814,43161,0,0,62,300,6300,30996,1,1,39,270,5225,41994,0,0,60,300,2668,25663,1,1,58,180,3319,16997,1,0,27,270,7997,25330,1,1,30,300,4395,34995,1,1,26,240,7085,29996,1,0,4,150,6263,56826,0,1,53,300,6638,32329,0,1,3,150,5517,39161,1,0,16,210,5968,48160,1,0,56,210,3889,31329,1,1,46,300,5468,28329,1,1,37,270,5634,41661,1,1,51,300,3256,27663,0,0,24,210,4042,27997,1,1,13,150,7334,34995,0,2,5,90,7411,43327,6,180,3765,31830,34,180,3117,23664,11,-30,2457,25164,57,0,7778,9332,25,240,3690,24663,12,-60,8177,21164,63,210,3285,18998,52,210,4695,39995,59,180,11592,26997,32,270,3843,44494,8,90,5128,20498,29,210,2908,22997,21,150,3666,19664,15,180,4426,33662,23,0,10783,39495,2,120,18866,37162,22,0,7767,39829,7,0,5823,28830,64,0,7432,31663,20,240,3522,35162,19,240,3370,23163,36,210,3358,24163,55,60,9655,30829,14,210,3320,19998,54,300,3920,28663,9,120,3161,15831,43,180,4218,24664,47,150,4303,20664,18,0,3796,9999,45,180,4441,26330,42,270,5410,27330,3.625,3.5
4c4a4977,2,1,1,28,2,18,2,29,0,3576,10997,1,1,44,0,3331,3799,1,1,61,150,6188,16396,0,0,48,0,8060,25593,1,1,1,0,13753,43789,0,1,50,180,3437,11597,0,0,54,0,3878,14596,0,2,51,0,3827,3999,1,1,46,0,3278,24594,0,1,53,0,3507,16196,0,1,9,150,4487,18396,1,0,21,-60,3856,49987,0,1,35,0,4473,14196,0,0,25,0,3575,13197,0,1,31,0,5118,5199,0,0,6,0,3400,24794,1,1,10,0,3239,26193,0,0,39,0,4057,4199,1,1,30,180,3397,16196,1,0,43,0,4037,27393,1,1,3,0,5636,5798,1,1,45,120,3649,8398,1,0,36,0,3523,10197,0,1,47,0,3149,18995,0,1,7,210,3844,17396,1,0,13,270,3068,24194,1,0,55,0,4589,11397,1,1,28,0,3701,35591,1,1,60,0,4669,4798,1,1,41,150,3267,10997,0,0,63,0,3890,3999,1,1,37,0,3614,3999,0,2,23,270,3369,18995,16,270,3588,20595,20,300,4033,23794,59,210,7917,22394,18,270,3224,23794,14,210,3431,17995,40,240,2716,13597,4,210,5056,19595,57,180,4222,16196,33,240,3508,18595,64,210,5808,16396,24,270,3871,20994,22,270,2827,17995,12,240,2425,19995,26,240,5635,21394,34,270,3362,19396,27,300,2878,17995,11,240,3513,17995,32,240,4567,16796,52,210,4436,16996,2,240,6632,29193,17,270,3161,22794,56,210,3660,16595,62,210,3120,11997,5,150,2569,16196,38,330,3823,26593,58,240,3924,17396,8,240,2916,16396,49,240,4355,16396,19,270,8148,29192,42,180,3077,12397,15,210,12014,25594,3.75,4.166666667
2ed80260,6,3,2,33,5,16,1,52,-180,3260,13165,1,1,5,180,6954,25164,1,1,30,30,9411,20498,0,0,32,-270,3390,22998,1,1,24,-420,5146,25163,0,1,22,-210,4321,15331,0,0,35,30,4739,10499,0,2,51,-420,3585,27996,1,1,47,-120,3921,9166,0,1,43,-150,5541,16164,0,1,46,-210,3697,11665,1,0,59,-120,3693,9332,0,1,58,-60,4480,10333,0,0,45,0,4052,9666,0,1,13,-420,4263,24663,0,0,23,-120,4491,15332,1,1,49,-420,3527,24164,0,0,11,-360,5501,26663,1,1,1,-420,11562,48994,1,0,2,-420,8257,28829,1,1,37,-420,3341,22997,1,1,54,-420,3104,23997,1,0,26,-420,3667,22998,0,1,53,-420,4511,25330,0,1,57,-90,3757,9666,1,0,64,-420,2650,23497,1,0,61,0,6961,31829,1,1,8,0,19693,60326,1,1,40,-420,3335,26664,1,1,38,0,39110,54993,0,0,27,60,7555,17665,1,1,29,-270,4690,18165,0,2,20,90,4653,11498,39,0,5619,11165,18,0,10895,30163,17,0,5592,21831,25,150,5719,15498,4,180,7366,26164,19,30,3214,10332,44,0,11122,20830,15,60,4565,11331,6,0,7345,13665,36,90,3601,11498,60,30,8832,13998,48,30,5892,14498,62,0,3896,4499,33,90,9692,20331,42,0,3767,8999,31,60,7194,12999,55,0,33469,48327,34,90,3773,13164,56,30,4329,11832,3,60,11809,21997,28,90,7398,23331,21,30,5376,10498,41,0,11858,33996,7,270,6325,25330,50,0,10101,28996,63,30,3962,8832,9,0,10128,82156,10,-30,4038,11498,16,30,4668,9332,12,-90,6132,13498,14,-150,4379,16831,3.5,3.666666667
391d7aff,4,2,2,28,5,12,1,8,0,12392,24194,1,1,40,0,11284,23394,1,1,23,0,16691,29193,0,0,10,0,12385,20195,1,1,16,0,9751,15796,0,1,4,0,14821,30593,0,0,21,0,15314,23194,0,2,42,0,8559,13997,1,1,39,30,23340,29993,0,1,52,0,20282,28793,0,1,64,0,17737,24794,1,0,41,0,9927,17196,0,1,55,0,10993,22194,0,0,20,0,17920,26993,0,1,25,0,15487,16996,0,0,60,0,15158,15796,1,1,48,0,20900,28993,0,0,34,0,16910,17596,1,1,50,0,15267,16196,1,0,2,30,27440,27993,1,1,17,0,14804,23194,1,1,44,0,10390,18795,1,0,27,0,20045,20195,0,1,9,0,11271,22594,0,1,51,0,17068,25394,1,0,32,0,21341,28793,1,0,13,0,15815,15996,1,1,45,0,16902,25594,1,1,38,0,11568,17596,1,1,62,0,19421,28392,0,0,53,0,20256,26793,1,1,58,0,20509,29393,0,2,37,0,20543,30392,7,270,13986,31992,6,0,17342,27393,26,0,24349,33191,47,0,7761,7798,5,330,6757,30192,22,150,5388,18795,15,180,11578,23194,36,0,26476,35990,3,120,11926,31792,33,420,5266,25194,31,30,18336,26393,46,150,4227,25993,61,0,16160,17795,35,420,6602,27993,24,90,9607,18196,49,0,16656,16796,29,90,9512,21394,14,0,18916,19595,12,0,12231,22994,43,0,14129,14996,28,420,3238,26193,18,0,17336,17395,63,0,7156,13596,59,420,5764,26193,1,240,22567,67583,11,150,8318,22395,57,0,13820,49188,56,0,13567,21595,30,0,13446,13596,19,0,11478,20795,54,180,8370,20794,2.375,2.166666667
428c5d12,3,2,2,32,2,14,2,15,420,4587,30663,1,1,58,120,29700,62992,1,1,42,420,5946,30329,0,0,61,0,28766,52494,1,1,22,0,9217,33663,0,1,4,0,37744,113652,0,0,29,0,42829,58326,0,2,13,0,5895,21497,1,1,49,120,42795,63659,0,1,35,420,10204,42161,0,1,19,420,9805,44494,1,0,26,0,15441,30663,0,1,40,0,112122,305128,0,0,44,60,19291,86989,0,1,51,180,13563,67825,0,0,10,0,12088,43495,1,1,20,420,4935,37496,0,0,1,30,11334,48827,1,1,64,420,6553,38828,1,0,57,270,11055,61492,1,1,25,150,9476,35662,1,1,39,0,38073,402448,1,0,37,180,64933,109652,0,1,9,420,4770,33996,0,1,7,0,9544,33496,1,0,14,420,3575,33995,1,0,34,0,15128,21831,1,1,3,420,14587,51827,1,1,55,150,7663,59993,1,1,48,60,141546,163979,0,0,41,420,9485,34496,1,1,43,420,5544,39162,0,2,11,0,9028,35496,31,0,12546,23331,21,0,15750,45160,62,0,233873,317126,53,0,63808,139816,56,0,273984,283963,33,0,12510,16165,59,90,17362,416113,8,0,10989,37328,63,180,16572,32163,24,0,11029,24330,23,0,33258,47493,18,0,36398,75490,6,420,8583,33329,27,0,29271,32829,28,0,13710,110985,47,0,254394,290295,2,0,32694,69324,54,0,12013,18664,50,0,148143,305961,5,0,20609,45994,12,0,15560,41162,60,60,153601,191476,36,0,97076,129983,46,0,58868,103987,32,0,14716,29163,38,0,74503,134316,17,0,39473,60492,30,240,19893,42828,52,0,151862,242469,16,0,24818,57326,45,0,24636,57659,3.875,4.166666667
af5ca04b,2,1,2,32,1,16,2,34,60,3339,9499,1,1,47,60,7909,13665,1,1,19,390,3134,27497,0,0,58,0,1168,3666,1,1,64,90,4058,10166,0,1,59,270,1,16332,0,0,57,90,8410,20164,0,2,50,150,2853,12165,1,1,25,150,4768,19331,0,1,41,30,4052,25164,0,1,55,270,2216,17165,1,0,36,210,3072,14498,0,1,10,240,3739,32496,0,0,13,210,3157,16498,0,1,37,420,3142,30996,0,0,63,150,3949,12999,1,1,2,300,8115,42994,0,0,28,90,4825,11499,1,1,38,420,4699,32329,1,0,3,-240,3415,21831,1,1,5,300,134,20664,1,1,43,90,3548,15498,1,0,56,150,3758,11665,0,1,32,150,3164,12332,0,1,44,180,3487,17164,1,0,18,240,3314,20997,1,0,49,-30,2687,22831,1,1,6,360,3767,30996,1,1,46,180,3014,14165,1,1,42,150,2322,21331,0,0,23,210,4065,16665,1,1,8,270,3197,20498,0,2,29,0,4842,26830,15,-180,4457,19997,21,-270,264,16831,54,-240,3663,16164,7,0,687,22663,39,60,4193,11498,40,-180,4028,12332,31,90,546,10998,60,0,4087,5666,33,90,174,9666,48,-120,3158,9499,35,120,3933,14998,4,180,3582,17165,52,-240,4211,18664,24,150,3394,23330,26,-210,4995,14665,30,-120,3708,13665,1,150,26857,48660,51,-180,4259,12332,16,-330,3694,24664,14,-240,3324,20831,62,90,6573,11998,53,-150,2264,10332,11,-360,3604,23664,45,-120,3664,14832,20,90,2917,33496,12,-330,1714,21664,9,-240,3746,17331,22,-300,2735,17331,61,0,4955,4999,17,210,4135,15498,27,0,6325,22997,4.5,4.333333333
6d2d041b,1,1,2,29,1,19,2,28,-90,5039,12665,1,1,3,-90,26238,42162,1,1,22,-120,5452,15165,0,0,52,-90,3712,10666,1,1,50,-210,4624,16165,0,1,21,-180,4099,19164,0,0,60,-120,4227,11666,0,2,51,-60,5178,10832,1,1,54,-150,3522,12165,0,1,1,-240,21809,115819,0,1,39,-120,6979,28996,1,0,34,-150,4026,17498,0,1,2,-150,20695,50493,0,0,26,-120,4393,12831,0,1,40,-270,3585,17164,0,0,15,-90,5410,12499,1,1,55,-210,3737,12998,0,0,59,-90,3625,12166,1,1,16,-210,3549,15832,1,0,12,-270,5299,23331,1,1,47,-120,3457,11499,1,1,53,-60,4580,10998,1,0,7,-210,5031,19497,0,1,31,-180,5213,18831,0,1,9,-90,3240,12832,1,0,56,-120,2816,10165,1,0,8,-210,10247,22997,1,1,24,-180,5307,19831,1,1,37,-210,4237,15164,1,1,64,-90,4357,18331,0,0,19,-120,5964,16164,1,1,33,-120,5471,14331,0,2,11,90,3786,11166,58,300,4029,20497,43,60,14563,27330,35,120,7389,20164,61,210,7592,20164,18,180,5227,16498,46,210,4537,18997,30,180,8353,21331,62,240,4789,22997,13,90,4758,10832,23,120,4972,15332,10,180,5410,18664,6,240,3577,22664,4,120,12135,36662,14,240,5445,18498,27,210,6289,23997,5,150,5787,26496,48,90,5232,9998,41,180,10479,29997,20,90,14306,21497,38,150,7338,30496,49,270,6041,20164,44,60,6608,13165,32,270,5953,26830,25,90,7714,17498,63,90,5913,10832,42,240,3763,17664,45,120,12674,21997,17,90,5383,12166,36,90,5619,13498,29,60,7598,14831,57,150,5966,18498,3.625,3.5
7c1f7da9,1,1,1,32,1,12,2,58,180,3797,25330,1,1,15,210,6276,38161,1,1,6,60,7899,22830,0,0,18,-180,3037,19164,1,1,40,120,3740,23331,0,1,60,-330,3904,29996,0,0,57,90,6643,21664,0,2,4,150,8785,39162,1,1,51,60,14010,27997,0,1,31,300,8236,33662,0,1,62,120,3769,17165,1,0,42,180,6257,20997,0,1,61,-270,4208,25997,0,0,7,-120,5970,22664,0,1,8,-270,5079,26830,0,0,25,-270,3467,35663,1,1,54,-180,33854,69325,0,0,29,150,3807,25330,1,1,16,-360,4659,34162,1,0,26,120,3605,18664,1,1,37,240,4286,50161,1,1,23,-180,3168,23497,1,0,39,90,23165,139315,0,1,46,120,6114,32329,0,1,24,-60,5198,13165,1,0,20,-240,3629,20498,1,0,59,-180,3810,25996,1,1,22,150,4297,33829,1,1,3,-240,9022,45161,1,1,10,-60,5208,20164,0,0,47,210,4311,27830,1,1,44,150,11854,34163,0,2,19,360,4544,27663,34,330,23055,69491,13,180,5950,29330,30,420,3808,34829,41,420,3998,24497,56,360,3586,28663,63,420,2813,23831,36,420,10518,53992,32,360,118691,139982,55,180,5106,23497,50,420,6907,28997,52,420,4945,22330,38,420,7077,38662,17,210,4196,23164,2,420,7580,37995,1,330,14780,82323,14,180,7284,23496,28,330,5802,26163,12,210,5052,27663,53,300,5155,32496,5,330,6429,59826,27,420,3471,31329,49,420,206,23163,43,420,991,29996,11,420,4978,32829,45,420,2725,28330,21,390,3061,35662,48,420,2333,26497,64,420,3162,32329,33,330,79810,109486,9,300,3335,24664,35,330,17738,55160,2.875,2.833333333
fe23b7ed,1,1,2,25,1,16,2,5,390,3767,35496,1,1,60,360,2450,26497,1,1,49,330,535,21830,0,0,41,210,3198,20331,1,1,34,90,3867,17664,0,1,20,210,3592,24164,0,0,59,300,263,16331,0,2,52,210,2887,40495,1,1,26,390,20,38162,0,1,56,180,3065,17831,0,1,30,360,4988,27163,1,0,58,300,2963,29662,0,1,61,180,4817,14665,0,0,15,420,2847,42328,0,1,13,270,3998,27829,0,0,3,270,5779,24663,1,1,47,210,3092,18664,0,0,45,270,781,31996,1,1,33,180,3168,20498,1,0,48,210,3932,25164,1,1,38,330,2925,21497,1,1,17,210,4190,17498,1,0,10,390,3964,28663,0,1,50,210,4295,17831,0,1,27,330,3136,25330,1,0,1,390,19022,65825,1,0,46,-60,3938,52160,1,1,64,300,3924,24164,1,1,8,420,2299,36162,1,1,36,240,2991,25497,0,0,35,360,120,22664,1,1,43,270,2095,18498,0,2,9,120,3167,13831,39,150,2952,20330,31,-30,5397,13665,16,-180,4320,36162,11,180,7048,26996,37,150,3381,32663,18,120,10737,23331,2,150,5968,35163,44,150,4418,14331,54,-150,3159,17331,4,150,3651,24330,63,-120,5656,16498,28,-150,3070,13665,42,120,6572,23831,14,240,4860,19497,19,90,5531,31996,24,-60,2929,25330,29,120,3450,19998,51,-150,4278,12999,23,-240,3224,34829,25,300,3043,25663,40,-150,1027,15832,6,-120,3932,28996,32,-90,4194,16165,21,300,4657,33663,62,150,3760,12498,55,-210,3098,16498,12,-90,3363,16332,53,180,656,18164,7,-60,5170,17498,57,120,998,14832,22,-120,3077,15831,4.25,4.666666667
224018b2,3,2,1,25,2,15,2,4,150,4592,25664,1,1,30,210,27150,55826,1,1,34,390,3191,39995,0,0,3,0,20192,42994,1,1,9,-150,14455,42328,0,1,42,360,3085,22164,0,0,31,150,20120,31496,0,2,64,-60,3951,10998,1,1,35,330,3001,25497,0,1,36,210,3862,17831,0,1,56,420,2584,39161,1,0,59,150,13315,41661,0,1,27,360,5622,29496,0,0,54,240,9661,59826,0,1,14,240,3352,47161,0,0,20,-60,6491,16665,1,1,11,30,19534,38662,0,0,15,60,30028,45827,1,1,45,420,2590,25830,1,0,50,150,8837,20498,1,1,5,60,4585,20997,1,1,17,420,3858,30496,1,0,38,60,4021,7665,0,1,6,210,4937,21164,0,1,12,420,2720,33163,1,0,57,420,3081,27163,1,0,21,-30,24140,28330,1,1,8,0,30955,50327,1,1,53,180,18228,39495,1,1,48,390,6524,33163,0,0,51,90,3115,13498,1,1,33,210,16395,28163,0,2,37,240,6041,19331,62,360,3859,34996,49,330,8080,38828,44,330,5834,34829,23,360,2798,22331,19,240,3148,19331,25,390,4527,28997,43,330,5033,35496,39,420,3030,28829,55,240,3883,17331,13,330,10652,31330,40,360,5683,25163,29,360,6382,158647,61,360,2568,25163,1,300,16190,41995,32,300,3319,22997,47,330,5832,32163,63,90,7872,22330,41,330,6118,24830,7,300,5322,31163,52,240,5278,22164,2,240,4943,18164,60,330,5570,55826,22,180,31860,43161,26,420,4867,34496,58,210,6145,22997,46,360,5091,27830,10,60,5545,15165,28,390,5256,35495,24,390,7287,34662,18,60,52333,57993,16,-30,14582,39662,3.5,3.833333333
33cb3b25,4,2,2,28,2,18,2,63,210,3724,14831,1,1,16,150,5075,11999,1,1,1,420,13000,48660,0,0,10,-60,3922,18831,1,1,11,90,4629,11166,0,1,27,30,5893,18164,0,0,31,150,2,7666,0,2,55,120,4950,15331,1,1,18,-60,3545,7832,0,1,42,-60,6640,14331,0,1,46,420,4796,27996,1,0,60,210,3386,15331,0,1,39,420,3860,32496,0,0,51,0,7490,27829,0,1,8,-90,67930,91821,0,0,5,-180,4208,17498,1,1,59,60,2795,10665,0,0,56,300,3776,19997,1,1,35,270,2132,15832,1,0,64,90,4130,9832,1,1,17,60,6824,10999,1,1,43,90,10996,17664,1,0,30,-60,4616,8499,0,1,28,60,6218,11165,0,1,3,420,5594,32829,1,0,41,270,4211,19998,1,0,6,-90,5695,15831,1,1,32,210,14358,37162,1,1,4,0,4982,15831,1,1,26,120,3130,8166,0,0,15,-90,4123,9665,1,1,48,180,5933,24830,0,2,52,0,4551,17664,38,90,3929,10999,12,0,9044,33495,20,60,6248,23831,58,-90,4809,9832,61,-210,3935,15998,14,-210,3565,13499,7,-330,3617,21664,13,0,4460,32329,9,90,6983,16998,2,120,5460,24997,33,-90,11028,19997,23,-90,5292,12331,57,-90,2416,13498,62,-240,1625,15998,50,-210,10026,21664,40,-180,2099,11999,29,-60,8720,12665,37,90,3314,11165,34,-330,3025,20164,47,-330,5283,23497,24,-150,6098,14331,19,-120,4244,20997,45,-120,4419,23497,22,-120,4210,10832,25,-120,3607,11832,49,210,4554,16665,54,-60,3653,10999,44,-60,9246,14498,53,-420,172,25497,36,-120,5447,14332,21,-90,1081,8165,4.25,4.333333333
3760ffd8,1,1,1,28,1,16,2,36,150,11358,22997,1,1,2,120,20050,35662,1,1,8,180,2525,17664,0,0,57,0,2888,13998,1,1,18,120,4814,14165,0,1,40,90,9612,17498,0,0,27,90,2399,8665,0,2,21,60,2402,8999,1,1,24,150,3386,12332,0,1,32,30,5898,18664,0,1,42,120,5658,27496,1,0,16,150,7166,17665,0,1,4,150,4639,23997,0,0,55,150,2841,13998,0,1,29,90,13154,21664,0,0,51,0,3658,19831,1,1,14,60,119843,153147,0,0,11,150,7093,33329,1,1,31,60,28566,38995,1,0,58,0,3000,3166,1,1,50,120,5471,19997,1,1,17,180,5564,19498,1,0,39,150,3567,13332,0,1,15,-240,16588,29496,0,1,64,90,9677,28997,1,0,52,150,6858,19998,1,0,28,90,3087,13831,1,1,6,180,2426,16331,1,1,23,-210,4256,24497,1,1,12,150,3288,14998,0,0,33,150,2428,11499,1,1,34,150,4533,14832,0,2,19,-240,4477,17331,46,120,3726,15998,13,-120,13277,36162,54,90,3547,13332,30,60,4770,14332,22,180,2810,17331,20,-90,2393,10665,47,90,5139,12499,10,-240,9493,28664,41,150,3975,14331,60,150,3168,17331,26,90,4355,10499,38,-120,4037,16997,49,150,4510,17331,1,-300,18403,49660,9,-240,3432,15331,44,90,3744,11832,3,-300,3808,23663,35,150,2632,12332,37,-180,3044,18331,63,150,2607,13998,43,120,4215,10999,45,120,3700,12665,48,150,3281,25996,56,60,3133,11666,53,150,3247,19331,59,120,3464,27829,25,-30,4265,12165,62,180,3538,14665,61,150,2691,13831,5,-210,11282,25663,7,-90,3425,26496,4.375,4.333333333
f436f16e,4,2,1,28,1,16,2,35,0,10634,19664,1,1,30,0,3607,10165,1,1,3,0,13837,89822,0,0,54,0,2949,8165,1,1,42,0,1142,6333,0,1,58,0,4149,8333,0,0,6,0,5766,20164,0,2,9,0,4501,22331,1,1,51,0,3614,9499,0,1,31,0,3755,8499,0,1,11,0,3798,11165,1,0,47,0,4272,8999,0,1,25,0,4607,19331,0,0,40,0,4642,9832,0,1,22,0,7076,37828,0,0,59,0,3680,3833,1,1,5,0,8497,34995,0,0,41,0,3814,8499,1,1,56,60,10945,15165,1,0,32,0,3380,8666,1,1,17,0,5802,31829,1,1,23,0,3510,14665,1,0,37,0,3640,9832,0,1,28,0,4263,14331,0,1,10,0,4523,5000,1,0,4,0,4292,12332,1,0,19,0,4069,19831,1,1,38,0,4110,9332,1,1,45,0,5006,11999,1,1,64,0,11201,17665,0,0,44,0,9031,26163,1,1,53,0,4128,4166,0,2,52,60,5383,10332,7,120,4229,15331,24,30,2931,40495,26,90,3447,11999,61,90,7750,14665,60,90,4394,9499,57,60,9201,21830,16,120,4876,13831,33,90,6956,13665,13,120,5854,23830,39,90,6697,12332,1,270,16455,127484,15,120,3690,14665,50,120,4544,20997,14,120,4704,15998,34,90,3765,15331,18,90,3447,11999,36,90,4862,12332,55,90,3878,8332,8,120,3535,14331,49,90,918,15998,27,150,3685,12998,46,60,3516,8666,20,90,4249,13165,48,0,14914,21831,2,210,8862,109152,21,90,3518,9166,12,150,3281,14832,63,60,8731,17164,43,90,4453,10499,62,90,8697,13499,29,0,3726,9666,3.25,3.5
f427f454,3,2,1,29,2,16,2,44,60,7719,14498,1,1,60,240,997,15498,1,1,35,180,1593,6666,0,0,27,0,5247,5333,1,1,24,60,3991,11165,0,1,49,60,4456,9499,0,0,47,180,4104,17831,0,2,36,60,61,8499,1,1,25,60,4393,10166,0,1,40,-420,3107,24830,0,1,4,90,7408,16997,1,0,46,60,7483,13332,0,1,17,30,4780,63825,0,0,58,90,2303,12665,0,1,8,-420,2819,24163,0,0,5,-90,8018,20664,1,1,29,-420,1855,26663,0,0,62,60,3902,8166,1,1,53,-420,586,25330,1,0,43,-90,9904,41162,1,1,61,60,7427,12499,1,1,23,30,9392,38828,1,0,56,30,5858,17997,0,1,54,-90,6285,13998,0,1,9,30,5096,12332,1,0,1,-120,25405,71158,1,0,51,-30,11664,36496,1,1,57,30,8234,19498,1,1,55,-420,497,24996,1,1,10,0,4525,4832,0,0,2,-60,8434,23330,1,1,33,330,6579,33163,0,2,15,0,2987,2999,13,360,2085,18497,16,150,2498,11831,45,0,4082,20831,18,120,9116,15664,50,60,5248,11332,34,90,5707,14498,32,90,7457,10665,52,330,8023,25663,41,90,7366,24497,48,60,7038,15498,42,60,4083,9332,30,60,8389,14165,12,120,3414,11499,28,420,2878,22164,20,90,3092,9165,22,90,4461,8999,59,30,3446,9666,11,420,2559,20664,21,270,2611,15165,31,150,2545,7499,39,60,2573,13665,3,150,14785,31663,14,90,3928,7999,26,120,3328,8999,63,300,3186,15165,6,270,1901,17164,7,120,6475,33662,64,90,7823,16664,38,0,5768,29330,37,90,1806,8832,19,150,7892,19664,3.5,3.666666667
226badd3,1,1,2,29,2,12,2,24,-30,5892,12331,1,1,21,-30,7902,22331,1,1,53,-60,4666,8999,0,0,15,0,5659,15664,1,1,56,60,6050,11165,0,1,3,0,6844,23997,0,0,42,30,2813,7165,0,2,49,30,5374,9332,1,1,46,-60,10180,22163,0,1,39,-60,6103,15831,0,1,52,60,6417,10999,1,0,27,60,4633,10499,0,1,45,30,7192,11999,0,0,30,30,8360,19164,0,1,29,-30,10276,19330,0,0,26,30,3873,9998,1,1,4,-30,4549,11665,0,0,13,30,8176,19830,1,1,33,60,9240,14164,1,0,50,-30,6966,11499,1,1,58,-90,4998,10832,1,1,6,120,5164,41161,1,0,17,0,10713,11665,0,1,55,30,7537,13998,0,1,25,-30,5639,13998,1,0,18,0,5845,22664,1,0,5,-120,7155,24164,1,1,41,60,5128,10498,1,1,59,30,4493,8499,1,1,10,30,9868,36328,0,0,60,30,3001,6666,1,1,35,-30,8069,17831,0,2,22,150,4633,28663,51,120,5578,13498,23,60,7540,14165,62,210,4146,12831,37,120,5985,12999,20,-60,3611,11165,2,240,5218,28830,63,210,4724,14831,57,210,4626,16832,47,-30,3953,9999,40,150,4677,12165,38,120,6667,18831,19,240,4142,37162,64,420,3937,29663,54,120,4031,9832,7,420,3777,28496,43,30,3312,7333,9,300,4622,21498,8,210,6125,19998,48,-60,5769,13332,16,270,4359,53826,1,390,20459,64159,32,90,5359,10498,31,150,4766,12332,11,390,4827,29829,28,150,5944,16331,61,240,3952,15664,36,150,5919,12665,44,330,4015,27164,14,180,4719,28163,34,150,4280,16665,12,330,4042,22831,3.125,3.5
72c54bcf,4,2,2,28,2,14,2,57,0,3221,21164,1,1,44,180,629,15664,1,1,40,-60,3069,17331,0,0,38,-60,6345,9499,1,1,46,0,7953,18164,0,1,31,-210,1927,15498,0,0,18,-300,4489,18664,0,2,29,-90,3269,8999,1,1,36,0,6421,34329,0,1,39,0,4392,25830,0,1,6,-300,4691,19664,1,0,54,0,2906,3000,0,1,41,120,3343,15665,0,0,25,0,10166,38995,0,1,49,0,16354,26996,0,0,5,0,28853,47327,1,1,35,-210,2272,10665,0,0,10,0,9492,45661,1,1,14,180,3460,13499,1,0,56,-120,3622,9998,1,1,20,180,7197,17331,1,1,45,210,3058,15832,1,0,9,-420,3212,22831,0,1,1,420,32310,110486,0,1,17,-420,1875,24330,1,0,37,-120,15939,30663,1,0,60,-210,5827,31329,1,1,30,30,10954,26663,1,1,34,0,8527,8665,1,1,13,0,8545,32996,0,0,12,390,2044,25330,1,1,47,180,1966,11499,0,2,3,120,7244,23330,2,330,16164,66991,19,0,3062,36828,61,90,10498,16665,58,420,2218,32329,23,330,2430,20831,55,0,11433,16831,42,-300,3028,15831,64,420,7996,36496,48,420,3089,43495,50,420,2615,31995,24,270,3650,16331,52,90,3399,9832,33,180,2486,12498,11,270,2914,21997,32,420,2450,35996,62,-420,34,22830,7,420,3298,31829,63,360,3318,25163,22,-420,1046,17997,27,420,2776,25663,26,420,2972,30496,59,0,9861,20498,53,0,4414,9332,43,420,2710,34829,4,210,2857,23497,15,420,4782,29163,8,120,5250,11832,28,0,2714,9832,21,330,2141,18998,51,30,24454,29829,16,120,3110,10332,2.875,2.833333333
a0eef8e4,4,2,2,29,2,12,2,26,0,7553,26830,1,1,50,0,5630,26163,1,1,11,-90,6245,22997,0,0,55,0,4754,16165,1,1,54,0,7714,23497,0,1,64,0,26628,41161,0,0,24,-90,5927,16998,0,2,57,0,6423,22497,1,1,60,0,7383,23497,0,1,28,0,11657,34329,0,1,25,-90,4386,16664,1,0,22,-90,5635,16498,0,1,39,0,6650,18997,0,0,43,0,5645,29496,0,1,4,0,15167,61326,0,0,61,0,7201,18331,1,1,47,0,7128,16831,0,0,56,0,5228,32329,1,1,31,0,4838,21664,1,0,23,-90,5761,19831,1,1,53,0,5648,17998,1,1,8,-90,7886,52826,1,0,51,0,7744,24664,0,1,21,-120,5389,14831,0,1,38,0,3869,32662,1,0,18,-90,4496,10332,1,0,35,-90,11344,25164,1,1,17,-60,6631,14832,1,1,15,-150,5838,21497,1,1,20,-90,3799,14998,0,0,9,0,27043,68491,1,1,45,0,7276,17664,0,2,44,150,5014,25164,7,210,7629,25997,12,120,8639,22497,58,330,4098,42495,63,330,7610,34829,13,60,7626,14498,40,240,3347,27663,36,150,5178,17165,19,210,4265,21497,37,150,5250,18498,27,150,7300,21997,14,90,10694,44828,16,90,6295,16165,33,90,5601,16498,62,330,7201,38995,52,330,4421,41828,59,330,26651,51994,29,120,4523,17164,5,120,6943,19165,42,240,4525,24163,2,180,6482,38662,6,150,7680,18831,48,300,5444,30662,46,330,5363,36995,30,60,6229,14665,49,300,5181,29163,41,180,5328,20331,10,150,5533,39995,1,240,12244,51660,3,180,5693,21843,34,150,5894,15665,32,120,5878,15831,3.375,3
d7223571,1,1,2,28,1,18,2,26,60,3439,9166,1,1,32,180,5178,17831,1,1,9,-90,5858,15997,0,0,59,90,3091,10332,1,1,45,0,14517,35662,0,1,31,-120,4755,13831,0,0,60,90,3273,10832,0,2,8,150,4666,14831,1,1,36,150,3709,10999,0,1,19,-120,7869,19331,0,1,22,240,4261,19998,1,0,54,60,5110,10832,0,1,43,60,7530,12332,0,0,64,90,5773,10999,0,1,5,-120,9390,22497,0,0,27,150,4663,16998,1,1,13,-210,4822,21164,0,0,28,30,6927,20165,1,1,40,-120,4945,16498,1,0,33,0,9927,45828,1,1,4,210,6260,27164,1,1,35,120,5806,14831,1,0,14,-30,5113,24331,0,1,58,-60,6412,13164,0,1,55,180,3676,11999,1,0,29,-120,6346,13498,1,0,16,-180,6262,23831,1,1,25,150,7193,17998,1,1,20,-180,4993,19331,1,1,7,120,4927,13165,0,0,53,30,9324,11998,1,1,48,150,4531,14831,0,2,49,-90,5707,11998,39,120,5231,13165,41,90,4626,13165,56,-30,16355,25164,2,90,6536,25496,34,180,4737,17331,62,-90,6788,13165,1,-120,20076,43327,63,90,5001,10832,42,-180,6867,16997,18,270,4974,20997,47,90,5089,11332,46,240,6163,20164,10,-120,6361,21164,11,0,11021,52160,23,-60,7794,12998,44,0,15979,30329,15,90,4983,16831,57,-30,18821,25163,38,-150,4951,16498,52,0,16054,23164,6,240,6145,21997,12,-120,8756,22164,17,0,8106,24164,21,-90,4119,10832,50,-30,5996,10165,51,-60,3869,9166,30,-30,8195,26664,3,90,8611,22664,24,-60,9767,16498,61,30,10612,16331,37,-150,7191,17331,4.125,4.5
77bc1d8a,4,2,2,30,2,15,2,35,60,6725,22664,1,1,1,180,14247,46494,1,1,43,120,4105,11999,0,0,16,0,5346,10499,1,1,11,0,4356,10832,0,1,44,30,8883,15998,0,0,26,90,7783,22997,0,2,39,0,6462,11498,1,1,64,60,5047,14831,0,1,24,0,5221,11832,0,1,17,-120,6063,20664,1,0,9,0,14940,29329,0,1,49,60,7813,14665,0,0,29,60,18109,31329,0,1,33,0,8718,10165,0,0,4,150,5750,18998,1,1,10,0,5641,14165,0,0,31,0,13777,18997,1,1,63,60,7976,26996,1,0,30,-150,12934,25331,1,1,38,60,7556,13832,1,1,7,300,3840,17332,1,0,48,120,5753,14832,0,1,6,360,4439,21664,0,1,23,0,4851,7332,1,0,13,0,6216,17331,1,0,57,-60,9841,22997,1,1,22,0,16102,24997,1,1,8,0,9945,40829,1,1,21,0,9659,19830,0,0,41,30,6146,11165,1,1,14,0,4905,9665,0,2,46,420,3501,34162,2,420,5384,34496,32,420,4701,30830,15,420,3277,28329,62,420,3402,27163,47,420,1012,26330,28,420,4049,25830,60,420,331,22830,19,420,4205,27330,25,420,5240,26666,5,420,3767,28163,37,420,256,26163,20,420,4042,24497,55,420,4798,28830,56,420,3802,29329,12,420,3432,25830,34,420,5367,29829,59,420,4263,27496,61,420,208,25996,51,420,3807,25830,50,420,4025,28663,53,420,4529,27330,36,420,5282,28996,58,420,2963,25497,54,420,2763,30830,42,420,3577,26163,3,420,3497,31328,52,420,3226,26163,40,420,6430,34162,45,420,824,25164,18,420,5233,29329,27,420,5071,29830,3.625,3.833333333
27f4c93f,3,2,1,28,2,16,2,28,420,4955,28329,1,1,29,420,7563,25664,1,1,17,420,5202,30829,0,0,61,420,5657,21664,1,1,54,420,3726,25496,0,1,32,420,4021,18831,0,0,40,420,8052,23997,0,2,52,420,5974,20331,1,1,49,420,2158,18164,0,1,56,420,2498,23997,0,1,63,420,7157,27163,1,0,34,420,3443,22663,0,1,26,-420,8069,37828,0,0,1,420,7042,45827,0,1,30,420,5086,25496,0,0,62,420,5178,24997,1,1,43,420,113,17498,0,0,19,420,1875,25497,1,1,8,420,2510,22663,1,0,48,420,4058,22998,1,1,60,420,6316,27163,1,1,36,420,7090,22663,1,0,22,420,4161,18998,0,1,16,420,4919,29663,0,1,14,420,5280,40162,1,0,41,420,2519,21831,1,0,21,420,4041,16831,1,1,20,420,4865,19831,1,1,24,420,2900,20497,1,1,51,420,5837,22497,0,0,57,420,3689,22330,1,1,7,420,11741,55326,0,2,37,420,8494,27663,39,420,6859,22831,55,390,69618,132483,44,420,2722,17997,10,420,4526,27830,53,420,3171,18498,9,420,3262,23497,42,420,1826,18497,12,420,5088,29330,47,420,2272,19665,50,420,2523,18331,25,420,4447,20330,4,420,14307,41328,46,420,1415,20831,27,420,1980,20831,45,420,2558,17498,5,420,5357,25663,33,420,3094,18998,3,420,7269,30829,59,420,7116,26497,58,420,3399,20664,11,420,6193,28830,13,420,596,27830,18,420,981,25330,35,420,7167,21997,23,420,5334,20997,15,420,5409,28829,31,420,3451,18831,38,420,7785,26164,6,420,6394,45827,2,420,159,24497,64,420,7581,25830,2,1.666666667
6d0dce9b,4,2,1,29,2,12,2,60,30,7981,21330,1,1,28,150,4942,30163,1,1,46,210,2781,24163,0,0,30,0,5889,11999,1,1,55,-120,2663,7332,0,1,4,0,6834,60325,0,0,63,0,27104,32996,0,2,5,-180,3459,17998,1,1,6,-60,4509,15498,0,1,15,-150,3914,17498,0,1,3,420,1151,40995,1,0,36,0,6649,14498,0,1,9,0,2192,5999,0,0,1,90,33990,50660,0,1,42,0,17342,23830,0,0,2,150,7494,31163,1,1,18,-60,4754,21831,0,0,52,90,5396,25163,1,1,14,30,9518,15832,1,0,51,90,18114,31662,1,1,54,150,4060,25164,1,1,59,240,3108,21164,1,0,13,-90,4624,11832,0,1,23,-90,5234,12332,0,1,32,210,360,19998,1,0,31,270,138,19331,1,0,64,-60,14643,19998,1,1,40,60,8825,16498,1,1,16,-30,5637,14831,1,1,49,210,3743,19665,0,0,8,-60,3794,8499,1,1,12,60,7213,45494,0,2,39,210,2625,18997,35,210,4936,21664,44,180,7528,23497,45,210,3572,20498,50,270,4899,36828,11,330,3167,44994,20,120,4452,17665,10,90,5054,20331,7,120,4281,18997,27,240,3977,26163,61,120,5898,16331,56,210,5860,17332,62,150,4564,17997,34,210,3687,18831,41,240,5431,26497,21,150,8188,24331,38,240,2860,19165,29,180,5116,21498,26,210,3650,21330,57,270,4275,21331,47,210,6402,25664,53,240,4597,20164,37,210,3932,16332,24,150,6256,20497,22,210,4592,23997,25,210,5030,26664,58,300,5326,22830,33,150,8421,33163,43,120,3685,16665,48,150,6943,22997,19,180,4112,19165,17,420,3011,35329,3.5,3.666666667
8bef0835,1,1,2,31,1,18,2,28,180,3952,23164,1,1,13,30,28774,37662,1,1,7,120,11526,29496,0,0,19,-120,3597,19498,1,1,23,-30,22119,31329,0,1,56,-90,3447,8666,0,0,26,120,4951,18997,0,2,9,-90,4525,23997,1,1,43,120,4791,14165,0,1,2,270,10501,29330,0,1,22,0,12702,23330,1,0,4,-60,5611,17331,0,1,46,60,9975,15332,0,0,53,120,4080,16164,0,1,10,-120,4831,17831,0,0,54,-120,3320,12499,1,1,25,-60,17117,23996,0,0,64,-90,4252,10666,1,1,27,120,5627,15998,1,0,39,0,4348,25497,1,1,20,120,5793,20664,1,1,14,-90,6169,12998,1,0,35,330,5777,34996,0,1,3,0,11233,29829,0,1,63,-150,3966,12998,1,0,62,180,3380,18497,1,0,29,-240,3726,18165,1,1,52,120,4106,12832,1,1,21,-60,16181,46327,1,1,8,180,7461,20831,0,0,15,-90,4438,10499,1,1,44,90,6264,10999,0,2,5,30,12794,41828,24,-60,18424,24497,58,120,4578,14165,40,60,8791,15665,36,0,14412,32496,37,0,6929,23163,18,-90,4652,11331,31,-90,7039,13165,57,30,5272,9665,42,-120,4715,15665,61,-60,5024,9499,50,-60,6211,10999,45,-60,5186,9166,59,90,4310,8998,16,-60,5203,12498,47,-90,4497,15831,17,-60,5129,11332,48,-90,5917,16165,1,60,31946,59826,33,120,3610,14498,30,-120,10790,19831,41,-90,4144,9999,38,-150,4590,15831,49,-60,5803,10165,11,-90,5051,23664,12,-30,5958,16165,55,-30,4006,8665,34,-150,4471,15665,51,30,5367,9499,32,60,5431,10665,60,-120,4589,14665,6,60,5512,17497,3.875,4
863cfb72,1,1,2,31,1,18,2,40,-210,4416,22497,1,1,8,-120,5314,22164,1,1,3,120,5583,53160,0,0,49,120,4183,14665,1,1,15,-180,6189,31663,0,1,43,-60,4927,10832,0,0,36,180,4192,22997,0,2,54,90,8544,23497,1,1,48,120,8542,17998,0,1,35,-90,8997,17830,0,1,59,90,5260,36495,1,0,56,210,6161,20830,0,1,29,120,6547,19998,0,0,9,-60,5767,14998,0,1,39,-90,3931,66492,0,0,26,-60,4369,26330,1,1,37,-120,4191,18331,0,0,2,-210,9383,46327,1,1,6,-180,6811,33163,1,0,53,120,9131,21498,1,1,58,150,3564,22164,1,1,50,120,8914,18831,1,0,17,60,17618,26496,0,1,61,120,11455,19497,0,1,45,180,6990,36328,1,0,31,30,3161,46494,1,0,16,-300,6606,39495,1,1,51,120,9070,20498,1,1,22,-300,4890,31663,1,1,1,-210,13542,82156,0,0,20,-150,6468,39995,1,1,55,210,3628,20664,0,2,33,210,6318,23830,5,330,4960,30663,46,60,4014,13832,27,360,4831,29163,42,300,3380,25830,28,330,4002,27664,21,330,3723,29330,13,330,5287,74823,44,330,4678,29496,41,240,3123,20497,23,300,5625,28663,18,240,3866,25664,34,120,3495,18498,10,300,3953,28996,60,270,3653,26830,7,420,3864,33829,47,120,12129,20498,24,330,3246,35829,52,150,15000,27663,62,90,4344,10332,19,270,5547,29997,57,390,3067,23164,32,330,6637,26164,63,360,3211,21831,11,300,3167,29996,14,300,5655,25497,12,300,1279,40828,64,120,2464,10165,4,360,6525,36496,25,270,5055,29829,30,360,2572,27329,38,240,3284,25502,3.5,3.666666667
4cd5a0b6,1,1,1,27,1,16,2,29,0,3810,24830,1,1,22,60,5987,9498,1,1,7,0,4119,10165,0,0,34,-30,2846,6166,1,1,43,0,5396,10165,0,1,60,60,3616,8166,0,0,24,90,3926,11832,0,2,51,0,2901,6665,1,1,3,0,3742,4333,0,1,17,-30,5331,11999,0,1,6,-30,5201,9499,1,0,41,0,5906,10999,0,1,5,30,10425,15331,0,0,50,0,3686,7999,0,1,23,30,4428,8332,0,0,30,60,6994,13832,1,1,47,-90,2731,8499,0,0,25,0,16582,52827,1,1,59,-150,3577,11832,1,0,33,-60,4304,8999,1,1,36,150,3079,14665,1,1,64,0,3105,8165,1,0,18,30,4999,9165,0,1,45,0,6770,12332,0,1,9,-30,4706,30329,1,0,55,0,3115,8832,1,0,52,30,3969,7499,1,1,8,0,8451,36995,1,1,39,-90,3809,7999,1,1,62,120,4267,20331,0,0,4,0,4806,15498,1,1,11,90,3457,8832,0,2,21,60,3024,7333,31,60,3773,10498,56,-60,3423,7332,14,-90,3146,7333,46,120,3389,10832,42,120,3118,10999,57,-30,13725,18164,58,-150,3045,12832,15,-30,3825,18997,38,-180,2867,9665,19,60,6718,12499,16,60,7431,11499,13,120,3144,12498,20,60,5773,11332,44,150,10082,19831,1,270,14844,46161,35,-210,3634,11332,54,-90,4034,8499,12,-150,4068,9832,10,150,4554,15664,28,-120,3165,8832,63,-180,3600,10498,53,180,3151,15331,37,90,5042,12166,61,150,2931,13998,2,120,34403,42328,27,-180,3316,10665,48,-180,3883,10999,26,240,2964,23497,32,60,4229,7999,49,60,4069,7666,40,-90,3344,7166,3.625,3.833333333
daad578e,2,1,1,29,1,16,2,57,180,2805,12665,1,1,52,360,3140,20997,1,1,39,390,4652,36662,0,0,3,270,5332,17164,1,1,29,240,5726,16831,0,1,63,330,5231,21163,0,0,17,300,2566,16164,0,2,21,240,4423,21498,1,1,25,330,2662,17831,0,1,47,-210,5409,19164,0,1,46,120,5374,14332,1,0,53,240,5678,17498,0,1,9,360,5151,21831,0,0,54,330,3966,21497,0,1,59,-210,7487,17831,0,0,16,270,5533,18665,1,1,60,-180,7386,16164,0,0,38,120,6383,17998,1,1,56,150,6749,15498,1,0,24,210,5603,18665,1,1,30,270,2702,14498,1,1,34,240,3735,15331,1,0,58,270,5164,23831,0,1,61,-120,4907,28996,0,1,37,330,4733,19664,1,0,36,300,2407,16664,1,0,7,-240,5491,41828,1,1,14,210,5616,18997,1,1,12,150,16901,25164,1,1,64,270,2679,15665,0,0,1,300,10461,28329,1,1,44,330,3404,17998,0,2,26,420,3478,22163,18,390,3909,22497,6,390,4153,30163,51,420,2381,20498,43,390,4874,20997,50,390,3914,22164,2,390,5732,22163,27,360,2545,26996,31,390,3895,20498,11,390,11107,28163,35,300,2745,18165,22,420,2839,21163,10,330,2993,20997,5,390,3966,21331,15,420,5844,27663,62,390,3222,19998,55,390,4563,21164,32,390,4501,22164,48,420,3333,21330,33,390,4689,23664,49,360,3164,19998,13,420,5451,26163,4,420,4853,25330,20,390,2363,18497,45,390,2877,21830,8,330,5424,20165,42,390,2754,21164,28,330,4527,19997,23,390,2668,19331,40,390,3784,20997,41,360,2218,17332,19,390,5806,21830,4,4.333333333
58bf703f,2,1,2,33,2,11,2,41,120,5651,30162,1,1,38,120,7224,15664,1,1,33,-90,8466,17831,0,0,42,150,21177,36496,1,1,55,150,11172,24663,0,1,29,-90,8807,17831,0,0,35,60,33816,46161,0,2,43,90,10260,26997,1,1,26,-90,6433,21330,0,1,28,-90,53377,79990,0,1,11,120,5575,13499,1,0,32,-90,7953,16664,0,1,20,90,6403,15998,0,0,40,90,14780,53827,0,1,31,-90,4922,11166,0,0,47,120,2802,12831,1,1,22,-120,10979,25497,0,0,58,120,9098,21164,1,1,63,-90,6919,17165,1,0,44,120,13011,28663,1,1,54,150,11509,30663,1,1,27,60,12710,22830,1,0,39,60,9512,19497,0,1,52,120,15713,25663,0,1,9,-60,13377,22330,1,0,50,150,5909,11832,1,0,8,-30,38296,45828,1,1,7,0,8367,56826,1,1,53,120,9577,19831,1,1,49,150,7433,18664,0,0,5,90,19233,32996,1,1,45,120,12676,26163,0,2,15,-90,21022,66158,34,30,14819,21330,21,-90,8334,21164,6,-60,6568,13832,62,-150,6847,22664,59,-150,11178,45661,37,-120,10468,27330,16,-90,13433,27996,2,-90,26451,44327,24,-150,7634,63158,57,120,11290,26496,3,30,10969,16998,64,-150,4845,18831,51,120,10425,23164,19,-120,9416,25830,1,-120,37033,66825,17,-90,8451,24330,60,-150,4038,19997,18,-120,12818,27330,12,-90,6621,18165,30,-90,45231,55660,25,90,15096,25330,48,-90,4950,15164,56,150,11532,33829,4,-120,16106,34329,36,-150,14246,36496,13,-90,3774,26997,23,-120,10473,26330,61,-120,405,22164,10,-120,6455,23997,14,-60,4188,9666,46,120,7499,16165,2.5,2.333333333
31cb8b82,3,2,2,27,1,18,2,23,90,4155,14332,1,1,47,240,4548,21997,1,1,50,420,2757,38495,0,0,38,180,4720,28163,1,1,6,270,5095,25830,0,1,54,270,3627,21664,0,0,52,180,3316,13832,0,2,63,300,4132,35829,1,1,3,330,10536,63992,0,1,62,120,4436,12998,0,1,36,300,4195,24330,1,0,55,270,2801,19831,0,1,43,330,4993,25497,0,0,41,300,3283,25664,0,1,5,420,5417,34829,0,0,25,180,6713,25996,1,1,12,240,5089,48494,0,0,64,330,3257,22997,1,1,32,420,2993,29663,1,0,40,180,2897,14832,1,1,21,240,3117,29162,1,1,56,210,4857,18831,1,0,60,180,3539,20830,0,1,27,180,4446,18831,0,1,29,150,2874,20330,1,0,13,330,3693,29163,1,0,20,150,4708,16998,1,1,8,330,9205,29163,1,1,34,180,3399,14831,1,1,4,390,5315,47327,0,0,57,150,5539,13499,1,1,61,330,4057,26997,0,2,7,0,15206,15498,24,180,4754,16664,2,180,30637,63158,19,-150,4536,12832,58,120,20902,27829,37,0,8416,34163,28,90,25587,36662,48,270,4885,36995,30,270,3945,35328,22,-210,5715,16664,16,150,9890,24163,45,210,4428,19497,49,270,4504,22164,59,210,66,21664,18,150,2949,43327,15,-120,5576,14998,17,-90,20410,92655,46,-90,4646,20664,10,-120,10334,58160,35,240,3501,19998,42,120,4977,16165,26,210,3791,26330,51,-180,4694,15498,9,270,4400,54160,11,-150,6613,42994,1,0,100544,124818,53,-210,3102,13332,39,-120,6238,36162,14,-150,8140,47660,44,-150,3420,11165,33,-120,5753,14998,31,-150,3947,11999,3.375,3.333333333
02ccc929,4,2,2,25,2,12,2,57,90,5244,20831,1,1,55,90,6177,21497,1,1,28,0,7860,37329,0,0,8,420,6475,51827,1,1,4,120,12310,26330,0,1,5,0,6397,33329,0,0,42,90,5441,22497,0,2,48,0,10705,18498,1,1,53,30,5907,11498,0,1,29,0,8747,14665,0,1,50,30,5708,10998,1,0,24,-30,7504,27164,0,1,15,0,12850,21164,0,0,59,30,4680,12998,0,1,46,0,10035,18997,0,0,13,90,10102,16498,1,1,38,90,5746,21830,0,0,63,0,52967,61158,1,1,30,0,2033,20331,1,0,11,90,7315,39661,1,1,43,-30,6981,13498,1,1,60,120,4405,20831,1,0,34,150,4867,18998,0,1,19,210,673,30663,0,1,18,420,6728,48661,1,0,56,90,6114,20831,1,0,2,420,11148,56493,1,1,54,90,4326,15998,1,1,3,420,6122,60659,1,1,17,90,10964,23663,0,0,33,30,7424,21497,1,1,27,0,7393,14332,0,2,64,120,64630,98988,25,120,5187,18831,44,0,10874,31996,36,60,6100,12998,21,-180,5442,18665,39,120,6203,21664,32,30,4536,7999,10,0,14510,44327,22,-240,5208,22997,31,0,7233,13998,41,120,5824,25330,6,0,24572,38828,62,0,17381,28496,49,0,6910,6999,16,0,15091,22497,45,60,10901,20164,37,120,6166,24164,26,0,9380,16664,12,-150,5291,26996,20,240,6098,32496,7,90,7808,23831,23,-270,6115,26329,52,30,5571,11832,1,330,14695,70824,58,60,5067,13165,35,30,21991,42161,9,0,11305,22830,40,120,7100,23663,61,30,10738,31162,51,30,9734,21164,14,-300,10552,38329,47,0,8372,20664,3.125,3.5
d55ba2f6,2,1,2,28,1,18,2,39,30,5734,14999,1,1,22,60,5720,21497,1,1,25,30,6634,14998,0,0,24,0,7613,29329,1,1,16,0,5557,24163,0,1,45,30,5445,13498,0,0,9,30,7179,16831,0,2,57,0,14368,70991,1,1,37,30,13343,27330,0,1,1,30,16612,32163,0,1,34,30,6437,15498,1,0,46,0,13564,82156,0,1,41,0,18413,76824,0,0,11,60,5699,20997,0,1,7,30,9684,22497,0,0,53,30,6392,17664,1,1,30,-30,24690,35328,0,0,20,0,6721,44328,1,1,43,30,7856,19831,1,0,35,-30,6494,16498,1,1,14,30,8132,20330,1,1,3,30,7041,21164,1,0,36,0,8892,44161,0,1,58,30,7046,19997,0,1,15,60,5457,23497,1,0,23,60,6834,18998,1,0,52,0,14359,37162,1,1,8,60,6760,34329,1,1,26,-30,6073,17498,1,1,13,30,5573,14998,0,0,17,30,5844,19998,1,1,19,60,4379,14998,0,2,40,60,6328,15998,59,30,5560,15665,48,0,29382,74824,51,60,5444,19164,47,30,3584,15331,61,30,11292,21497,38,60,4702,24997,27,-30,7000,19165,5,30,10051,22663,32,0,8631,44661,50,30,5846,20831,64,30,6550,17665,21,0,4777,19330,33,30,10784,23663,63,0,4735,29330,28,0,8310,39995,42,-30,5925,15165,60,60,4180,14498,44,30,6216,17331,31,30,5628,14998,56,0,6652,38662,62,60,6313,15331,49,60,7419,30829,18,90,5421,30663,12,0,4687,27663,6,0,7748,8165,55,60,4617,24830,2,60,5110,23997,29,0,12401,39995,54,60,4264,17498,10,120,4982,33829,4,90,4862,23331,3.375,3.5
73ab8dda,3,2,2,26,1,12,2,29,60,4404,14665,1,1,42,-60,37449,57326,1,1,59,-30,7473,27996,0,0,22,-30,30637,56660,1,1,49,-60,14363,28496,0,1,2,60,18082,35995,0,0,61,30,7856,30330,0,2,36,-60,5634,20497,1,1,9,-30,37322,58993,0,1,56,-120,15115,38995,0,1,48,60,14725,36329,1,0,44,-60,8539,18831,0,1,43,-60,7936,40995,0,0,16,90,19679,31829,0,1,15,-90,10188,44161,0,0,64,-30,22463,32995,1,1,18,-120,9659,26163,0,0,26,-60,5501,39661,1,1,35,-60,10600,20164,1,0,51,-60,9389,23163,1,1,1,60,41801,157979,1,1,52,-30,23150,37829,1,0,34,-120,8287,23330,0,1,38,-60,7431,33496,0,1,8,-60,8401,29497,1,0,10,30,18456,40994,1,0,41,-60,14232,25997,1,1,28,-60,5488,15331,1,1,46,-60,14754,37495,1,1,13,-30,21523,34162,0,0,23,-60,8484,19164,1,1,5,-60,4376,32829,0,2,58,90,7833,24664,14,240,6071,30330,19,240,6807,33829,60,60,9116,19497,25,360,5268,37161,17,270,15360,65825,39,150,5896,25830,3,180,8071,74490,11,150,6159,24163,31,210,12071,43494,30,270,8434,51160,63,150,5362,28163,47,420,4803,59825,37,150,17991,34828,12,300,6429,45661,55,120,7468,32329,21,210,6059,32330,62,90,11828,29997,45,240,6639,38329,27,300,4770,36829,20,210,4981,26497,7,420,6708,68824,57,30,11292,19330,54,120,11314,24830,53,120,43202,60325,50,60,5944,15998,40,210,7457,35995,33,300,5286,30496,24,270,6124,56326,32,210,9868,36162,4,240,9569,33996,6,300,7928,45994,4,4.5
25c1d528,1,1,1,24,2,16,2,12,0,6647,14832,1,1,3,-60,3251,9332,1,1,44,30,6209,10832,0,0,64,0,6464,23330,1,1,52,0,2452,16498,0,1,20,-60,2973,9332,0,0,57,-30,3272,8999,0,2,2,90,21024,37995,1,1,19,-30,3142,9166,0,1,41,-30,14038,22164,0,1,1,0,42401,114486,1,0,9,-60,2601,7999,0,1,53,30,16690,20997,0,0,18,30,3668,12166,0,1,29,0,4473,22664,0,0,35,0,5071,5166,1,1,60,0,6117,30663,0,0,26,0,7325,18665,1,1,10,-30,4026,8999,1,0,48,30,4987,13332,1,1,37,0,5081,9833,1,1,58,30,4280,35162,1,0,49,0,4281,23663,0,1,31,0,4213,15498,0,1,24,-60,2471,7166,1,0,16,30,3044,11165,1,0,34,30,5112,10832,1,1,30,30,4625,12832,1,1,62,-90,3011,14665,1,1,27,30,3721,13999,0,0,8,30,3118,11665,1,1,7,30,3754,13332,0,2,47,-30,3241,9666,38,60,3490,7999,5,90,2583,8499,21,30,2891,7999,6,0,2384,9999,36,60,3402,8499,4,120,4606,12665,61,60,1365,8665,43,60,3417,10999,56,30,3437,7832,39,90,778,5666,63,30,3640,8499,28,60,6841,18664,17,60,2793,11332,55,30,4485,8832,46,-30,9915,33995,33,0,20684,37828,45,90,204,29663,51,30,3124,7499,42,60,3691,7832,50,30,4552,11832,13,60,4612,12999,59,0,7229,7666,23,90,5228,11998,14,90,3271,10332,25,60,3019,8165,22,90,1903,10499,11,0,4338,13665,40,0,2806,10165,32,30,2653,7832,15,60,668,8333,54,30,17765,22664,3,3.333333333
828ca3a5,4,2,1,25,2,12,2,28,150,11500,23497,1,1,19,-30,10250,25164,1,1,47,240,4224,21664,0,0,41,-180,4432,18164,1,1,35,60,12643,22164,0,1,43,90,8355,20830,0,0,9,0,5526,13498,0,2,42,0,9605,14832,1,1,14,-120,16461,27163,0,1,21,120,3723,16665,0,1,13,30,5590,12665,1,0,36,90,15806,21164,0,1,26,0,14857,20830,0,0,20,-120,5883,18497,0,1,46,-390,2976,30330,0,0,3,30,5688,13999,1,1,27,0,6377,12331,0,0,52,180,3418,13832,1,1,30,-360,2870,22497,1,0,32,60,10887,16664,1,1,38,30,14899,24664,1,1,58,0,9350,9832,1,0,6,0,15534,36495,0,1,5,60,7892,38995,0,1,12,60,23271,36828,1,0,16,-120,4112,16331,1,0,40,-120,2939,23164,1,1,55,-120,9257,20331,1,1,33,-180,3555,14665,1,1,62,180,4204,14831,0,0,17,0,6579,15831,1,1,57,0,8946,12832,0,2,25,180,6928,20331,4,240,21995,41828,44,180,5168,18331,48,150,7911,16832,61,120,4097,10499,24,90,3609,10832,54,360,2710,23830,51,90,6025,12999,18,270,3258,25329,50,180,19858,33162,7,-90,11482,37495,31,180,8911,20998,59,120,4090,15164,53,60,3035,6999,29,330,4303,25496,39,0,10709,16664,60,120,4192,11831,11,60,3178,12665,10,90,20031,29829,63,90,12694,21330,56,60,15663,21997,49,420,5406,30829,1,-90,131633,196808,34,300,8771,28663,15,180,5027,25330,64,0,20374,27830,8,150,5192,20164,45,150,2192,11999,22,150,6317,23331,37,270,4334,22997,23,30,7637,13331,2,-90,12129,30829,4,4.5
0b5b7dc5,4,2,1,21,2,13,2,53,60,109,25794,1,1,57,60,3530,16396,1,1,11,270,1397,17596,0,0,12,120,2569,19395,1,1,60,120,2476,11397,0,1,32,150,2513,41989,0,0,21,60,5061,13397,0,2,17,120,5635,56386,1,1,10,150,2231,29792,0,1,29,90,3701,14597,0,1,34,240,359,32592,1,0,7,150,3426,24794,0,1,38,120,3408,16996,0,0,39,60,5679,11597,0,1,33,240,2990,46388,0,0,8,120,2179,15397,1,1,45,0,10473,10598,0,0,3,30,44622,61385,1,1,49,90,3005,12796,1,0,43,60,4384,9198,1,1,55,150,2314,35792,1,1,31,210,3046,48388,1,0,26,60,5517,10597,0,1,52,0,10790,10798,0,1,20,120,4199,18195,1,0,42,150,16811,25793,1,0,48,-60,15192,20394,1,1,37,60,6747,13597,1,1,1,150,21231,73382,1,1,54,30,3082,14396,0,0,50,180,3504,26993,1,1,30,150,2242,19995,0,2,6,0,4269,37190,35,420,3775,32592,2,420,4096,35591,19,330,5690,51587,15,60,2688,25993,58,360,3754,43189,56,0,16960,17195,25,120,1449,8398,24,420,1043,25393,44,30,5254,10398,22,330,1243,35791,23,360,4379,26793,46,180,2034,16596,40,-30,4041,148163,14,420,2294,30592,16,240,2893,19595,27,-60,5828,16596,64,150,2582,12596,18,240,4087,20795,63,270,2588,28393,28,180,5408,15196,9,330,2630,17195,41,30,29434,35791,36,300,2571,37191,47,-60,17276,36191,62,300,2133,23794,5,360,1786,22794,59,30,3332,25794,61,390,6626,35791,4,150,2416,11597,51,30,6539,24194,13,330,2121,16796,2.75,3.166666667
26f982c3,4,2,2,23,4,16,2,6,-240,4639,18497,1,1,63,-60,3792,10999,1,1,43,-90,4845,29163,0,0,58,-120,3736,10999,1,1,7,-90,5079,9499,0,1,41,-60,5324,12332,0,0,13,-90,4906,9665,0,2,52,-90,3659,7999,1,1,46,-30,4713,10999,0,1,10,-390,3708,26997,0,1,39,-60,4541,13832,1,0,21,-60,5581,16831,0,1,19,-30,7000,13165,0,0,44,-300,3085,16998,0,1,23,-390,4752,22663,0,0,61,-60,5001,9166,1,1,64,-210,4050,15331,0,0,5,-180,4867,14165,1,1,17,-360,3422,26330,1,0,49,-420,4699,26330,1,1,20,-90,3972,14998,1,1,40,30,3712,29996,1,0,36,-90,3726,7666,0,1,25,-180,4609,15498,0,1,54,-30,4748,12332,1,0,38,-210,3888,15664,1,0,33,-270,4142,16664,1,1,34,-180,4834,15498,1,1,14,-330,3930,18831,1,1,22,30,4774,12499,0,0,4,-90,5542,10166,1,1,26,60,4679,10165,0,2,45,90,3451,7499,53,420,3357,27163,51,90,4188,8999,32,60,3638,7500,3,120,4590,13665,62,210,3529,25163,31,90,3454,18831,42,120,4024,10498,55,360,2727,22997,35,30,4834,9665,2,420,4265,28830,29,60,5225,9665,28,150,4056,13832,8,60,4231,10499,9,210,2945,14331,11,180,4833,14664,15,90,4243,9665,24,90,3820,11999,48,420,2938,29496,18,60,4021,20498,12,390,3375,25164,56,420,3034,27330,30,330,2855,19998,27,90,3590,9832,37,420,3268,24663,16,360,3749,22830,47,90,3986,12832,60,30,4992,10332,59,180,4082,12999,1,270,9412,38495,50,150,4303,24330,57,120,3609,9499,3.5,3.333333333
b3ec53dc,1,1,1,24,1,20,2,47,30,3575,9333,1,1,14,90,2569,12665,1,1,7,90,3050,13165,0,0,27,30,2900,5833,1,1,57,-180,3847,19665,0,1,23,-90,4656,19164,0,0,51,60,3995,11999,0,2,49,90,2709,10998,1,1,38,60,3074,9165,0,1,8,-120,6122,14831,0,1,3,60,5548,14665,1,0,2,60,6568,16997,0,1,50,90,5915,22997,0,0,60,60,2858,28663,0,1,48,-150,3342,20498,0,0,40,30,3165,6500,1,1,61,30,5834,22664,0,0,45,90,3640,17164,1,1,35,-90,2758,11332,1,0,28,0,4878,12332,1,1,43,60,3072,8499,1,1,5,0,4178,16665,1,0,21,60,4680,11166,0,1,63,-120,4616,13999,0,1,19,30,2735,5999,1,0,53,-90,3193,14332,1,0,9,-180,5941,20164,1,1,55,90,4834,22830,1,1,17,-120,3285,11832,1,1,39,90,3973,9832,0,0,26,-90,9364,16998,1,1,4,60,3607,20498,0,2,15,60,3568,10665,42,60,3608,25330,12,90,3238,10166,22,120,2642,11499,34,60,3508,9332,25,120,2562,10832,64,120,13208,24497,59,-60,2849,16831,29,60,3657,6666,33,60,3585,9999,32,60,2799,9332,52,90,5521,16164,44,60,4874,15498,62,60,4105,16664,24,90,2246,9165,13,60,3027,11832,20,90,4141,15332,16,60,3247,9499,31,90,2574,8665,37,30,5436,9665,54,60,2899,8499,11,30,3327,8499,6,0,5133,23330,41,90,2876,8999,46,60,5402,14331,56,150,3074,10666,58,60,3289,9999,18,0,3215,29830,30,60,3145,9165,1,-240,17100,66158,36,30,3940,11332,10,30,4561,8832,3,3.166666667
b757729a,4,2,1,25,1,13,2,4,60,8917,25830,1,1,20,270,2356,16831,1,1,2,120,5650,18665,0,0,58,90,21569,40828,1,1,33,120,3907,9498,0,1,26,150,11827,21164,0,0,43,120,5842,13331,0,2,22,120,3446,8833,1,1,27,150,3207,7832,0,1,19,120,16609,24664,0,1,64,90,7965,11332,1,0,32,90,26599,32829,0,1,16,150,4913,13165,0,0,1,150,32067,64991,0,1,17,120,10882,14998,0,0,13,120,3907,29996,1,1,38,90,12166,15831,0,0,47,90,5319,9832,1,1,23,120,4029,16831,1,0,14,-270,35495,76657,1,1,34,210,4442,21330,1,1,5,90,3808,14832,1,0,56,180,6584,27663,0,1,36,150,7254,33329,0,1,55,120,5219,13331,1,0,52,180,10696,20497,1,0,21,90,22774,26497,1,1,53,150,5646,15998,1,1,37,90,3279,6832,1,1,7,120,4863,20497,0,0,60,120,5489,13832,1,1,62,150,4652,13998,0,2,57,420,4163,27497,35,420,3163,18664,15,420,6089,25830,8,420,2457,23664,49,420,1981,19831,40,420,2890,24997,39,420,407,22997,3,420,5344,28330,41,420,2864,34829,28,420,172,18497,30,420,2566,17165,9,420,2414,30496,61,420,5831,26996,45,360,3824,25163,48,420,10454,28829,31,420,5126,25330,54,420,2922,23663,18,420,3228,24830,46,420,2592,24831,42,420,3553,28996,59,420,1755,23330,50,420,3355,25663,24,420,2756,25330,63,420,2742,22664,11,270,2634,27497,6,420,3541,25497,44,420,2661,26330,25,390,2624,48661,10,420,4059,28663,29,420,7419,27496,12,330,2612,21997,51,420,3660,27830,2.5,2.5
9ef3da4e,3,2,2,26,2,12,2,62,420,8012,40829,1,1,29,420,5552,27330,1,1,40,180,2857,12832,0,0,33,-60,6564,12332,1,1,22,420,13998,45994,0,1,3,180,7471,24663,0,0,61,360,4998,27163,0,2,38,180,3748,10999,1,1,13,420,4512,27829,0,1,37,120,9601,19164,0,1,21,420,6480,34829,1,0,14,420,6702,31663,0,1,25,420,5133,27330,0,0,42,180,2360,13499,0,1,44,240,1286,15664,0,0,10,420,4912,36829,1,1,1,420,18511,68492,0,0,57,300,5967,26997,1,1,64,270,34235,48994,1,0,55,270,7340,19664,1,1,41,180,3391,12831,1,1,12,420,60103,86989,1,0,4,420,4404,48494,0,1,43,210,3857,15331,0,1,17,420,3816,26664,1,0,28,420,4742,29496,1,0,15,-240,18633,41161,1,1,53,240,7515,18665,1,1,50,210,8367,19831,1,1,36,240,4641,14665,0,0,18,420,6844,34662,1,1,58,390,5131,27497,0,2,49,-150,4626,13165,7,360,5909,32829,16,210,6926,18664,60,0,4025,17164,30,420,6197,31829,59,180,7189,17331,46,-120,3326,9666,2,30,14100,29496,31,240,5948,15832,9,300,4002,21164,52,240,5550,15664,39,210,3859,13332,20,270,3377,17664,5,-60,6444,72990,47,180,2227,13665,6,330,4961,26330,19,210,2975,13665,8,360,4364,29163,26,390,2860,22497,32,-330,271,17665,35,-150,3154,11498,51,240,7114,18331,11,420,2577,41328,27,420,6101,26496,54,180,6030,122817,63,360,9161,25663,34,60,3262,8499,24,0,3660,24164,45,120,549,10165,56,300,9152,32829,23,0,6792,27497,48,-180,220,8666,3,3
b368e521,3,2,2,24,1,14,2,2,-60,4124,10998,1,1,26,-180,3419,11498,1,1,62,-90,3457,12332,0,0,61,-90,2772,6999,1,1,63,-120,2662,8832,0,1,13,-60,2530,8332,0,0,58,-90,2775,7333,0,2,5,-420,3262,28662,1,1,48,-60,3616,9165,0,1,47,-60,2989,7999,0,1,59,-60,3126,8665,1,0,50,-90,2856,9165,0,1,42,-60,3095,8332,0,0,39,-120,3172,8332,0,1,55,0,4241,5499,0,0,24,-270,3541,16165,1,1,33,0,3049,10165,0,0,51,0,4161,10666,1,1,38,-60,10750,15665,1,0,9,-240,1958,15331,1,1,17,-90,3646,8832,1,1,34,-90,3254,8499,1,0,29,-150,4299,11999,0,1,22,-150,3681,12999,0,1,56,0,3180,7999,1,0,16,-300,2207,15498,1,0,32,-180,3834,17498,1,1,41,-90,3547,8333,1,1,44,-180,6414,20165,1,1,36,-180,3590,11998,0,0,28,-150,3540,12998,1,1,27,-180,3799,15832,0,2,8,420,5455,23663,54,390,3518,24497,45,360,2664,32163,19,420,2346,28329,46,420,3332,25330,6,420,2740,25330,53,420,2761,22498,7,420,2888,69324,60,420,3022,27663,43,390,3001,22498,21,240,3275,16331,35,360,3030,24664,57,420,4244,28163,3,420,5275,36495,64,360,3192,25997,11,420,2536,28163,30,360,65,24831,52,390,3040,25830,31,330,6715,31162,18,270,3035,20997,14,420,3385,25996,37,420,2666,27330,15,420,5296,29163,1,300,8460,28996,12,420,2857,28830,4,420,4931,33996,49,420,2173,27497,20,210,2960,17498,25,360,3191,22831,40,240,2484,16664,23,390,2511,26997,10,420,2541,23830,2,2
badf34d6,3,2,2,27,2,14,2,53,0,9812,69491,1,1,37,0,3001,57659,1,1,30,0,4043,10166,0,0,15,420,7938,35495,1,1,11,420,3338,25330,0,1,24,420,2854,30329,0,0,60,0,4786,13165,0,2,55,0,9234,23163,1,1,1,210,12643,113819,0,1,46,0,10560,27830,0,1,31,420,4688,36162,1,0,7,420,2979,28163,0,1,3,420,3821,33329,0,0,58,0,4329,26163,0,1,5,420,3746,30496,0,0,27,30,11314,27663,1,1,21,420,3377,28329,0,0,47,0,9754,61326,1,1,2,420,4575,41328,1,0,59,0,9990,25330,1,1,38,0,5390,61659,1,1,34,0,5546,54493,1,0,9,420,3446,30162,0,1,35,0,3529,58326,0,1,56,0,8831,24330,1,0,12,420,4205,27997,1,0,54,0,7825,21498,1,1,26,420,4870,28330,1,1,49,-420,189,25330,1,1,13,420,5385,30162,0,0,8,420,3299,26996,1,1,22,420,3205,29163,0,2,51,-420,5224,23663,32,0,7713,54159,45,0,5197,40828,25,420,4021,30496,14,420,4161,33329,36,0,4314,7666,23,420,2930,26997,61,0,8185,56826,41,0,8525,27829,63,0,13566,95321,40,0,5112,32663,20,420,4378,27663,42,0,4067,71824,18,420,8288,33829,17,420,3120,27497,16,420,6787,39328,43,0,12975,13665,52,-420,2683,23163,62,0,7120,8665,44,0,4443,21497,28,60,7241,45328,29,0,4021,36828,57,0,5801,28330,33,420,2921,30829,10,420,3971,25663,19,420,5000,28497,6,420,3331,28830,4,420,3948,28829,64,0,5869,20164,50,-420,3174,27996,48,-420,7253,103154,39,0,9575,23164,3.125,3.166666667
32c04ac0,3,2,1,22,1,16,2,4,-60,3913,8999,1,1,19,90,2895,7666,1,1,8,90,2944,6832,0,0,50,0,15769,34829,1,1,54,-60,8228,10999,0,1,1,270,11957,44495,0,0,26,0,9270,23664,0,2,23,90,5946,8832,1,1,55,60,3786,7832,0,1,18,-240,2855,16664,0,1,36,-60,5474,14165,1,0,12,0,3655,12832,0,1,59,0,12833,32996,0,0,56,0,2962,13832,0,1,62,-360,260,22497,0,0,10,0,5969,35995,1,1,42,-90,13144,20664,0,0,17,-90,3067,8832,1,1,31,-270,2463,16331,1,0,43,-90,6054,10998,1,1,21,0,9220,26164,1,1,29,180,3542,11499,1,0,3,-90,5358,14165,0,1,52,-90,3145,13665,0,1,53,60,1527,5666,1,0,41,-90,3083,7166,1,0,22,-240,3880,16164,1,1,48,60,7218,20498,1,1,7,-90,3935,12998,1,1,39,60,3763,7165,0,0,34,-30,11602,15664,1,1,46,0,7204,7332,0,2,38,60,12745,16831,64,60,2372,5833,49,-180,2816,26164,60,210,1993,15998,27,420,2767,27996,20,-30,4110,20831,58,150,1916,8998,25,300,3984,18498,14,180,3236,14498,61,30,3196,7666,32,120,4177,10332,45,180,6510,16331,5,210,4212,49993,11,-60,3787,7999,2,420,6089,35996,28,420,1951,23663,33,150,168,9832,9,420,4329,41494,6,360,4102,23664,16,150,3021,10832,40,60,2602,6666,47,180,470,11998,35,390,3000,28663,37,30,4000,9499,44,60,2413,7499,24,90,4865,10166,51,210,2551,11666,15,-210,3599,17498,30,150,3774,10665,13,60,5898,10332,63,-60,2971,6499,57,90,3334,9498,3.875,4.5
3234ec4a,3,2,1,28,5,14,1,46,240,2668,20498,1,1,1,270,21002,91488,1,1,24,360,984,22997,0,0,28,180,4632,25997,1,1,38,150,3984,17164,0,1,62,210,945,23497,0,0,29,180,4262,22497,0,2,22,90,12834,43662,1,1,2,180,4610,27663,0,1,48,120,7461,16165,0,1,42,330,4484,19830,1,0,45,180,7039,27496,0,1,13,240,7779,32163,0,0,55,270,53,23997,0,1,17,240,3646,21997,0,0,5,270,5036,30496,1,1,58,90,7148,17498,0,0,32,240,2762,17665,1,1,34,420,3261,24830,1,0,6,300,6561,25497,1,1,8,420,2777,25997,1,1,57,180,8832,34995,1,0,51,330,2147,28996,0,1,30,300,4171,24997,0,1,27,270,2719,20664,1,0,37,420,2858,25830,1,0,63,-210,12963,89322,1,1,59,270,6416,24330,1,1,61,300,5036,41828,1,1,9,210,4124,21664,0,0,60,270,3373,18164,1,1,21,270,5337,38662,0,2,19,240,5077,24831,20,330,3987,23997,14,330,4483,38661,56,240,11583,41995,44,330,4372,29330,18,270,4230,20998,23,300,12573,26996,31,360,3985,26164,4,150,17820,45327,12,270,3778,27663,7,240,5951,39661,25,240,14658,30663,53,420,3395,27496,52,270,4775,25664,16,420,3059,25163,39,300,3995,21664,26,150,7020,22998,47,150,9413,21830,54,210,4640,19164,33,360,3982,23331,40,330,4188,22830,43,420,4058,25997,35,390,4052,29996,41,330,4018,20998,10,150,7148,16998,3,210,38149,57160,36,360,5827,27497,15,90,7749,18164,64,210,3295,21831,49,270,4842,20164,50,300,2630,21330,11,270,3504,24997,2.5,2.5
20788f40,2,1,2,29,2,12,2,60,150,5255,20664,1,1,32,360,4906,37662,1,1,27,420,4284,41162,0,0,24,120,3306,11832,1,1,14,-30,9667,27330,0,1,21,420,4158,29996,0,0,20,360,4130,32163,0,2,42,0,4439,37328,1,1,55,0,13589,32996,0,1,35,180,3615,21831,0,1,19,120,13917,23164,1,0,4,240,4007,29830,0,1,13,180,7370,20830,0,0,61,150,2783,9832,0,1,29,420,3449,35163,0,0,5,120,6531,22164,1,1,1,-30,21043,170312,0,0,47,0,4300,18164,1,1,44,420,2859,30663,1,0,25,90,6063,13665,1,1,9,420,4007,61493,1,1,58,60,10345,18998,1,0,59,420,3653,33995,0,1,31,270,5801,30496,0,1,53,0,14613,57159,1,0,28,420,2764,32996,1,0,3,-120,6651,27997,1,1,16,150,6431,19498,1,1,46,0,39687,100320,1,1,40,0,4409,31830,0,0,36,0,5602,16498,1,1,10,420,5343,36162,0,2,26,-120,4942,15498,34,420,3844,33329,37,-120,3758,11998,52,270,6582,43661,6,120,22204,38495,12,210,3232,21330,56,-120,3571,14998,39,-120,8305,33329,30,-120,4911,13832,49,0,7483,29997,22,0,6028,24997,54,210,9843,28163,7,-120,5106,17164,63,-150,3384,17998,41,180,3155,14665,33,-120,3747,19331,62,-120,2995,11165,8,180,4022,19831,43,-60,7977,20164,18,30,6328,35828,38,120,4124,17665,2,60,7030,68825,11,-180,3929,13998,57,-90,8189,24664,23,-180,4430,17498,17,-90,12474,26830,50,210,23988,53493,15,0,6605,43495,51,180,5011,23497,45,0,14208,33663,48,-60,5834,20997,64,90,4522,15331,3,3.333333333
3d9e314d,3,2,2,28,1,16,2,57,60,4026,11998,1,1,13,0,4624,28830,1,1,27,0,3598,17998,0,0,29,-60,3222,13331,1,1,4,-90,7578,21330,0,1,9,-30,5558,13320,0,0,31,0,4116,9832,0,2,6,0,5194,32995,1,1,24,60,5104,14831,0,1,37,-90,4720,18998,0,1,14,0,8200,19997,1,0,26,-30,3184,19165,0,1,63,60,3993,10332,0,0,10,60,4528,37328,0,1,44,-180,3730,16664,0,0,20,0,3926,23497,1,1,21,-120,3716,14665,0,0,18,-90,3823,10996,1,1,51,-90,4264,15831,1,0,15,-30,4041,11832,1,1,23,0,4029,19331,1,1,62,60,3865,10332,1,0,3,-60,5215,18497,0,1,49,0,15821,35496,0,1,25,60,2817,8499,1,0,32,30,4608,22664,1,0,47,-240,3367,15831,1,1,19,-30,4367,9332,1,1,50,-60,6776,25330,1,1,17,60,3721,10332,0,0,45,0,4256,24496,1,1,42,30,6567,15332,0,2,60,30,3491,12166,2,270,4721,26496,59,300,4881,41161,61,60,4042,16831,53,60,6586,20498,43,180,7211,27164,48,60,4151,13665,33,60,3357,20164,28,60,4034,13165,1,240,1348,54327,39,270,12227,33496,64,60,4327,10832,40,300,2992,27830,16,60,3078,9332,22,150,4883,17998,12,90,4561,13331,52,0,7059,15998,41,120,7072,29162,56,60,4861,26997,55,150,5219,15664,38,330,3908,29663,46,240,3284,25330,58,0,5699,7832,5,180,4781,18331,34,210,3527,21330,11,120,4525,43994,36,180,3862,16998,7,120,4157,16165,8,270,3706,24663,35,60,4895,9833,30,180,2932,22996,54,60,6853,18331,4.5,4.833333333
72c80d64,6,3,2,28,2,12,2,15,0,6693,31996,1,1,6,0,3730,11498,1,1,22,90,5629,13665,0,0,49,-120,8871,17164,1,1,26,0,4037,14498,0,1,62,-90,4099,8499,0,0,44,-90,9738,13332,0,2,14,0,20408,52160,1,1,40,-90,9643,13831,0,1,37,-60,4026,7833,0,1,33,60,5554,9165,1,0,57,60,1614,8333,0,1,16,0,5100,13332,0,0,10,0,5025,20831,0,1,18,60,4422,8833,0,0,42,-60,7825,10998,1,1,43,90,5660,9498,0,0,56,60,3579,7832,1,1,45,-270,6031,28163,1,0,25,0,7070,52160,1,1,23,120,19648,37162,1,1,35,90,5761,9832,1,0,34,60,3733,8333,0,1,60,120,5964,11832,0,1,27,0,3229,126150,1,0,36,150,3722,14998,1,0,59,-90,4005,8165,1,1,51,-90,6096,10665,1,1,38,-90,4255,8165,1,1,5,0,3210,19997,0,0,32,90,4716,8499,1,1,4,0,8392,9332,0,2,30,0,7738,17498,2,150,5355,15498,54,90,3976,8332,9,90,5423,9165,24,150,9897,21831,13,0,21703,116652,41,60,5082,15332,28,0,4533,51493,55,90,3325,8499,17,30,17869,94654,48,150,3709,9332,50,150,3571,11499,53,90,5191,9166,11,30,1948,43827,7,90,5344,10665,52,90,4365,8332,46,150,9652,15998,29,0,10871,25164,61,-30,3273,8832,8,60,4559,8166,12,0,53692,54326,63,120,3963,8832,3,-90,3831,12165,20,60,3949,7832,1,-60,22848,35162,21,-60,4817,8665,19,-60,4290,7832,39,-120,6331,11831,58,-90,2782,11165,64,90,3766,8165,47,120,4532,10666,31,90,6731,9999,2.25,2.333333333
8a82a227,1,1,1,25,2,14,2,18,0,24206,69657,1,1,26,0,8246,45328,1,1,62,30,3056,6499,0,0,17,0,11020,35162,1,1,40,0,3869,29996,0,1,23,0,9558,30829,0,0,25,0,5736,40495,0,2,61,0,4659,36329,1,1,52,0,7546,40495,0,1,13,0,6583,44327,0,1,3,0,6315,40828,1,0,4,0,7214,35662,0,1,64,0,12220,41828,0,0,42,0,5998,28163,0,1,63,30,5884,9499,0,0,45,0,5786,5999,1,1,29,0,3705,32496,0,0,47,0,10609,10666,1,1,14,90,6819,12331,1,0,50,0,5375,34496,1,1,2,0,50911,74823,1,1,43,0,3788,26663,1,0,30,0,8056,31830,0,1,20,0,9592,50327,0,1,37,60,2846,7499,1,0,55,0,4752,5166,1,0,59,0,6969,6999,1,1,6,0,4855,43828,1,1,57,0,3634,20997,1,1,7,0,5860,46827,0,0,10,60,4603,12665,1,1,48,0,6430,6499,0,2,11,90,3299,10166,53,0,4912,34496,21,30,10576,63825,1,0,41802,80157,16,0,6637,6666,24,0,8210,41328,56,0,2396,3499,8,60,5063,13165,9,0,4290,4333,27,0,5751,52493,49,0,4099,16998,54,0,5414,6000,34,0,6897,37662,28,0,5262,37328,51,30,3521,13498,60,0,3775,28497,44,0,4691,23164,46,0,4172,27496,35,30,3799,9665,38,0,5551,20831,32,0,6025,40162,31,60,3904,9666,5,0,8360,78323,41,0,4744,27997,33,30,4499,7333,58,30,6538,37162,39,0,9121,34829,19,0,12260,52660,22,0,9145,56493,36,0,4228,27163,15,0,5092,5499,12,0,13808,40162,3.375,3.666666667
21301772,2,1,1,31,2,12,2,45,420,3778,37328,1,1,26,330,3434,29163,1,1,54,120,3313,14832,0,0,32,0,26295,40328,1,1,46,-60,8297,33662,0,1,53,30,9319,27163,0,0,27,60,8810,50161,0,2,59,180,4288,16665,1,1,10,0,7907,53160,0,1,57,90,486,20498,0,1,23,330,3342,27163,1,0,13,0,16817,67158,0,1,38,0,17125,45161,0,0,8,120,4392,21663,0,1,15,0,24312,44661,0,0,58,300,3911,22997,1,1,47,0,16602,40495,0,0,62,150,8091,47161,1,1,61,210,8918,36329,1,0,36,180,15424,29996,1,1,12,150,3729,16831,1,1,18,420,3081,39495,1,0,5,150,5259,27663,0,1,11,0,7466,23663,0,1,37,150,5542,18331,1,0,2,150,5593,25997,1,0,56,-60,7856,18498,1,1,42,60,7886,16164,1,1,9,180,8285,34996,1,1,51,180,8568,41995,0,0,41,0,18432,40662,1,1,6,120,4923,45328,0,2,22,180,3448,20997,1,240,23208,87989,30,90,6168,18998,33,90,9118,19664,19,120,4159,20664,64,120,6682,39828,43,180,4286,20164,55,300,2822,25830,20,210,3615,21664,49,210,10194,34496,17,150,8798,27330,60,210,4534,27497,7,180,4319,22164,16,180,3534,19831,31,180,2976,14998,44,60,4526,14665,25,150,8402,25164,34,180,3728,18164,21,180,2958,16498,4,240,6264,26164,24,120,27451,40494,52,150,1458,33496,63,150,8617,44995,3,270,4267,26496,40,90,5061,17497,28,60,5511,19664,48,120,10478,31996,50,180,7145,20997,39,120,659,17998,35,180,3600,20831,29,210,2360,21830,14,240,3432,19498,3,3.166666667
29c75920,3,2,1,28,5,16,2,60,420,57,23497,1,1,51,420,19,22164,1,1,20,420,266,26830,0,0,4,420,4424,25664,1,1,39,420,5356,25997,0,1,36,420,350,23163,0,0,9,420,3216,26163,0,2,21,420,5219,23330,1,1,58,420,2201,23163,0,1,6,420,4232,26497,0,1,45,420,11189,29996,1,0,53,420,3224,22497,0,1,11,420,2974,23330,0,0,1,420,63827,101821,0,1,26,420,2,23830,0,0,19,420,5875,28997,1,1,35,420,2971,27496,0,0,43,420,3183,20497,1,1,52,420,142,19664,1,0,29,420,779,28830,1,1,59,420,1177,27164,1,1,64,240,3718,14999,1,0,32,420,4568,25497,0,1,31,420,2945,23664,0,1,23,420,2805,24997,1,0,13,420,2465,25497,1,0,34,150,2126,13832,1,1,16,420,3506,29829,1,1,37,420,2975,24664,1,1,2,420,5345,32329,0,0,40,420,11753,36328,1,1,41,420,4392,24831,0,2,46,0,2417,6333,5,0,7931,39995,24,0,7470,25663,18,0,3059,15665,56,0,5862,23164,48,0,2833,7499,12,0,10075,22997,25,0,4010,33162,47,0,5214,5333,30,0,15012,36162,14,0,5712,30829,42,0,5626,41329,50,0,2758,7833,15,0,13583,13665,7,0,6337,31996,55,0,3530,17332,57,0,3023,10832,28,0,4143,23497,8,0,3565,3666,33,0,4585,17831,62,0,3552,35996,27,0,4986,27997,17,0,6577,30996,63,0,3665,20331,54,0,4049,20165,3,0,5637,23331,49,0,3001,14665,44,0,4115,22498,38,0,4996,29330,22,-30,5330,39995,10,0,1113,3666,61,0,3904,23163,3.625,4.166666667
09ca71e1,3,2,2,22,1,15,2,38,150,2414,8333,1,1,63,30,4948,12165,1,1,4,420,3442,30996,0,0,22,-30,3021,10165,1,1,50,-30,2780,9499,0,1,54,150,3236,13665,0,0,53,390,2830,22831,0,2,43,120,3384,8999,1,1,23,420,168,22331,0,1,15,-150,9061,20164,0,1,11,120,2988,8833,1,0,1,270,27520,94321,0,1,20,150,4290,18664,0,0,24,150,3168,9832,0,1,60,-90,3386,10666,0,0,18,90,4802,11665,1,1,31,-60,4937,11665,0,0,36,150,2358,9332,1,1,25,150,3048,15498,1,0,64,0,8867,17998,1,1,26,150,2487,7166,1,1,51,30,5263,11332,1,0,2,180,8006,42951,0,1,30,0,16508,40162,0,1,28,330,2441,17165,1,0,14,360,3087,27163,1,0,17,-270,2347,21331,1,1,57,60,13706,25331,1,1,9,-180,927,15665,1,1,58,90,1756,7832,0,0,19,60,4694,16331,1,1,56,300,1923,19330,0,2,39,-60,11382,17664,41,90,3414,8999,3,120,5026,17498,42,-90,359,9499,8,150,2788,10999,59,240,95,23997,34,-60,3047,7999,32,180,4573,12332,29,30,5784,16165,62,-90,2730,12999,33,120,3188,8499,46,60,6186,11832,6,210,4361,20497,45,0,12955,25997,40,150,2480,7666,49,-30,2489,7499,5,-30,18550,20664,37,60,3055,10498,61,-120,1773,8665,48,90,4964,10165,13,30,5712,10832,55,90,3275,7999,21,-60,3057,9166,47,60,2618,8666,44,60,3126,8166,27,120,5053,9999,16,90,2757,8165,12,60,3453,9165,7,0,15247,29330,10,-30,3366,8832,52,30,4815,9332,35,0,5649,5666,4.625,4.833333333
a35f9691,3,2,2,23,1,,2,61,-90,4274,13665,1,1,22,420,3030,33329,1,1,4,-150,3868,33162,0,0,9,-300,2310,19831,1,1,1,-150,22409,50661,0,1,26,-420,1341,21331,0,0,62,270,189,21997,0,2,54,-120,1273,8999,1,1,2,240,3865,38829,0,1,56,-420,4427,32829,0,1,39,240,3059,26164,1,0,8,90,4688,14332,0,1,33,-420,1868,24830,0,0,7,120,8287,26996,0,1,55,-420,13,29163,0,0,30,120,3499,14998,1,1,38,-420,1541,28496,0,0,41,120,2925,14831,1,1,58,-420,2045,28330,1,0,28,-390,1076,21663,1,1,24,-390,1,20998,1,1,59,210,699,17998,1,0,52,-210,2818,17664,0,1,36,-300,488,14498,0,1,43,-300,2346,37162,1,0,18,240,3145,18164,1,0,3,-420,3444,32830,1,1,51,-300,2176,20330,1,1,42,-420,1511,29663,1,1,35,120,3599,19331,0,0,34,90,2451,12331,1,1,53,210,3380,21330,0,2,14,270,4197,22497,10,420,3440,35828,23,-240,80,18331,57,300,2521,26164,31,-240,2772,16832,16,240,13818,27830,32,210,2561,20497,6,-90,3705,12332,5,420,3849,32163,63,-180,1390,15665,46,420,92,36995,17,270,2639,15998,64,420,2590,30497,13,420,3854,34496,20,120,361,10499,15,420,2813,27996,19,-210,2345,13998,12,420,3632,45994,44,390,1574,35495,49,-300,2384,22331,47,420,3941,44161,50,360,3509,31995,60,-120,212,8665,11,420,3222,38162,48,420,2968,35662,45,420,76,46994,37,330,207,30496,29,420,2333,36328,25,420,177,24163,21,180,3583,15998,27,240,1364,17998,40,180,24926,39495,4.75,4.833333333
0fe313d5,3,2,1,23,1,17,2,32,90,795,8499,1,1,34,60,2885,8832,1,1,38,420,7639,27829,0,0,1,30,10266,26496,1,1,35,30,2178,8333,0,1,36,60,2168,25830,0,0,39,420,5063,23497,0,2,15,30,17261,22330,1,1,45,30,5215,10499,0,1,33,60,3290,8499,0,1,60,90,3543,9828,1,0,50,120,4794,10999,0,1,64,-210,4970,21164,0,0,48,120,3238,8999,0,1,46,120,3420,9999,0,0,4,30,5753,29496,1,1,7,-60,4878,12498,0,0,16,90,4250,10665,1,1,30,-30,2637,10332,1,0,53,-30,2282,7666,1,1,25,330,2919,16832,1,1,51,60,3226,9166,1,0,43,-60,3295,10832,0,1,24,360,3715,22330,0,1,2,180,3616,21664,1,0,27,-210,2078,13498,1,0,55,240,4813,38162,1,1,9,180,4401,13498,1,1,40,210,3920,14998,1,1,23,120,3732,31162,0,0,14,60,4290,9332,1,1,63,120,2982,59493,0,2,42,420,4544,28663,5,420,3022,26830,17,420,3334,30996,13,420,2830,21664,57,420,4193,29829,10,270,2451,18165,61,420,4492,27163,8,420,2897,27329,44,420,4611,29330,37,420,2606,25830,47,420,3693,24497,11,270,2127,22664,18,420,3329,26997,52,420,2761,27330,58,420,3585,33496,22,420,2885,27163,20,420,3400,25663,6,420,3668,44662,62,420,4359,33162,56,420,3876,25664,59,420,4357,26663,21,420,5501,25497,28,420,1158,24164,19,420,1069,29830,49,420,3917,25997,3,390,3560,24330,31,360,3933,22831,41,420,3400,28663,12,90,3027,9832,26,420,2468,23663,29,420,1795,39828,54,420,2897,42994,4,4.166666667
a38ed22e,2,1,2,29,2,15,2,63,60,5225,22497,1,1,62,60,16116,33162,1,1,1,210,17318,76991,0,0,44,0,8031,14664,1,1,37,0,9479,15832,0,1,52,150,7862,23330,0,0,27,60,6834,20164,0,2,47,150,4866,20997,1,1,22,0,9699,16498,0,1,34,210,7361,23997,0,1,55,60,9302,31162,1,0,56,0,7550,12998,0,1,25,120,6231,18998,0,0,15,90,6567,14332,0,1,18,270,2286,21164,0,0,20,150,2653,19331,1,1,38,0,22931,29663,0,0,11,270,6213,23997,1,1,9,300,5275,29163,1,0,32,120,8294,30329,1,1,51,180,4271,21330,1,1,58,0,24403,29497,1,0,3,180,9585,30830,0,1,64,120,6066,18831,0,1,35,120,8623,36828,1,0,46,330,4167,44161,1,0,6,-120,14004,67325,1,1,7,240,7650,39662,1,1,49,150,3602,24164,1,1,50,150,6155,17331,0,0,10,270,9482,27663,1,1,61,150,10420,29663,0,2,45,0,16050,25663,8,90,16503,38661,33,120,5969,28996,23,0,26696,34162,5,0,30199,31662,42,420,4514,33495,29,0,24622,34329,14,-120,7478,19831,12,0,19377,28330,59,0,21512,29330,36,0,38202,48660,30,0,29579,38828,16,120,15310,27330,60,90,9965,30496,26,90,9691,31329,54,0,19948,27496,53,-90,7995,19664,48,-120,23483,35328,57,0,16962,22497,19,30,9740,17331,39,90,9283,23164,43,420,6575,37162,13,0,7818,13832,21,0,12696,20164,41,420,3833,46160,24,120,6804,19497,17,90,9193,44328,40,120,5683,19998,31,0,60735,66658,4,0,31650,43995,2,60,29998,54993,28,0,35292,43161,2.5,2.5
254ccfd7,4,2,2,32,1,14,2,35,60,2478,18664,1,1,63,120,2899,12998,1,1,39,-120,2866,11165,0,0,27,-90,2854,11998,1,1,60,-90,5905,12998,0,1,19,-90,3167,10831,0,0,26,-120,2539,9166,0,2,3,30,7334,54160,1,1,33,30,4055,34996,0,1,51,-30,3832,11332,0,1,44,-60,7730,13998,1,0,10,-30,2792,36662,0,1,21,-120,4255,16998,0,0,43,-90,3328,10665,0,1,57,-300,2345,23997,0,0,28,-30,3696,10499,1,1,58,-180,3570,16165,0,0,54,30,4344,11666,1,1,34,-300,3498,24997,1,0,18,30,4209,15665,1,1,5,-120,2880,11332,1,1,20,30,4313,13664,1,0,56,-30,3628,10665,0,1,37,-150,2891,13665,0,1,25,30,2930,12498,1,0,50,-90,3328,12832,1,0,11,30,5411,17998,1,1,23,-300,3145,17331,1,1,2,-210,3118,15498,1,1,30,-30,3340,12665,0,0,47,30,4487,11499,1,1,41,-30,4512,14331,0,2,7,120,3359,9832,13,90,3280,12332,48,-30,3667,11498,1,180,8274,28663,9,30,3437,8665,6,270,2879,18664,38,60,3120,13331,42,30,6483,11832,49,-30,3791,11831,40,60,4641,11498,64,90,3265,8666,31,150,3564,10665,8,240,3254,16331,29,30,359,9666,36,30,4737,14665,16,30,3381,13498,59,30,8380,14832,61,30,3264,8998,12,30,4481,13165,15,-30,5439,13332,46,60,4172,10166,22,360,3591,20664,17,90,2814,10999,32,30,3194,9832,62,240,2746,16331,4,30,3622,8999,52,150,6661,22664,14,180,3195,16997,55,-30,3266,9332,53,60,4252,15165,45,150,4188,13165,24,120,2645,12165,4,4.5
8cca55a3,4,2,2,26,2,12,2,58,330,4621,36162,1,1,33,420,6784,60493,1,1,40,420,3867,33329,0,0,32,420,7936,604922,1,1,13,420,5561,46328,0,1,41,420,2527,41161,0,0,30,420,4610,35329,0,2,14,420,3721,44328,1,1,5,420,6592,67491,0,1,1,360,40391,115485,0,1,21,420,9793,41828,1,0,47,270,3860,23997,0,1,45,420,1980,35496,0,0,43,420,4393,38162,0,1,56,390,5149,38329,0,0,48,360,3986,42661,1,1,10,420,5412,44828,0,0,37,420,4834,42328,1,1,31,420,6244,36162,1,0,62,330,5713,33995,1,1,49,330,5832,35495,1,1,16,420,5109,38995,1,0,50,330,7480,40161,0,1,27,420,5162,39162,0,1,52,390,5024,43161,1,0,6,420,32331,73991,1,0,55,360,3857,37662,1,1,53,390,7164,47994,1,1,15,420,6053,41661,1,1,64,300,20386,46994,0,0,4,420,8264,38495,1,1,46,360,3391,33829,0,2,3,360,7575,43995,20,420,5298,32662,26,270,4758,28496,25,210,3899,22498,17,420,5035,37995,51,360,3930,36829,12,420,4140,39995,9,420,6113,39661,42,420,4361,34495,59,420,14437,64659,28,420,4318,38995,35,60,25142,37162,63,390,5266,79823,11,420,5412,42328,54,390,5054,40161,2,60,9978,30830,24,420,14309,43661,38,420,14743,52993,39,420,10528,43328,60,360,5790,34829,44,-420,3026,83156,23,420,5790,32662,18,420,12362,37162,57,330,3598,30996,8,420,4398,31829,29,420,14042,45327,7,420,5429,41161,22,420,25723,53827,61,360,3901,39828,34,-60,5079,87822,19,420,5613,33995,36,420,7583,50660,3.875,4
a5040bce,3,2,1,25,1,,2,5,210,3389,25496,1,1,50,360,4068,21997,1,1,17,300,3735,28163,0,0,49,360,435,17498,1,1,64,300,4208,25997,0,1,28,270,5098,21831,0,0,15,240,3539,18497,0,2,38,270,3658,14998,1,1,35,300,4772,19997,0,1,27,270,3938,17664,0,1,43,240,3072,12831,1,0,55,330,3679,20497,0,1,41,270,3389,16665,0,0,57,360,3212,25330,0,1,30,330,2992,19164,0,0,19,240,3339,15998,1,1,48,390,2565,19164,0,0,45,240,4464,19664,1,1,54,300,3367,18165,1,0,56,360,3528,23663,1,1,16,210,4655,19997,1,1,24,240,3741,15665,1,0,44,240,5025,16331,0,1,32,300,4163,17498,0,1,3,210,4220,22497,1,0,53,300,3039,19497,1,0,6,210,4613,19164,1,1,31,300,3724,19664,1,1,40,330,4332,20830,1,1,23,330,2843,21831,0,0,58,330,6922,26663,1,1,22,270,3261,22164,0,2,9,-90,4801,30163,42,-30,6030,25164,60,150,3915,14331,33,-120,3236,9832,13,-150,8359,20164,37,-90,4647,9831,18,-60,3834,8665,25,-90,5457,13165,8,-90,4001,36662,62,30,7151,11166,4,-150,4938,17665,14,60,5978,15665,10,-90,4142,9832,46,150,3509,20664,7,0,6791,6999,11,-90,3421,13832,12,-150,7404,21664,20,-30,4220,15165,51,90,4746,17665,61,0,5376,71991,26,-60,6613,17997,34,-90,3658,9832,59,60,16621,22997,47,180,3723,11998,1,-90,9047,28996,52,-60,3512,12332,63,60,3579,14665,36,300,5157,26330,2,-90,5072,12999,29,-90,12482,20498,21,-90,4360,10665,39,-30,10913,15998,4.375,5
d11dc241,4,2,2,26,5,12,2,31,180,11439,50987,1,1,56,0,15570,27993,1,1,42,270,4903,20195,0,0,25,-90,5075,22194,1,1,64,0,16831,27793,0,1,6,-30,31434,65783,0,0,10,210,4846,21594,0,2,5,-270,8552,18395,1,1,49,-60,4282,18595,0,1,44,0,18266,18395,0,1,3,60,1168,15796,1,0,29,120,15520,33791,0,1,50,0,19773,19795,0,0,21,240,2409,22195,0,1,1,120,23442,52587,0,0,32,0,4289,6198,1,1,33,0,18868,18995,0,0,47,0,26843,35191,1,1,13,300,2985,35591,1,0,53,0,22609,38390,1,1,57,240,6634,20395,1,1,38,390,5386,36391,1,0,4,240,14360,65584,0,1,51,0,16274,37391,0,1,19,-180,12171,35791,1,0,28,300,6235,34592,1,0,16,-270,6059,39590,1,1,18,0,10518,20195,1,1,22,180,9221,38190,1,1,2,420,8362,37991,0,0,59,0,4361,15996,1,1,55,0,18448,18595,0,2,63,-90,3621,14796,60,180,562,9997,26,0,2409,18395,20,-420,2797,18195,39,-210,20773,31792,36,-180,4878,27793,46,-90,7761,20195,41,-180,3602,13396,45,390,3099,17196,35,-180,4914,17995,62,-120,14676,27993,34,-240,14261,22994,9,-420,8723,25993,17,-150,4897,18796,54,-180,3506,19195,58,420,4208,25994,8,-180,3881,18196,43,-240,1845,13196,15,120,4338,12197,48,-60,6410,21794,14,-150,5942,34792,23,420,3338,20394,27,-420,5862,23794,52,-210,16261,44389,12,-240,3593,19995,61,180,4043,16396,40,-210,3408,21194,7,-360,3038,15796,24,420,3602,24194,30,-300,4486,25993,11,-240,6490,20595,37,-270,6772,26193,3.125,3.666666667
fcad99f8,4,2,2,26,1,18,2,2,-30,19526,70990,1,1,56,210,7729,27330,1,1,38,360,4005,32496,0,0,50,180,4358,24663,1,1,62,60,6232,15831,0,1,9,0,19290,19331,0,0,15,-30,9087,14832,0,2,33,60,19647,33996,1,1,59,120,4223,20831,0,1,26,30,13029,17998,0,1,29,30,21122,29163,1,0,11,60,12195,39662,0,1,27,60,6782,20998,0,0,8,-90,3478,13665,0,1,28,-60,5438,11165,0,0,16,30,8402,18497,1,1,35,60,23009,41161,0,0,52,150,37877,68657,1,1,55,150,7168,22331,1,0,39,-120,9936,33496,1,1,18,90,10728,26330,1,1,7,-120,24798,50327,1,0,48,30,8455,14331,0,1,64,180,7953,21330,0,1,47,210,24830,60492,1,0,31,120,7483,13331,1,0,54,-150,7892,25330,1,1,53,60,27270,35495,1,1,61,-90,4425,21330,1,1,44,90,23906,44161,0,0,41,120,11077,36328,1,1,14,90,6104,12498,0,2,4,60,3480,9499,5,300,4372,28997,21,90,233,46327,13,180,4868,18664,58,180,29710,43328,3,210,7531,29996,43,240,16324,70824,30,300,8914,64492,17,240,7956,40662,51,210,25095,69991,20,90,4111,11998,23,360,3813,27496,6,210,6816,33162,19,-90,22705,36828,46,270,27102,61492,36,240,17135,45495,42,240,46816,68824,40,270,9541,45494,34,90,33696,44495,45,180,22362,43994,22,-30,9200,16831,24,330,4162,24330,37,-120,16634,30996,57,240,5600,21331,63,60,10624,21164,12,30,10319,29163,25,300,3965,26497,10,60,12274,16332,60,30,6200,14665,1,90,21974,51493,32,30,27576,31663,49,120,6038,17498,3.625,4.166666667
a99d779e,3,2,1,25,2,16,2,31,60,9629,29663,1,1,57,90,24576,43827,1,1,41,150,9000,67491,0,0,60,0,13722,24997,1,1,55,60,13039,51327,0,1,54,120,7859,36996,0,0,11,180,6518,30829,0,2,6,120,6294,58826,1,1,36,90,8706,21330,0,1,1,120,29125,84989,0,1,14,150,11759,34329,1,0,37,30,11583,24164,0,1,2,180,19826,61492,0,0,10,150,6733,35662,0,1,3,150,6478,30163,0,0,35,0,4424,19497,1,1,38,60,6723,26496,0,0,61,60,6609,44827,1,1,39,180,4820,32329,1,0,26,0,36687,60659,1,1,21,120,14116,43494,1,1,48,120,12204,32330,1,0,64,60,7642,31496,0,1,59,30,14822,70157,0,1,53,120,4274,44494,1,0,22,120,3999,25663,1,0,50,0,17400,33663,1,1,34,60,53001,76990,1,1,8,120,8177,21664,1,1,46,120,12921,42827,0,0,13,90,9974,37829,1,1,43,90,8160,29662,0,2,56,60,20322,30163,5,180,3595,38495,7,150,4529,23831,19,90,4187,18831,52,90,5616,33663,15,120,4488,27330,32,60,19214,48827,20,120,4063,24164,42,150,68184,89822,29,0,20311,44994,58,30,17903,30330,27,0,23660,39495,40,120,42946,104487,33,180,13351,42661,16,180,11982,42828,23,120,11657,29163,24,90,9387,35162,44,0,9343,36495,62,30,12626,26663,28,30,6245,40661,51,150,7442,23664,17,60,6865,48827,63,60,8175,42828,9,180,7983,32163,47,60,137251,175810,4,180,6862,40995,18,150,3636,26330,25,60,7913,30829,30,150,3261,31329,49,60,21639,55993,45,90,6101,26330,12,120,9501,27163,3.75,3.833333333
47c4dbc8,3,2,2,29,2,16,2,35,120,3196,9499,1,1,19,-90,4806,12665,1,1,53,420,3374,31329,0,0,7,-300,4086,20498,1,1,27,-180,6320,25330,0,1,11,420,2844,27496,0,0,3,120,8701,31662,0,2,15,-120,4521,12665,1,1,17,420,2906,27163,0,1,5,-120,6500,16664,0,1,6,240,5180,20497,1,0,56,0,6343,47661,0,1,43,-420,3728,27330,0,0,20,-120,4517,16331,0,1,46,-420,10367,37495,0,0,32,180,4948,15831,1,1,61,-270,4464,17498,0,0,36,120,4158,11332,1,1,8,420,3180,29663,1,0,18,-90,6776,16165,1,1,59,270,2929,17331,1,1,55,420,5653,29496,1,0,13,180,7356,19164,0,1,52,300,6358,26164,0,1,64,-330,5699,28329,1,0,47,90,11706,22664,1,0,44,-300,6173,24997,1,1,54,420,4919,31996,1,1,62,-180,11230,24497,1,1,38,420,2879,25664,0,0,48,-420,3916,32329,1,1,34,90,6054,11332,0,2,41,-90,3603,9832,10,240,4970,18331,50,120,3664,11498,9,150,4147,14665,40,120,3498,8332,1,420,21650,61493,30,90,2859,9499,49,300,3694,21497,39,120,3046,8166,51,-120,3856,10665,25,270,3129,18331,22,90,3299,9332,12,150,3937,14998,24,150,4816,13499,31,360,2771,24164,16,150,5044,13665,63,-60,4501,12332,2,-30,7418,46994,4,390,4210,26664,33,0,4167,21497,42,180,3356,19164,23,150,4528,13831,37,-150,3763,14165,14,210,3786,17831,29,420,2531,28830,45,420,4300,29997,58,-120,3237,8832,21,420,2724,26496,28,420,2881,26997,26,0,5098,6333,60,210,2769,13165,57,0,5441,17331,2.5,2.666666667
bdfe2f9e,4,2,1,30,5,16,2,19,60,42205,55992,1,1,23,120,4889,19998,1,1,5,-30,21762,30996,0,0,1,120,11091,69325,1,1,22,30,11406,16664,0,1,41,30,7017,12165,0,0,21,90,3937,18831,0,2,48,30,10695,27163,1,1,39,30,19914,29996,0,1,14,-90,9737,43828,0,1,46,30,9421,22830,1,0,45,60,7101,21997,0,1,10,90,5514,26163,0,0,34,30,22136,29329,0,1,58,-90,7809,32829,0,0,33,30,19442,33329,1,1,18,-60,7399,17331,0,0,15,150,6643,54827,1,1,31,0,17090,33162,1,0,64,0,11703,34496,1,1,42,120,4079,15498,1,1,54,30,13868,26664,1,0,28,60,3780,12831,0,1,56,0,16191,39994,0,1,29,120,3069,18331,1,0,20,180,29921,50660,1,0,49,-60,6288,13665,1,1,27,0,14953,23996,1,1,36,60,14122,19665,1,1,57,60,7885,20164,0,0,6,210,17854,56326,1,1,24,90,4212,15498,0,2,51,0,6084,23163,3,60,4476,10999,43,30,13596,23498,25,0,10150,57160,13,60,4871,9332,30,30,15129,19664,11,0,14388,69492,17,-60,3369,9832,12,30,13013,19998,32,-60,10949,18831,61,30,7268,14665,40,0,15566,35829,2,0,14430,34495,53,-30,6844,12998,4,0,7221,28996,35,-30,10936,15831,50,-90,4149,20331,60,0,7901,44827,38,-30,4307,9499,63,0,4339,19331,47,60,6030,12332,55,30,11448,17331,44,60,3956,9665,9,0,6692,52493,7,60,10097,16831,16,0,12446,29163,52,60,15713,23664,62,0,5744,23497,59,0,7192,17165,26,0,12334,170479,37,30,19507,26163,8,0,20071,39662,3.25,3.333333333
0e80627b,4,2,1,22,2,12,2,7,420,300,27193,1,1,50,270,3270,23594,1,1,60,300,4522,25193,0,0,58,60,4411,10197,1,1,35,90,14402,18996,0,1,33,90,3564,11197,0,0,64,120,3719,11197,0,2,27,420,7390,31992,1,1,6,390,3167,26194,0,1,41,0,4970,16796,0,1,21,420,2955,28793,1,0,20,90,2595,9197,0,1,11,120,4106,16396,0,0,36,60,3891,10797,0,1,23,270,1913,16596,0,0,46,30,12281,17996,1,1,39,-30,3272,7398,0,0,52,210,6408,26994,1,1,12,420,4269,32392,1,0,24,240,5884,19595,1,1,53,90,3940,10397,1,1,1,180,25068,96776,1,0,13,150,4524,16996,0,1,3,330,2762,21994,0,1,59,60,6281,16596,1,0,40,60,3480,7398,1,0,62,-90,7922,23394,1,1,15,240,4279,22994,1,1,17,120,4333,14996,1,1,22,120,4048,27793,0,0,16,150,4233,14397,1,1,37,0,2801,2999,0,2,18,420,2215,28193,29,420,3353,26393,63,360,3175,26593,8,420,876,24994,48,390,3189,30592,19,420,3700,32591,55,270,3727,22594,9,150,4680,16196,28,420,126,32392,57,270,6367,30393,56,360,3321,33192,49,390,3044,30192,31,420,3993,33592,51,420,232,24993,10,420,142,30592,61,420,3666,30792,26,420,1927,25593,38,300,59,18596,42,420,102,31392,34,420,5006,29992,14,420,2365,28192,47,300,4154,29193,25,420,3008,86578,43,420,5247,31592,5,420,2651,33791,54,420,2760,32991,44,240,8004,23794,4,300,5326,30992,32,420,6579,32192,45,360,4067,28393,30,420,5028,29993,2,420,10270,34791,3.625,4.333333333
37f5bdb3,1,1,1,26,2,14,2,49,0,8044,22330,1,1,48,0,6962,21664,1,1,12,60,3831,11665,0,0,36,0,10319,22831,1,1,47,0,7167,17164,0,1,64,0,7422,17664,0,0,23,0,13285,24996,0,2,25,0,7130,44161,1,1,10,60,5551,14331,0,1,31,0,11042,28997,0,1,3,0,19290,53660,1,0,59,0,9439,19331,0,1,19,0,10124,31829,0,0,27,0,5635,25663,0,1,15,0,9582,38829,0,0,58,0,11372,27497,1,1,29,0,8409,28830,0,0,52,0,9314,26829,1,1,37,0,7331,27496,1,0,39,0,16973,26163,1,1,4,0,8547,8832,1,1,30,0,5146,18664,1,0,40,0,9796,23663,0,1,54,0,6693,6833,0,1,34,0,13498,33829,1,0,5,0,5226,39995,1,0,8,-90,10736,22489,1,1,63,0,6213,16831,1,1,38,0,6165,25830,1,1,42,0,15084,29663,0,0,57,0,6232,20497,1,1,44,0,9286,26330,0,2,17,180,3595,17664,13,390,2920,33162,16,-60,18914,28830,32,-90,4691,15665,21,-120,4720,15664,41,-60,11757,29330,55,-300,7139,22663,18,-150,4545,15998,45,300,3994,29663,26,-60,3760,12832,60,300,4013,37995,14,180,3575,20164,22,180,3604,15831,43,210,3876,22997,33,270,3150,32496,46,270,1235,26664,35,-60,4707,40495,6,120,3608,18664,28,-120,6469,20997,7,-180,4344,18831,20,360,3636,33996,2,270,5168,31496,24,120,3024,14332,62,150,5237,21331,51,30,5587,76656,50,30,4758,14331,53,210,3279,23830,61,-60,11962,31330,11,270,3804,24163,1,150,10418,54493,9,180,3731,21997,56,90,4015,14498,2.125,1.833333333
c10a67e8,3,2,2,26,2,,2,35,0,6123,6166,1,1,32,-60,6903,14332,1,1,7,0,3068,10832,0,0,40,0,4986,5000,1,1,21,-60,3032,35162,0,1,34,-60,6054,17998,0,0,39,0,1342,5833,0,2,44,-60,9289,33829,1,1,36,0,4734,19664,0,1,56,30,4954,7333,0,1,55,0,10989,30329,1,0,10,0,2335,25164,0,1,28,-90,5808,34663,0,0,42,-90,812,32163,0,1,1,420,12984,52160,0,0,49,-120,55499,89489,1,1,12,0,4404,10165,0,0,24,0,12805,20997,1,1,17,-30,3554,28329,1,0,11,420,8718,39328,1,1,45,-90,8968,22331,1,1,38,0,6162,14831,1,0,23,-60,3791,28996,0,1,57,0,11260,41828,0,1,18,-60,8792,34329,1,0,4,-30,9130,45827,1,0,15,0,5834,8166,1,1,63,0,8801,46661,1,1,37,0,5358,32829,1,1,47,-90,9208,33495,0,0,29,-30,3677,11665,1,1,53,0,11051,13165,0,2,61,420,1993,36828,30,420,4693,40329,31,420,7018,34163,3,420,6589,36496,16,420,43,37162,51,420,7376,43161,20,420,6104,35329,48,420,6117,51327,9,420,3864,34995,26,420,4376,34162,19,420,9191,43661,58,420,4082,35829,25,420,3454,35328,33,420,2939,34662,50,420,6727,39995,62,420,7128,43661,52,420,9059,39995,22,420,622,35495,60,420,3627,34996,64,420,2502,31329,59,420,9364,40661,6,390,6541,48160,46,420,4397,31162,43,420,7560,42661,8,420,6707,38328,41,420,2820,34328,54,420,4195,37662,5,390,4374,34829,2,420,8891,45328,27,420,4725,42661,13,420,3157,31996,14,420,6689,43162,2.875,2.833333333
3b0546e2,2,1,1,21,2,12,2,58,0,6244,29992,1,1,64,0,2688,7598,1,1,32,0,5432,5999,0,0,57,0,7433,15196,1,1,1,30,45382,58985,0,1,41,0,14382,21195,0,0,62,0,7107,12850,0,2,34,0,16960,24997,1,1,52,0,8741,8804,0,1,28,0,7739,14796,0,1,10,0,4696,5399,1,0,40,30,6426,13597,0,1,37,0,679,7997,0,0,9,0,7496,14997,0,1,26,0,3591,7598,0,0,27,0,4414,10398,1,1,60,0,5138,10798,0,0,12,0,8918,9798,1,1,11,0,6705,18595,1,0,29,0,11402,34991,1,1,8,0,7891,25793,1,1,51,0,5233,5398,1,0,43,30,4018,6199,0,1,48,0,24076,25593,0,1,54,0,7000,13597,1,0,19,0,8668,16396,1,0,56,0,9822,16796,1,1,38,0,7788,14796,1,1,23,0,8143,18396,1,1,53,0,7441,7598,0,0,35,0,15231,22373,1,1,59,0,5851,6111,0,2,47,0,16375,24994,33,0,8981,8998,6,150,3620,23794,16,-30,8789,18395,4,-30,5894,24593,31,0,10481,16996,22,0,9942,17595,42,90,5285,26394,46,0,7904,14396,5,0,31429,38190,21,0,6661,6799,45,0,16041,22795,49,0,7844,7999,44,0,19178,21395,17,0,8059,8198,61,0,3518,3818,55,0,5562,11997,24,0,7587,9056,36,60,4135,18472,2,0,8125,38990,15,-60,4211,24593,30,60,8397,19795,20,0,7450,12997,14,30,2990,14196,50,0,11940,19995,63,0,8767,10397,3,0,8952,18795,25,30,28838,30393,39,0,7290,15396,13,60,3627,17395,18,0,8868,15796,7,0,17540,17596,3.5,3.833333333
4e1b2bd0,1,1,1,22,1,16,2,59,0,11975,16331,1,1,33,0,10316,18997,1,1,26,0,5307,9165,0,0,9,0,21841,37995,1,1,55,0,8212,12831,0,1,57,0,7842,13831,0,0,34,0,9295,13165,0,2,44,0,6729,11665,1,1,20,0,20661,22497,0,1,10,-30,17872,26330,0,1,27,0,4999,6666,1,0,60,-30,1101,6666,0,1,37,0,5972,10665,0,0,18,0,4976,4999,0,1,21,0,7280,40328,0,0,7,0,14769,18998,1,1,19,-30,7426,27163,0,0,35,0,13477,21164,1,1,8,-30,9032,31996,1,0,49,0,4981,9332,1,1,50,0,7946,12665,1,1,64,0,21526,27830,1,0,52,0,5842,9499,0,1,41,0,6473,10166,0,1,46,0,7678,15165,1,0,53,0,7445,11999,1,0,6,0,8437,12832,1,1,2,0,38160,71824,1,1,30,0,7699,12832,1,1,16,0,4937,8999,0,0,23,0,4072,8166,1,1,39,0,7043,10665,0,2,38,0,7268,10832,11,0,9243,36329,17,0,9527,15165,22,0,8688,13999,3,0,11547,17665,5,0,10187,25996,56,-30,6102,14499,47,0,7666,15664,63,0,4214,10332,32,0,9566,14498,48,0,6159,9999,4,0,12763,18831,14,0,10879,14831,43,0,5421,5499,36,0,7867,11998,24,0,4447,8332,12,0,8711,15998,62,0,3232,10499,31,0,28221,32662,29,0,8983,14831,51,0,6311,9998,1,0,60998,90655,13,0,8865,13499,40,0,4955,12831,42,0,8288,15831,61,0,6000,9665,58,0,10191,14332,54,0,7104,11665,25,0,8095,11665,15,0,5223,9499,45,0,8598,12832,28,0,7417,12498,3.375,3.5
88a0f49b,3,2,2,21,1,15,2,31,30,370028,376285,1,1,21,90,4884,14332,1,1,57,120,5049,12165,0,0,17,60,4206,11499,1,1,41,-120,4393,13498,0,1,49,30,5914,41661,0,0,16,120,4072,20997,0,2,63,90,3833,40328,1,1,15,-90,4729,22664,0,1,45,-210,3917,13998,0,1,50,90,4141,11832,1,0,40,-90,3944,15165,0,1,7,60,12549,55326,0,0,38,90,4857,21497,0,1,58,-420,3295,22330,0,0,29,60,3432,13332,1,1,39,-240,4280,19331,0,0,24,-120,4586,14331,1,1,46,-270,2529,14665,1,0,23,-210,7394,36662,1,1,12,150,4712,25163,1,1,56,-60,4642,11832,1,0,22,60,5116,11165,0,1,36,-180,4153,23830,0,1,54,150,2970,12332,1,0,61,-270,2939,14832,1,0,51,-120,4513,14165,1,1,60,-90,4183,9498,1,1,62,-240,3591,16165,1,1,59,240,2668,15665,0,0,32,60,3854,9499,1,1,27,90,4232,11998,0,2,6,180,3246,22330,53,-90,4125,11165,34,150,8935,18831,47,240,3232,21164,11,360,3833,26497,1,390,10994,52827,10,180,4308,18664,26,240,3243,19165,28,300,6996,27997,8,150,14774,27830,30,210,2965,22830,42,300,3695,24830,2,210,6081,22164,48,60,6592,15665,18,300,5391,23997,64,-180,5079,14498,9,120,7772,17165,44,420,2597,24997,37,360,6233,33329,43,270,3342,23663,55,150,6192,17164,5,390,5214,33162,14,210,4539,20997,3,90,3557,13998,25,210,3952,21830,52,120,2428,12165,19,150,5177,15498,20,90,4385,16165,35,180,3758,17164,4,420,3016,27329,13,120,4139,18997,33,120,5626,16498,4,4.333333333
f1623497,4,2,2,23,1,13,1,43,0,6720,16665,1,1,46,0,7451,14831,1,1,54,0,9075,31996,0,0,45,0,14861,28496,1,1,20,0,10749,11332,0,1,34,0,14451,23164,0,0,28,-60,5595,14332,0,2,52,0,8679,25164,1,1,47,0,7903,18830,0,1,61,0,6228,21497,0,1,17,0,10393,29997,1,0,64,0,11730,24330,0,1,41,0,11761,11998,0,0,58,0,13451,22998,0,1,21,-420,4285,37829,0,0,38,0,7599,21664,1,1,23,-90,8099,16665,0,0,42,0,4520,20331,1,1,18,-210,4668,27830,1,0,12,-60,7755,18664,1,1,8,0,6286,13665,1,1,35,0,12726,35495,1,0,4,-120,9867,31329,0,1,25,0,14375,32496,0,1,39,0,10415,24996,1,0,13,-90,6144,22997,1,0,2,-30,10006,37161,1,1,30,-30,13128,17831,1,1,37,-360,3888,29663,1,1,10,30,7111,15832,0,0,36,0,8785,20831,1,1,56,0,13383,31829,0,2,53,360,6903,48661,44,360,30573,60826,7,330,7112,34329,26,330,7037,30163,59,390,5204,37161,55,390,6787,44661,33,390,6378,40161,51,390,4808,49327,16,300,8132,37162,11,330,9437,30996,27,360,6526,28663,3,270,6283,50493,5,210,4969,23331,40,360,5841,35829,6,270,6263,41662,29,330,4914,47993,19,390,5298,32662,31,330,6597,53159,1,90,14808,53993,15,330,6144,51160,63,390,4870,49994,48,420,4380,39661,49,360,17826,42661,14,330,7215,38162,57,360,5973,39995,60,390,6834,54493,9,330,6069,34662,22,420,4454,35996,62,420,4241,40661,24,360,5635,31829,32,390,7162,40495,50,390,6719,37328,3.375,4
31a375d5,3,2,2,22,1,16,2,60,60,12261,33162,1,1,42,30,6105,10998,1,1,41,150,3800,13165,0,0,47,-60,3839,10999,1,1,13,150,6438,18831,0,1,50,240,4834,21164,0,0,59,0,16074,26330,0,2,44,0,8807,26330,1,1,5,150,6127,22664,0,1,46,180,5478,22830,0,1,39,240,5010,20164,1,0,63,-150,4296,18831,0,1,7,0,8587,26996,0,0,35,150,4535,16331,0,1,51,420,3856,35495,0,0,14,210,3411,24830,1,1,24,-30,9391,28330,0,0,12,420,3564,28996,1,1,6,420,3197,31996,1,0,2,420,6717,41495,1,1,16,180,7442,22997,1,1,4,300,5824,39495,1,0,28,300,3767,30329,0,1,33,180,14105,32496,0,1,10,90,13322,28496,1,0,43,90,7534,21997,1,0,56,-90,9352,18498,1,1,61,210,4527,17998,1,1,29,180,6608,31829,1,1,17,240,4681,21164,0,0,40,0,5212,23830,1,1,57,90,6291,22497,0,2,45,-30,9343,24663,23,330,4577,26330,9,300,4668,32329,1,210,19166,56826,62,300,3993,22164,55,150,7020,19164,34,60,6553,36828,36,90,5428,14665,3,270,6690,34162,15,0,8663,26330,31,420,3706,32830,53,330,3620,24330,30,420,3194,32330,58,210,4608,19831,64,0,6525,24497,52,0,6512,16665,48,-120,4690,21831,26,60,4680,15998,27,180,3702,16665,11,210,5024,28330,32,210,2971,18665,22,420,4643,31330,8,0,15626,36329,25,210,3953,19497,37,-90,3654,14831,21,150,3668,23664,19,90,3838,16498,18,0,17069,32496,49,420,2730,32662,54,60,6254,27163,20,420,2818,28497,38,210,4790,18998,3.625,3.833333333
7696a3d3,3,2,1,21,2,14,2,61,0,5124,8665,1,1,19,0,4824,12498,1,1,28,90,3655,14165,0,0,53,0,2942,8332,1,1,57,0,10898,14665,0,1,16,0,10537,31996,0,0,18,0,4870,4999,0,2,2,0,15038,70158,1,1,32,60,3973,18498,0,1,37,-60,2946,12998,0,1,56,0,5526,12832,1,0,64,0,3356,7166,0,1,22,0,12624,28996,0,0,52,90,2917,15498,0,1,33,0,11942,12665,0,0,21,0,6457,24330,1,1,6,-60,11437,24830,0,0,49,0,10403,15665,1,1,7,0,6777,67158,1,0,27,-120,8102,24831,1,1,10,0,8116,27664,1,1,5,0,16580,79157,1,0,44,0,6320,11498,0,1,59,0,16327,20497,0,1,43,0,17449,22830,1,0,38,0,5082,6000,1,0,60,0,4413,8166,1,1,3,0,12544,60492,1,1,45,0,4068,7832,1,1,39,0,3063,4000,0,0,13,-90,5787,36662,1,1,12,90,6825,19164,0,2,58,120,13807,28496,9,420,2458,28330,26,270,12763,34995,42,0,16963,23164,63,150,6047,25830,31,120,3204,15498,46,0,7663,11832,24,360,18540,36995,48,0,6088,9999,15,30,12131,22497,34,120,5542,17998,47,0,6826,10665,40,150,10927,28829,11,420,6453,31996,23,420,3633,32329,25,360,2869,27163,62,180,3560,23831,51,420,3650,27330,4,330,4162,27663,50,150,8992,23163,8,300,7200,31163,20,420,3440,25163,35,30,7201,15331,36,0,11227,37828,55,420,3042,29330,54,330,2961,24997,30,390,4834,31663,14,420,4576,29163,17,420,6282,30496,1,210,9832,47994,29,420,3432,28496,41,0,6632,24997,3.625,4.166666667
edbb7c72,4,2,2,20,2,12,2,4,0,9827,35391,1,1,12,0,10144,41790,1,1,7,0,11088,11197,0,0,57,0,5371,5398,1,1,14,0,6069,36990,0,1,42,0,13097,27393,0,0,43,0,13891,13996,0,2,54,0,37894,37990,1,1,58,0,10420,30992,0,1,38,0,19245,36191,0,1,52,0,42247,54386,1,0,47,0,17340,17395,0,1,2,0,11956,11997,0,0,46,0,4882,4998,0,1,10,0,6277,25194,0,0,45,0,6091,18595,1,1,64,0,4974,7998,0,0,9,0,6989,37790,1,1,3,0,13346,13397,1,0,27,0,5494,5599,1,1,44,0,6112,6799,1,1,29,0,6452,6611,1,0,1,0,158379,158560,0,1,59,0,9712,23594,0,1,33,0,14566,16196,1,0,37,0,10979,35990,1,0,39,0,13291,13397,1,1,63,0,17510,23994,1,1,25,0,5063,15996,1,1,18,0,22394,72782,0,0,17,0,9056,81779,1,1,15,0,5905,5998,0,2,16,30,6735,16795,48,0,6733,36790,36,0,10313,37590,24,0,7739,27393,6,0,19008,52986,41,0,7185,19595,26,0,4156,5599,56,0,7372,7399,20,0,11715,64183,55,0,9342,9398,62,0,7133,45388,5,0,14673,28993,49,0,8310,25393,13,0,37662,81979,23,0,48059,48188,53,0,21199,32991,28,0,5024,5199,8,0,14668,14796,22,0,44273,77981,34,0,10758,10797,60,0,7595,27593,19,0,30448,79780,21,0,10839,23794,61,0,7120,16796,32,30,7224,22194,30,0,11003,25993,51,0,8555,23994,31,0,16157,37791,40,0,7093,16596,11,30,10021,24994,35,0,10729,24394,50,0,7944,7998,1.75,1.166666667
2a626b7b,2,1,2,20,2,13,2,22,60,2227,6499,1,1,60,180,4352,12332,1,1,54,90,2784,8166,0,0,32,-90,3686,12999,1,1,36,60,4519,9165,0,1,61,60,4123,8165,0,0,35,210,4192,18164,0,2,64,210,5494,18664,1,1,57,0,10046,13332,0,1,33,-150,4741,13165,0,1,2,0,20346,56160,1,0,49,30,9292,21664,0,1,20,-150,5975,14665,0,0,16,0,6124,19164,0,1,37,-30,8428,13665,0,0,44,30,6919,11666,1,1,51,-60,3710,7332,0,0,15,60,5755,17498,1,1,58,-150,4578,17498,1,0,31,-90,7237,17331,1,1,4,0,5986,6332,1,1,14,30,13815,19497,1,0,43,0,4235,21664,0,1,42,-270,4285,21497,0,1,50,30,7278,42995,1,0,18,-60,4271,9998,1,0,52,30,7275,10498,1,1,7,-30,6251,42495,1,1,38,-30,6940,14665,1,1,41,210,7284,22498,0,0,23,120,3303,13999,1,1,45,60,4420,8332,0,2,13,-360,2866,18665,5,-360,14408,40828,62,-270,4932,22830,21,-330,3687,24996,59,-300,2701,23330,27,240,4430,16664,19,-330,3767,24497,53,-300,4091,21997,17,-360,4571,34329,39,-300,5376,21830,63,-210,7039,32996,26,-360,3873,25164,28,-270,3503,17497,34,-240,5811,18831,3,-330,4725,29829,24,-330,5314,24497,25,-330,4052,28163,47,-270,5889,19831,10,-330,3425,21830,9,-300,4321,21330,1,-270,19445,64992,56,-270,3063,19664,40,-330,4303,24663,6,-300,7391,23497,46,-150,5319,16998,55,-270,4420,20664,12,-330,2326,20164,30,-360,3998,22664,29,-300,3484,20164,8,-330,4210,27996,11,-300,3232,17498,48,-240,7105,22331,2.625,3
9021acfb,1,1,2,21,2,13,2,64,30,10356,15332,1,1,32,210,3426,19165,1,1,6,90,5453,12332,0,0,17,60,6011,11165,1,1,1,-210,14466,32995,0,1,36,-420,1499,23330,0,0,26,120,4370,12665,0,2,60,-30,6226,11332,1,1,16,120,4541,11832,0,1,2,0,35290,64492,0,1,11,150,4564,13498,1,0,28,-90,6645,12498,0,1,24,-60,9499,29163,0,0,59,-60,10556,16497,0,1,31,-30,4624,32495,0,0,7,420,5028,27663,1,1,23,-150,4327,12832,0,0,39,-60,12096,19498,1,1,62,0,7577,17664,1,0,52,180,5326,17164,1,1,53,210,5638,19331,1,1,10,60,6122,11165,1,0,56,0,6677,29830,0,1,48,-120,3956,12665,0,1,43,30,6448,12832,1,0,45,0,9197,20664,1,0,12,-180,3593,12998,1,1,51,0,14105,24497,1,1,25,-420,3643,26996,1,1,4,210,4210,40328,0,0,15,0,4973,16998,1,1,58,0,3769,32329,0,2,14,270,3448,22664,35,0,3678,13998,33,150,5982,16498,42,-60,6991,10666,57,0,3742,4333,20,-90,6563,13331,44,0,11758,23663,41,-60,4475,11499,50,420,1944,31496,27,30,9360,13665,29,-90,10689,17165,13,-420,9029,42328,54,0,14114,24163,40,-60,4972,12831,30,60,23464,29996,47,0,6115,20498,21,120,4966,13998,34,30,3542,8999,5,120,14459,21997,22,-90,2735,8332,37,-120,4577,12498,49,420,2739,29996,8,0,4622,131316,9,-180,5430,15997,61,0,5189,17331,63,150,15224,23997,55,60,5295,9999,3,-420,3603,26497,38,-90,1723,16665,46,-30,6831,20664,18,60,6582,11165,19,-60,4121,10999,3.25,3.5
b8d0e12e,3,2,2,21,1,16,2,58,-60,5774,14164,1,1,54,150,4146,10332,1,1,35,30,4512,7999,0,0,22,-120,4271,10165,1,1,14,-60,6013,10332,0,1,30,-120,4171,12832,0,0,19,120,3712,21664,0,2,39,120,4305,12831,1,1,1,90,43644,114652,0,1,18,-300,5057,19331,0,1,9,-60,10273,19164,1,0,10,60,8167,12832,0,1,40,60,4906,11165,0,0,47,0,33550,50494,0,1,15,-180,4958,11832,0,0,53,120,4731,11498,1,1,55,-60,7708,12165,0,0,52,150,4736,13499,1,1,37,-270,2609,14332,1,0,63,120,3485,10666,1,1,49,0,26042,55826,1,1,8,30,9574,13498,1,0,26,-150,4791,11832,0,1,50,-120,1785,9499,0,1,5,180,6939,17498,1,0,60,90,14885,19331,1,0,45,-240,8773,20164,1,1,43,-60,11403,16165,1,1,46,-270,5226,25163,1,1,2,210,10265,31496,0,0,44,-30,2402,8333,1,1,11,300,6679,24163,0,2,59,90,3181,9332,12,330,10967,26497,57,-30,3413,9166,38,210,6535,18498,62,180,5177,16665,16,300,5366,18331,29,60,20042,29329,27,-30,4523,9665,21,120,4249,11165,3,-180,4079,18831,36,150,7970,16498,25,60,6038,9165,4,180,5073,20664,48,-60,3511,9165,28,420,3578,27997,34,120,3453,9499,33,60,5171,7999,42,420,3319,26164,61,270,3219,20664,32,300,3527,24330,56,30,3744,11332,6,390,5230,24830,13,150,3467,10832,23,120,8413,15164,64,390,4270,22997,41,360,3919,19664,20,300,3119,19830,31,0,3759,3833,24,120,3953,10665,51,90,4120,11998,17,240,4406,27497,7,90,4195,10332,,
99570c6f,4,2,2,21,1,12,2,38,0,10440,24330,1,1,63,0,9170,22330,1,1,13,0,5390,20831,0,0,35,0,5173,14165,1,1,54,0,3504,9332,0,1,7,0,15085,33329,0,0,45,0,3474,3500,0,2,8,0,4630,16498,1,1,28,0,2943,7166,0,1,64,0,14413,20497,0,1,3,0,10118,37329,1,0,19,0,6873,12999,0,1,62,0,9498,13665,0,0,31,0,4260,9832,0,1,25,0,4485,14331,0,0,46,0,3998,10332,1,1,42,0,3366,16998,0,0,60,0,3432,8499,1,1,15,0,11278,20164,1,0,56,0,8568,15165,1,1,50,0,5405,21664,1,1,10,0,4273,16664,1,0,61,0,2270,6166,0,1,21,0,4938,14331,0,1,27,0,5951,12165,1,0,52,0,3680,9832,1,0,47,0,5100,10666,1,1,39,0,4807,11332,1,1,34,30,247,7999,1,1,1,0,18394,34496,0,0,32,0,3486,3999,1,1,24,0,4477,9999,0,2,41,420,5123,36162,17,420,3553,27830,37,420,4121,27997,40,420,933,22997,58,420,112,19164,33,420,2393,28329,14,420,4600,31663,59,420,5058,22997,49,420,2388,25330,11,420,4530,33829,48,420,510,15498,30,420,1736,30663,20,420,789,33496,5,420,2898,32829,43,420,21,30996,26,420,3713,30163,16,420,3778,34996,29,420,698,27163,2,420,10092,43662,12,420,6986,32329,57,420,128,26163,53,420,25,15831,18,420,9924,35828,22,420,177,26664,9,420,23,26330,6,420,10786,40495,51,420,1819,30663,44,420,1830,25830,36,420,2711,31662,4,420,2943,28496,55,420,54,15998,23,420,2006,31163,3.625,4
c6eccfbf,1,1,1,22,2,15,2,11,90,2515,8165,1,1,59,60,5454,16665,1,1,10,180,2779,12332,0,0,38,-120,2835,7166,1,1,45,30,3582,50661,0,1,41,90,8042,18165,0,0,8,90,3264,14998,0,2,27,-30,20759,25497,1,1,47,30,3822,11665,0,1,4,-120,4030,9832,0,1,35,150,1693,16665,1,0,6,60,2573,7666,0,1,34,30,3229,22664,0,0,56,60,2658,6333,0,1,60,-150,723,9665,0,0,25,90,3470,8499,1,1,51,-240,2097,13998,0,0,53,120,6886,21164,1,1,37,60,2914,7165,1,0,63,-60,5704,31496,1,1,49,60,2761,8333,1,1,21,300,2494,19831,1,0,28,-90,1576,5832,0,1,57,90,3055,8832,0,1,15,180,2668,17664,1,0,42,210,2301,37995,1,0,50,-90,1672,9499,1,1,22,60,4011,12165,1,1,12,30,5799,30663,1,1,55,120,2963,7332,0,0,5,-180,3335,11999,1,1,18,30,4569,8499,0,2,3,360,2806,27664,14,390,2311,30163,54,270,32,26830,31,240,1987,16165,23,120,2635,9823,62,60,1839,16498,36,210,1815,19164,1,300,9224,38662,48,420,3868,42994,32,270,2736,61825,43,300,1947,19998,19,240,1677,17165,39,210,2817,17331,40,330,2570,32995,52,240,6064,42161,20,150,2450,14831,24,270,2203,20330,61,240,1306,18498,7,180,2357,13165,2,390,3107,30663,13,330,307,20997,17,150,1864,7666,26,390,2712,30330,46,390,1609,23664,9,150,2196,18164,33,360,2098,27330,30,120,856,11998,44,330,2417,35496,16,150,2308,13832,64,180,1273,9832,29,390,1868,35662,58,420,2380,32662,2.875,2.666666667
e9171360,1,1,2,20,2,,2,11,0,28242,134983,1,1,2,0,4846,6166,1,1,40,30,13830,19164,0,0,44,0,10821,17498,1,1,28,-30,8716,10832,0,1,38,0,9236,20498,0,0,6,0,12741,124817,0,2,27,0,9594,14831,1,1,43,0,6618,36662,0,1,23,30,19410,56993,0,1,47,0,6308,6332,1,0,62,0,7558,16998,0,1,35,0,10162,25663,0,0,50,0,9439,9499,0,1,52,0,6142,12832,0,0,51,30,5540,10832,1,1,61,30,19185,27997,0,0,39,0,6119,23164,1,1,49,30,5926,18331,1,0,26,-30,8894,52994,1,1,60,0,21929,37329,1,1,25,0,7357,18497,1,0,22,0,13883,55160,0,1,37,30,25340,37495,0,1,15,0,7176,59159,1,0,29,0,11748,12832,1,0,63,0,15111,20831,1,1,41,0,16230,30163,1,1,19,0,13700,54993,1,1,32,0,9438,25497,0,0,17,30,32412,46994,1,1,48,0,8579,26664,0,2,30,240,19654,41161,16,0,28772,45494,42,30,24831,34329,3,240,8766,30496,12,240,15757,37329,1,240,26247,56326,53,60,10208,36829,9,240,16358,46661,5,240,16494,33996,10,210,18251,52993,8,270,10365,40328,13,0,20819,20831,59,0,42718,54493,20,0,11358,18998,24,240,13482,40995,34,0,18886,18998,21,0,13378,34829,4,240,4684,34161,7,0,19847,76491,36,0,8110,24997,18,0,4409,5833,55,0,10051,20164,58,0,16934,22997,46,210,5132,21497,31,240,10520,32829,54,210,6067,23497,56,0,15494,21830,45,0,19191,29497,33,240,6062,20997,57,0,12994,19164,64,0,12854,22497,14,0,8069,32995,3.125,3.166666667
b587da25,2,1,2,20,2,12,2,4,0,4680,60492,1,1,2,0,6599,47661,1,1,27,0,9256,18164,0,0,26,0,12022,24996,1,1,38,0,8768,14831,0,1,23,0,4736,21164,0,0,34,0,6874,14831,0,2,42,0,6708,17664,1,1,52,0,21068,54160,0,1,8,-60,10550,26330,0,1,57,30,13526,22164,1,0,35,0,6349,15165,0,1,12,0,6039,25830,0,0,59,-30,5056,11832,0,1,11,0,7333,37328,0,0,18,-30,11031,19165,1,1,21,60,6561,14831,0,0,24,0,11314,28996,1,1,36,90,3943,12666,1,0,55,0,23631,37995,1,1,48,0,7637,20164,1,1,46,0,7055,7499,1,0,5,0,9071,77324,0,1,9,0,9816,33830,0,1,20,60,5579,12498,1,0,56,0,9930,23330,1,0,28,0,11432,23330,1,1,25,0,4651,14164,1,1,16,0,24603,39161,1,1,22,0,7569,28496,0,0,64,0,10039,23164,1,1,63,60,11319,20164,0,2,10,150,6017,16498,30,-30,18930,27163,37,180,6356,21831,54,90,6691,11998,33,150,7009,17997,60,180,9318,24330,47,90,6641,13498,49,120,6780,13498,6,150,7346,21830,51,120,5859,13332,15,420,4219,31829,40,270,8424,30329,13,240,7192,21330,58,90,4025,10499,50,330,4392,24330,19,150,22350,36995,1,300,17000,41495,43,150,12305,26830,53,180,8599,21497,14,240,5743,20164,7,240,9510,31663,39,300,11108,43995,44,150,9819,23830,32,150,10891,25164,31,420,6934,43161,61,210,6875,21164,17,180,10023,24830,45,180,7067,20331,62,120,5402,24497,3,240,4409,25163,41,150,6816,19831,29,180,7633,23164,3.375,3.5
861ce2f9,2,1,1,19,2,12,2,31,0,5862,16664,1,1,47,0,35840,53660,1,1,63,60,7213,19664,0,0,49,0,32254,43994,1,1,19,-60,284962,295962,0,1,27,0,6092,15165,0,0,6,120,15315,60659,0,2,13,-90,7531,38328,1,1,40,0,20831,47660,0,1,18,-60,4463,16164,0,1,39,0,25968,47661,1,0,5,-60,102271,384284,0,1,15,-60,20959,80490,0,0,30,0,5646,16998,0,1,43,-60,18572,79657,0,0,9,-90,13139,62325,1,1,36,0,5454,96821,0,0,44,0,22640,32329,1,1,54,0,19947,38995,1,0,51,-60,5885,35662,1,1,16,90,127876,177977,1,1,61,0,7961,18664,1,0,12,-90,35115,94487,0,1,20,0,26599,35495,0,1,25,0,3744,53493,1,0,26,0,4288,53493,1,0,17,90,559,78489,1,1,33,-60,8575,73991,1,1,58,0,20198,108653,1,1,22,90,8688,51494,0,0,35,0,14978,41328,1,1,53,0,12219,26996,0,2,50,240,3842,35329,64,210,9988,81990,45,240,21878,114152,10,270,5025,35996,46,300,4217,34495,62,300,4485,42828,56,270,7418,50327,32,270,8438,122650,4,240,6178,77990,60,180,11789,38162,41,150,23938,49160,21,270,5506,46994,14,270,4597,35829,59,180,8337,39328,2,120,15897,164146,1,240,18057,783733,29,240,3779,29830,52,330,5237,64825,57,270,1816,74824,28,240,4112,25997,55,330,3127,34329,48,270,7675,58826,42,240,14759,53993,7,210,4525,27164,37,240,5050,66325,3,90,24219,368120,24,330,3596,29496,23,210,3686,51827,38,180,11530,61159,8,270,5345,59160,11,270,4583,44661,34,270,10988,97987,2.625,2.666666667
021a2cf3,3,2,2,23,1,16,2,13,-60,3466,12832,1,1,40,240,5313,18664,1,1,53,-30,3609,9165,0,0,27,30,4624,15831,1,1,29,60,20138,33329,0,1,26,0,8061,41328,0,0,49,60,8162,13165,0,2,42,210,5236,17831,1,1,8,120,7195,16664,0,1,24,-90,7607,13832,0,1,14,60,13111,41828,1,0,56,-120,9357,26830,0,1,63,30,8574,15498,0,0,46,90,4297,9832,0,1,17,-90,5155,12998,0,0,19,30,7915,37828,1,1,59,-90,4263,11999,0,0,32,-150,25652,37994,1,1,28,-60,8750,19331,1,0,16,90,4873,11998,1,1,57,0,11208,72657,1,1,64,60,4233,9666,1,0,52,-60,6640,13831,0,1,36,-60,10572,20664,0,1,15,-30,11512,16832,1,0,1,-30,8410,38995,1,0,55,-360,6600,27996,1,1,44,-60,5220,11165,1,1,20,-60,3807,31329,1,1,2,300,4941,27496,0,0,11,120,6190,30663,1,1,58,90,3755,7999,0,2,37,120,4621,9832,61,120,6958,14331,31,-240,6901,28997,34,-210,4023,15332,54,180,3835,13665,4,420,3308,53993,43,90,5139,9499,21,240,4343,25164,6,420,3619,24997,3,90,4773,24330,51,120,895,12832,47,120,7729,14165,18,30,9574,30662,9,60,5243,26830,35,270,3224,20331,10,-90,4334,47660,5,-60,4513,13165,60,-210,4112,17165,12,420,5649,27830,62,-90,6361,17332,22,-30,4437,13332,45,180,13632,32496,38,-90,3405,10832,23,420,1359,31663,39,270,4543,19331,50,420,194,26996,48,-240,1626,19664,41,60,7592,18997,33,390,5812,27497,30,-120,3366,11165,25,270,6231,24497,7,270,5617,21831,3.625,3.833333333
d09c367f,1,1,1,21,1,15,2,33,90,11117,28496,1,1,64,120,4715,25497,1,1,31,240,4688,31829,0,0,17,-60,4201,14164,1,1,57,90,40698,51660,0,1,39,180,4640,19497,0,0,56,90,18012,27330,0,2,9,90,8864,59660,1,1,14,60,3808,17997,0,1,47,-30,7099,20498,0,1,11,240,6306,41829,1,0,22,180,4001,23164,0,1,34,60,7656,18498,0,0,60,90,8482,32496,0,1,51,60,4633,14665,0,0,27,90,8210,22330,1,1,48,-30,10292,20831,0,0,13,210,4385,26664,1,1,62,180,3648,23830,1,0,24,-60,7996,19664,1,1,45,60,10929,22164,1,1,1,270,24689,93322,1,0,30,90,4759,19331,0,1,38,90,20942,35329,0,1,42,150,6622,31496,1,0,15,240,4808,31496,1,0,8,-90,7480,28164,1,1,28,0,12207,21831,1,1,59,150,5206,17998,1,1,23,240,5219,26497,0,0,25,210,4559,22331,1,1,18,90,4874,14832,0,2,63,300,6759,43828,49,90,8748,17331,55,150,7097,30830,3,300,6982,34496,26,330,5319,31662,43,180,7077,21164,37,240,5177,30329,36,330,7911,36162,61,330,6834,31830,10,150,5702,25164,52,120,3374,14998,58,120,8249,27830,44,210,9157,36495,53,300,9541,54326,16,360,5162,41494,46,150,7680,20997,21,270,4604,25996,41,180,6369,22497,6,270,5490,35162,40,270,8757,33662,4,60,13037,27830,29,390,4501,36829,12,360,5318,46327,19,150,8030,53660,20,150,3862,21998,2,210,9187,57993,35,300,8665,34495,5,90,16585,33829,32,210,5023,28830,7,330,15351,57159,50,240,5571,24996,54,180,7969,27663,3.5,3.833333333
88c667c1,1,1,1,21,2,15,2,46,30,518,7332,1,1,1,150,24177,59659,1,1,27,420,100,28163,0,0,5,-150,4427,17664,1,1,49,0,11604,36662,0,1,41,270,443,14665,0,0,18,0,11602,11665,0,2,40,-180,7763,35828,1,1,59,0,5334,10166,0,1,57,0,5474,5832,0,1,6,420,885,35328,1,0,15,-90,2585,9665,0,1,56,60,3866,7499,0,0,24,270,2167,16498,0,1,32,420,3388,29996,0,0,3,0,10130,29997,1,1,60,0,2662,6666,0,0,64,0,6190,24330,1,1,2,420,2849,31162,1,0,16,120,3373,14665,1,1,30,0,4601,23663,1,1,52,420,1603,34329,1,0,51,0,6352,12998,0,1,44,90,12683,16998,0,1,28,420,1792,34829,1,0,42,420,31,31162,1,0,58,0,4235,9165,1,1,47,0,7470,25163,1,1,53,0,3061,15331,1,1,17,300,2861,25664,0,0,8,180,5894,21497,1,1,12,0,5312,27830,0,2,10,0,5896,20497,36,270,4405,20664,29,-210,3044,13499,61,0,3845,7666,20,330,3177,26663,63,0,4128,4166,11,0,4396,17831,4,270,3803,20997,37,300,8821,45160,62,0,4340,8333,25,300,2766,21330,33,270,2432,19830,35,0,11107,26497,13,360,4493,29830,26,240,5461,25997,38,270,2986,18831,21,150,5956,19165,50,270,6367,40495,48,120,8148,16331,45,270,2834,18998,14,330,3368,29997,23,420,173,36996,9,420,3287,30163,43,-150,5890,14499,22,0,10142,43161,54,-270,3712,15998,31,0,14546,37995,19,-420,14945,39162,7,210,2685,19665,34,210,12189,57493,39,-300,2635,15164,55,150,2510,10832,4.125,4.166666667
9301cdd8,2,1,2,20,1,14,1,59,240,2320,43995,1,1,3,0,8545,31330,1,1,26,420,2474,21831,0,0,43,-180,4260,29997,1,1,44,0,8141,13665,0,1,42,-420,2620,21497,0,0,61,0,3313,38162,0,2,15,-60,5973,41828,1,1,11,300,2894,36828,0,1,56,-210,3774,14499,0,1,50,-180,3235,12832,1,0,27,300,2739,21164,0,1,46,-270,4377,27163,0,0,8,180,2684,15832,0,1,39,-300,3022,19164,0,0,19,210,9314,29330,1,1,12,-210,17169,28329,0,0,63,120,5146,10165,1,1,53,-180,3605,22497,1,0,47,-420,4468,24830,1,1,20,0,3171,25663,1,1,7,-210,3828,16164,1,0,6,-420,3940,27663,0,1,31,0,6919,15165,0,1,51,180,3031,9332,1,0,29,-420,3047,22164,1,0,14,-420,3035,25997,1,1,4,-420,3972,28829,1,1,13,-420,136057,166646,1,1,58,270,3316,22330,0,0,1,-300,44547,66992,1,1,2,180,10992,32995,0,2,23,420,4478,25830,25,420,4854,25163,35,420,4257,31163,48,420,6939,36995,60,420,3804,21498,10,420,2651,23497,9,420,3310,24330,41,420,2409,33663,38,420,2895,25330,36,420,3795,51827,32,420,2625,27830,62,420,5592,31663,34,420,2679,24163,28,420,3870,25330,54,420,2902,28830,55,420,4186,28497,5,420,3527,31163,45,420,3111,25997,17,420,5319,32163,57,420,3950,24997,18,420,3327,20997,22,420,4493,27663,64,420,3684,25996,52,420,3976,32496,40,420,2702,22164,21,420,3840,25997,37,-90,7209,12165,30,210,2824,17498,16,420,3238,25996,33,420,3013,22164,24,420,4472,28829,49,420,1971,35162,4,4
89e025a4,4,2,2,25,2,13,2,1,90,11091,58159,1,1,37,30,9547,11999,1,1,4,-60,8012,14498,0,0,54,-30,3243,12665,1,1,29,360,51054,74490,0,1,25,360,10729,31495,0,0,47,150,21082,31829,0,2,64,90,3993,10998,1,1,9,420,3642,27663,0,1,18,-60,5329,10832,0,1,3,420,5920,32163,1,0,50,180,35316,44827,0,1,36,60,4935,12165,0,0,63,420,5702,26996,0,1,40,-150,4264,13665,0,0,12,420,20000,46161,1,1,35,-180,5744,28663,0,0,38,30,5239,12498,1,1,17,30,6478,26497,1,0,27,360,22097,43995,1,1,13,420,43523,64825,1,1,31,420,61794,85989,1,0,30,300,54444,76323,0,1,16,120,6167,14998,0,1,43,210,12821,26997,1,0,39,30,6421,13165,1,0,21,-300,12829,30329,1,1,45,150,10425,18831,1,1,52,30,25919,35495,1,1,6,150,19619,46328,0,0,14,420,73363,96654,1,1,41,420,3777,27663,0,2,2,240,5367,22997,23,420,4860,26163,59,240,7107,23330,61,420,5808,28163,7,-270,10402,45994,55,420,99,25163,8,-150,6895,16164,48,180,7574,32829,22,-60,28784,59159,46,240,10958,29996,49,210,752,19997,34,270,7118,21998,10,270,43163,60159,44,30,94424,102986,53,90,5331,12665,60,300,7517,65991,51,240,6452,27330,42,270,50924,72158,57,300,13215,29663,33,120,5192,16498,26,300,7988,27997,58,330,6999,24996,28,330,107300,132483,20,60,60160,66658,62,420,7472,29329,19,120,9337,39661,32,420,3380,32163,11,420,7699,40495,5,420,5701,40162,56,420,4713,30162,15,300,16078,38328,24,360,20538,43828,3.375,3.833333333
f786ada4,1,1,1,23,1,12,1,15,210,2364,13998,1,1,60,420,4280,23664,1,1,17,90,4115,11165,0,0,1,150,9739,49160,1,1,46,120,8720,38662,0,1,28,120,13764,24497,0,0,22,210,30112,48161,0,2,53,-210,38203,67325,1,1,57,-180,15378,57992,0,1,54,-120,21303,75657,0,1,25,120,9100,19164,1,0,18,-90,5324,14665,0,1,11,-420,5462,28663,0,0,20,180,5160,22164,0,1,44,-90,24606,71490,0,0,40,-90,101909,124151,1,1,37,180,7291,26497,0,0,14,-90,8064,16998,1,1,58,210,7347,42994,1,0,41,180,14355,37662,1,1,64,180,17200,69991,1,1,33,90,10135,45495,1,0,21,0,21181,75490,0,1,52,-180,14727,68825,0,1,55,120,46382,70491,1,0,16,-420,2569,20998,1,0,31,-150,9938,19997,1,1,42,330,88411,104487,1,1,9,270,5555,22830,1,1,24,60,12643,25997,0,0,63,-180,14009,41494,1,1,39,-120,6440,22330,0,2,48,-180,22882,54159,12,210,3306,16831,38,150,65462,87156,10,-120,4303,16331,59,-180,32309,50993,50,-210,11147,32496,27,-180,8021,21997,19,-150,3736,13331,5,270,3714,18664,32,0,27588,44827,29,-120,8788,18498,49,-210,36294,62826,6,420,3301,26330,3,150,3540,14332,34,-120,5101,29663,45,-150,7196,25330,8,-90,4022,33496,43,-180,5527,34662,35,-120,11799,27663,7,300,4355,19664,56,-150,7072,20998,13,0,5896,34163,23,420,6779,28830,51,240,11588,80657,62,210,12577,26997,2,150,4061,17165,26,-120,6189,21163,30,300,5318,28330,4,420,2609,26163,47,-150,56183,70324,36,-150,29737,78657,61,-210,4567,20998,3.375,3.833333333
39b037c1,4,2,2,28,1,18,2,13,-60,5245,19831,1,1,57,-60,8492,45661,1,1,60,-60,27627,38828,0,0,11,-60,5621,24664,1,1,53,-60,3941,30329,0,1,25,-90,3481,27663,0,0,55,-90,4265,19497,0,2,27,-90,4010,15498,1,1,26,-90,6614,22830,0,1,61,-60,8246,34329,0,1,18,-90,4682,22997,1,0,6,-60,4905,26496,0,1,45,-60,3826,12832,0,0,2,-60,6306,25997,0,1,48,-90,2960,12165,0,0,52,-60,5022,22664,1,1,4,-60,12497,29996,0,0,56,-60,8375,40161,1,1,37,-90,3637,20831,1,0,58,-60,24634,46661,1,1,19,-90,3691,14332,1,1,42,-90,3326,12165,1,0,17,-120,7589,30163,0,1,29,-90,3434,15165,0,1,50,-60,2990,19664,1,0,43,-60,3995,21497,1,0,10,-60,6676,28163,1,1,22,-150,7155,33662,1,1,21,-150,5100,38495,1,1,31,-90,3945,16331,0,0,1,-60,11863,34995,1,1,12,-90,4785,21998,0,2,9,270,4364,26663,44,330,2582,25330,62,270,6241,25997,54,300,4273,23664,14,270,3485,25497,16,270,4330,23997,35,210,3208,19664,46,240,2537,17831,5,240,4493,25164,28,240,3511,21830,40,300,4062,23331,7,210,4483,20831,49,270,10176,26663,34,300,4258,23331,39,330,3784,24496,32,150,2782,19165,20,270,2845,24830,51,270,5564,28497,8,210,5520,21831,15,240,4926,24497,24,240,3154,26330,33,270,5125,38995,59,270,18994,45994,47,270,3865,19664,36,210,4234,17831,23,210,3311,15832,41,330,3026,24163,30,240,3859,22330,64,300,3708,28830,3,150,5166,26663,38,300,2722,22831,63,270,7323,42328,4,4.333333333
9320e38d,4,2,1,26,2,14,2,62,0,13333,14498,1,1,19,420,6334,21331,1,1,61,30,17898,26830,0,0,64,0,26030,41995,1,1,13,0,7609,17497,0,1,25,0,11468,18998,0,0,17,0,4730,4832,0,2,14,0,4041,12498,1,1,60,0,16439,16498,0,1,56,30,497,12831,0,1,38,0,8004,14165,1,0,48,0,8742,14998,0,1,50,0,22386,35995,0,0,58,0,3578,7999,0,1,44,-420,12140,27830,0,0,33,0,90241,98820,1,1,40,0,3553,8665,0,0,5,0,4949,12832,1,1,18,420,3832,23663,1,0,42,0,16079,40161,1,1,49,0,5371,13332,1,1,1,0,29862,29996,1,0,9,0,5886,6000,0,1,39,0,3758,8499,0,1,31,420,2999,27496,1,0,34,0,6888,14498,1,0,37,0,26601,41494,1,1,59,0,19916,25664,1,1,21,-420,2804,27830,1,1,30,0,8024,19331,0,0,28,0,98196,105486,1,1,15,0,4380,4999,0,2,7,-30,3710,4166,3,0,3770,10832,29,0,6078,9999,12,420,7234,42162,53,420,92,21497,10,0,3348,3499,20,0,6245,12498,41,420,239,25664,27,420,7346,32996,6,0,4818,4832,57,0,3470,3500,36,420,27675,58326,16,30,6865,12665,43,420,7892,32496,8,0,3831,3833,23,420,4564,33329,24,0,3522,14998,4,420,3452,46827,22,420,5999,32330,52,0,5033,10332,54,30,32869,54826,63,420,8041,37828,46,30,8267,9666,35,420,7301,41995,55,0,14687,23164,51,0,5843,11665,2,0,5247,17498,26,0,1247,4833,45,30,8833,18497,32,420,2890,35662,11,0,4782,4833,47,420,428049,454275,4.285714286,4.166666667
e7ab5798,1,1,2,25,1,16,2,13,150,3897,17497,1,1,1,240,15508,61492,1,1,41,120,37334,48327,0,0,60,30,4044,32996,1,1,56,-90,7796,20998,0,1,48,90,4216,15165,0,0,61,300,3506,28330,0,2,7,90,8066,20664,1,1,2,0,9085,47661,0,1,54,-150,5855,19498,0,1,45,90,3307,9499,1,0,33,0,6764,11666,0,1,6,150,5013,22330,0,0,23,120,14318,24330,0,1,47,0,24539,25497,0,0,42,120,17057,26664,1,1,28,-60,25997,42661,0,0,52,-60,12197,20831,1,1,10,360,3122,24331,1,0,16,0,12579,23497,1,1,50,180,3420,23331,1,1,27,60,15390,19665,1,0,12,30,8625,45161,0,1,38,-60,13485,35662,0,1,5,120,4240,18498,1,0,25,270,3719,18997,1,0,43,-90,16224,33163,1,1,40,0,18683,25831,1,1,51,-180,4103,24997,1,1,21,330,3073,25663,0,0,34,210,3142,13831,1,1,22,270,3165,22164,0,2,64,0,13146,21497,32,0,45359,51011,37,210,2984,16665,8,120,4049,15165,14,150,3887,18664,30,330,3865,27329,29,0,11732,18664,19,0,15138,21997,4,240,5272,31330,35,-90,6267,15498,20,210,5001,16498,53,-120,4168,19998,44,-90,4622,24830,49,-90,3361,10665,36,210,3770,16665,24,0,6368,11332,26,0,12283,25664,46,-90,4538,25664,59,-150,3747,21997,62,-90,9206,21497,63,-90,3641,9332,31,150,5196,12665,3,0,56632,99988,39,0,17853,25163,58,240,3727,21831,17,0,6011,6166,18,0,4499,10998,15,150,4091,13332,57,-90,3109,9165,11,-60,6330,16998,55,60,7077,11165,9,240,3575,21164,4.125,4.166666667
3a887086,4,2,2,30,2,13,2,45,0,34794,47160,1,1,34,60,4973,11831,1,1,31,-30,6414,22164,0,0,12,0,16055,24496,1,1,51,90,5138,11832,0,1,61,0,19987,28163,0,0,63,0,23590,32162,0,2,23,120,5377,11999,1,1,24,90,4433,9665,0,1,48,0,4528,16165,0,1,33,90,5755,9999,1,0,4,210,16587,41328,0,1,42,-60,8330,28997,0,0,11,120,6423,18165,0,1,6,0,11549,68658,0,0,5,180,6393,26997,1,1,38,0,7891,8165,0,0,9,90,14479,28996,1,1,21,0,5675,22997,1,0,16,0,5050,5166,1,1,30,0,12567,74657,1,1,50,-90,5225,10832,1,0,25,120,4516,18331,0,1,47,120,8422,20330,0,1,64,60,5316,22164,1,0,49,0,3828,9832,1,0,17,0,17646,33829,1,1,59,0,9713,19830,1,1,53,150,8115,39829,1,1,56,0,5721,15498,0,0,43,0,6661,7833,1,1,14,150,16175,29163,0,2,1,0,31720,76990,46,90,4355,14664,54,0,3737,3999,37,30,21143,33995,58,-30,31783,42994,28,180,4455,15664,55,0,5595,12498,62,-30,5002,18665,3,0,11914,44161,22,-90,9244,43494,19,120,6986,26996,18,0,6927,16332,20,120,8464,20831,35,90,19892,30162,8,0,6076,18998,39,120,3997,14499,2,0,11301,43994,41,-90,7908,32330,26,90,34794,42328,27,90,4976,9998,7,0,27163,47327,40,-30,9049,13665,52,150,4873,11832,60,0,13500,24330,10,120,9263,19997,32,0,17268,28997,13,0,13886,26496,57,90,12304,16998,15,150,4684,15331,36,30,88751,92155,29,30,7171,15997,44,0,18142,64491,3.875,4.333333333
625862f0,3,2,2,27,1,16,2,36,0,4354,30996,1,1,54,-150,2251,21997,1,1,62,-30,3740,17331,0,0,39,0,10774,38995,1,1,9,0,4949,37828,0,1,10,0,7309,28163,0,0,52,-60,3001,9499,0,2,12,0,4697,22664,1,1,48,-30,3265,8998,0,1,27,-30,6418,14165,0,1,58,-60,4409,13665,1,0,25,0,4248,15665,0,1,40,-60,4653,21497,0,0,51,-60,2314,10166,0,1,11,0,15432,32662,0,0,38,0,28042,41495,1,1,19,0,10636,29997,0,0,3,0,13702,47160,1,1,6,0,14625,103321,1,0,5,0,9678,83656,1,1,24,0,4585,20164,1,1,14,0,9061,35995,1,0,56,-90,3526,12498,0,1,50,-30,6567,13331,0,1,7,0,10523,108986,1,0,63,-60,6266,13998,1,0,31,-30,4490,14831,1,1,44,-90,5695,20164,1,1,1,0,34254,60493,1,1,53,-30,2939,8665,0,0,46,-30,3553,9832,1,1,16,0,8231,26163,0,2,30,240,3623,28497,21,420,3541,42495,23,420,4569,40162,17,420,8980,32329,22,420,2797,34829,32,240,3130,19498,49,420,5148,31329,35,420,2649,28496,43,300,3865,21831,33,390,3253,28830,60,150,3314,13332,59,420,4028,30163,47,300,2853,22831,61,420,2986,36495,55,240,5558,20664,28,360,3118,21831,42,420,2993,30329,15,420,3861,29996,29,420,2791,29663,20,420,3393,29663,18,420,6359,28330,26,420,3781,31330,13,420,3871,28497,8,420,7500,45161,45,270,3537,18331,37,420,2914,27997,4,420,4432,30329,41,210,2867,18498,2,420,3556,29997,34,420,3878,29830,64,360,4001,23663,57,180,2328,12165,4,4.333333333
bb56b0a5,3,2,2,23,2,17,2,64,0,12395,32162,1,1,18,90,9424,17497,1,1,21,270,4832,26330,0,0,62,0,6864,16164,1,1,38,0,24584,45494,0,1,26,-60,20164,27663,0,0,39,90,4345,13665,0,2,23,90,7303,17664,1,1,52,0,13224,26830,0,1,5,-90,8238,23497,0,1,48,60,8493,29496,1,0,47,0,10679,28663,0,1,50,210,6049,21997,0,0,4,240,9229,35495,0,1,3,390,7021,40162,0,0,42,210,5378,19497,1,1,33,-120,6310,26163,0,0,1,240,18928,48494,1,1,6,420,4432,38495,1,0,28,-120,24735,43995,1,1,63,0,28493,39661,1,1,32,0,13135,14165,1,0,49,-30,14833,19664,0,1,24,0,20724,36662,0,1,58,60,15155,34162,1,0,14,360,5708,34829,1,0,57,-120,4520,18998,1,1,15,0,8761,42161,1,1,13,-90,12441,25997,1,1,41,90,8443,16664,0,0,10,-30,14642,22331,1,1,40,240,3403,20164,0,2,44,0,33067,46494,34,0,18965,32330,22,60,7524,23164,43,0,13378,24330,30,0,12091,39328,45,-120,4419,13998,56,60,11719,19664,35,210,6143,23497,60,90,7761,17998,20,0,11802,20664,31,60,10186,21331,16,90,6572,14998,8,90,6909,18331,27,240,4507,20831,9,150,6569,22331,61,300,4074,27164,11,-90,14692,26996,37,360,5110,33329,55,180,4980,17997,53,-60,15166,21830,12,240,5153,28496,51,420,5178,33495,2,120,19712,45328,25,0,25560,36829,17,150,7971,20330,46,-180,3399,19664,19,120,13424,30329,54,-60,17193,24663,29,270,3751,20997,36,60,11527,23997,59,240,5544,21331,7,0,17037,28330,3.625,3.833333333
07e9e954,3,2,1,22,1,15,2,45,30,5235,10665,1,1,2,180,9675,32329,1,1,5,-90,5560,20665,0,0,9,30,6037,16165,1,1,10,90,4598,24163,0,1,49,-330,3701,23663,0,0,38,-30,7829,15831,0,2,40,-90,7026,21664,1,1,25,90,6563,19831,0,1,52,-210,5955,22164,0,1,1,90,31388,61658,1,0,29,90,6133,14165,0,1,12,-210,4818,17831,0,0,63,-30,6487,18664,0,1,17,-300,3829,20998,0,0,46,120,6795,20164,1,1,15,-240,4133,16165,0,0,53,180,6531,25663,1,1,8,-360,3306,28163,1,0,36,-120,11248,28163,1,1,30,60,6952,15165,1,1,62,-60,10200,29496,1,0,14,-90,4760,15498,0,1,11,-180,4665,23331,0,1,6,150,4973,20664,1,0,47,-300,3516,23164,1,0,28,-90,9976,28497,1,1,7,-150,4662,22830,1,1,48,-300,4054,27830,1,1,27,120,8432,24830,0,0,19,-180,3745,15165,1,1,54,90,6911,17831,0,2,57,60,11531,20164,35,-120,4073,10999,33,-150,5227,36995,39,-150,3688,19164,59,-240,4655,19331,3,-60,8442,23997,34,-330,2582,18830,22,-300,3795,17164,60,-180,3385,34662,13,-300,4477,20664,44,-210,2537,12165,18,-210,4168,14832,32,60,5991,39994,24,-90,5748,11999,51,-270,3819,16831,61,-270,4813,19497,20,-270,5523,28163,64,-150,4296,14664,21,-300,3302,19498,26,-60,5273,11165,43,-180,3375,13332,42,-390,3847,32163,31,-120,7505,19164,56,-210,4625,18664,23,-210,3152,20497,55,-150,3228,14665,4,-150,4282,24996,50,-390,3719,24164,58,-180,3371,21497,37,-150,3979,21664,16,-240,3493,18497,41,-180,5575,30329,4.5,4.833333333
9d5fcdd9,3,2,2,21,2,12,2,15,120,443,11665,1,1,64,0,12729,47827,1,1,9,360,4,29163,0,0,2,0,16904,49660,1,1,35,0,13167,13332,0,1,38,270,3569,33996,0,0,50,150,2610,16831,0,2,10,0,9018,45494,1,1,54,0,5984,6166,0,1,1,90,21459,40329,0,1,52,150,10999,28164,1,0,25,90,7032,13831,0,1,5,360,1185,26163,0,0,56,0,4426,22830,0,1,31,270,4205,23663,0,0,21,60,1184,12665,1,1,48,150,7201,23497,0,0,44,0,6088,45161,1,1,7,210,1918,25496,1,0,16,0,4521,26664,1,1,41,-90,9354,67991,1,1,24,330,4545,29996,1,0,4,210,3728,20664,0,1,63,-180,4071,14998,0,1,3,300,1991,27496,1,0,33,240,2749,29830,1,0,58,60,4165,10498,1,1,55,0,5292,27830,1,1,11,210,1895,21164,1,1,43,210,920,27663,0,0,42,-60,5156,11665,1,1,27,120,4509,16498,0,2,26,0,4649,27997,60,0,3109,7666,51,-30,11026,13831,39,0,15061,44328,6,150,4668,22830,17,90,4033,14332,13,120,6618,15831,61,0,9991,37662,20,180,1747,26497,14,150,4054,13165,47,180,6203,28163,8,90,2743,9833,29,210,590,14665,57,90,1037,11332,12,120,5062,16332,45,180,3288,32330,36,60,8996,18498,34,90,7400,22497,46,150,2829,22997,19,180,4237,24496,30,90,4407,14164,22,420,4189,32829,28,0,6119,10999,23,120,6956,17831,49,0,10541,10665,37,0,19597,20831,18,60,999,6833,62,180,7856,71490,40,120,3603,14664,53,90,24615,38495,32,120,4546,17331,59,0,26180,27997,2.75,3
f06a8678,1,1,2,23,1,16,2,33,90,3129,7833,1,1,63,240,2933,18665,1,1,23,420,3095,26663,0,0,60,210,3110,18164,1,1,4,210,5388,22497,0,1,19,390,2499,26164,0,0,32,150,2902,12498,0,2,54,90,11199,15331,1,1,29,180,2740,12832,0,1,61,90,5290,9665,0,1,20,420,2988,30663,1,0,26,120,2639,10332,0,1,8,330,3657,23830,0,0,10,390,2779,29663,0,1,24,420,3178,41995,0,0,37,300,2693,21831,1,1,42,330,2715,24830,0,0,59,180,3704,14998,1,1,1,330,8436,39995,1,0,31,90,3860,11332,1,1,14,330,2984,22663,1,1,41,120,3696,12332,1,0,15,360,4445,29163,0,1,17,420,5073,38162,0,1,35,330,3122,20664,1,0,40,420,2592,31996,1,0,64,180,3379,15331,1,1,48,240,4776,18997,1,1,51,420,4317,31496,1,1,56,210,3551,15998,0,0,12,420,3278,31496,1,1,46,210,3640,14332,0,2,28,60,3693,8166,45,-120,4012,9166,25,240,3011,15665,11,0,5773,28829,47,90,3425,8332,55,270,94,20164,3,120,5035,18331,22,-390,2512,27330,58,90,4194,7999,13,-90,3960,10498,27,150,2657,9832,30,30,3522,6499,16,30,5782,12665,38,-210,2672,14165,39,90,3543,8165,7,-270,2467,18331,9,-240,3236,16831,18,-240,3212,16498,44,-90,4333,9999,43,30,14945,18664,52,60,3398,6499,2,-120,4382,16664,50,-360,4113,23330,6,60,3552,8165,53,150,3616,12831,34,180,2543,12499,49,-270,2906,19330,57,150,3730,13165,5,210,2722,17498,36,-180,3888,15998,62,90,3879,7499,21,90,3587,8332,3.75,3.833333333
fb0394f0,2,1,1,24,1,16,2,52,-150,3179,10166,1,1,48,90,2631,6332,1,1,56,90,5946,11166,0,0,12,-150,2848,8998,1,1,42,-150,2796,17498,0,1,25,180,3595,7666,0,0,51,120,2403,7999,0,2,57,120,2374,5999,1,1,10,-150,3148,11998,0,1,35,-210,3034,14831,0,1,47,60,2300,5333,1,0,8,60,3305,5499,0,1,7,120,3220,12999,0,0,5,-60,2983,6000,0,1,50,120,8525,17831,0,0,33,-120,3404,9665,1,1,36,90,2663,14665,0,0,44,-180,1328,9499,1,1,4,30,3502,5833,1,0,30,60,18358,24663,1,1,60,150,2619,8166,1,1,18,-90,3359,7832,1,0,32,150,3285,14831,0,1,45,-90,3124,9166,0,1,9,90,2323,5500,1,0,61,60,2896,5333,1,0,38,-120,3028,18164,1,1,6,90,4127,6999,1,1,39,-120,2047,7332,1,1,14,60,9390,14665,0,0,28,60,5194,9832,1,1,58,120,2399,6166,0,2,3,180,2713,8165,27,60,1819,4833,59,-180,410,8665,41,-120,484,6832,11,120,2930,6166,13,90,2766,6166,22,180,2613,10165,23,150,2358,7666,63,180,1449,10998,20,-60,2399,4999,16,120,3678,7999,1,60,18281,46827,53,180,1882,7832,55,-150,2937,12165,54,210,262,10666,24,120,3694,7332,29,90,2379,5166,2,60,3929,8165,21,210,2791,12666,64,-120,4881,18997,19,-120,2716,12165,49,270,5680,28996,15,-150,2687,10998,34,-120,2525,6000,62,180,11291,26830,37,210,3246,13498,46,90,1326,4333,17,90,5694,8665,43,120,2180,7333,31,90,4965,7833,40,150,3347,8499,26,60,3610,8499,2.875,3
0d5250fe,1,1,1,20,1,14,2,12,-90,12618,21664,1,1,2,0,11543,30663,1,1,21,270,2413,16331,0,0,63,0,10722,32829,1,1,49,60,3977,7499,0,1,4,90,3403,37329,0,0,52,0,2517,18331,0,2,46,-120,364,8999,1,1,16,90,2633,10832,0,1,24,0,1265,1333,0,1,57,0,9085,30996,1,0,34,150,4432,14832,0,1,23,90,1134,7499,0,0,56,0,6002,9166,0,1,47,120,1823,10999,0,0,38,0,4696,4833,1,1,9,60,3897,8499,0,0,45,0,5791,5833,1,1,40,0,5884,23997,1,0,18,30,2368,11665,1,1,27,120,78,10165,1,1,59,30,4196,7665,1,0,8,60,4482,10166,0,1,25,0,535,4666,0,1,13,0,4198,30163,1,0,41,0,3588,3666,1,0,22,90,2317,10999,1,1,64,30,3713,8665,1,1,19,120,33,9665,1,1,48,0,699,12498,0,0,58,0,7209,24330,1,1,61,0,8736,20331,0,2,28,90,3140,7999,29,150,4246,13999,26,150,73,9165,44,180,2510,13665,39,0,6406,6499,1,150,5651,33829,53,150,4164,13999,5,90,4573,15331,35,180,4874,14831,14,180,1353,17165,32,150,2151,8332,55,60,3139,7666,7,360,9993,37162,43,180,308,8332,62,90,3834,8832,33,150,2526,8832,51,120,3558,14498,36,120,4333,13165,30,360,8445,23497,6,120,3409,14165,10,120,2668,15831,20,360,4940,29996,42,0,4496,24497,60,90,5324,11665,3,60,8713,20330,31,210,973,10666,11,210,7744,30496,37,150,4302,10665,15,420,1989,23997,17,180,2948,17164,50,60,2843,8332,54,120,3219,10999,3.5,3.666666667
a6da50c6,1,1,1,21,1,14,2,42,0,3788,21164,1,1,6,90,4177,14998,1,1,43,150,3085,14998,0,0,48,60,3156,23497,1,1,14,30,3044,11998,0,1,47,90,3012,9166,0,0,22,150,3140,15331,0,2,11,120,3800,15998,1,1,20,90,3615,12499,0,1,41,30,3855,10332,0,1,55,120,5493,14165,1,0,3,60,3970,13165,0,1,39,210,3280,33829,0,0,61,150,2998,17998,0,1,16,150,3617,13831,0,0,8,90,3455,22830,1,1,17,60,3410,10166,0,0,10,90,3272,14499,1,1,12,120,2835,18497,1,0,36,30,9044,61659,1,1,4,90,4215,22164,1,1,63,30,3707,7666,1,0,53,90,3758,12832,0,1,44,30,3620,8832,0,1,54,120,2698,10832,1,0,40,120,3371,18997,1,0,64,-30,5277,13164,1,1,45,30,3099,7000,1,1,46,60,2829,10164,1,1,18,60,3221,8665,0,0,27,90,4314,20663,1,1,19,60,5317,10498,0,2,49,150,1081,10332,7,180,3122,22164,32,210,2854,18498,25,270,2539,22331,56,150,4164,12166,28,240,2796,22997,23,270,2544,24497,37,210,3008,20330,57,390,2921,44827,15,60,3406,14998,29,300,2513,22497,31,300,3014,19164,59,330,2512,23830,9,150,2882,15164,30,300,2776,22331,1,330,4883,38828,52,120,2652,9999,33,300,2907,20664,60,330,2558,21830,21,180,2859,15331,62,180,2764,13665,5,240,3354,21997,38,240,2827,18831,58,360,2666,29996,34,180,2766,14998,51,120,2606,12832,50,60,2941,8165,26,210,2332,18165,24,330,2644,29663,2,300,3155,30996,35,120,2653,11165,13,150,2882,24497,4.625,4.833333333
e606caaf,1,1,1,29,1,16,2,50,90,2349,11332,1,1,22,90,4154,11998,1,1,9,300,2816,22663,0,0,16,90,2779,11998,1,1,64,180,2558,17498,0,1,29,240,366,8165,0,0,40,90,394,11499,0,2,12,60,2995,10166,1,1,55,0,3965,8998,0,1,15,240,3146,20664,0,1,3,180,5011,18664,1,0,4,90,4844,13332,0,1,14,180,2588,12999,0,0,37,120,285,9499,0,1,13,420,2117,29663,0,0,25,60,3445,9166,1,1,21,150,1972,13165,0,0,6,60,4442,18164,1,1,20,420,2145,20497,1,0,27,30,3806,10832,1,1,2,180,4494,19664,1,1,35,0,2454,6499,1,0,49,180,2106,15165,0,1,33,180,2937,12665,0,1,61,0,2668,11331,1,0,59,330,41,13665,1,0,43,0,2477,9665,1,1,19,120,3059,18831,1,1,48,360,229,19830,1,1,34,60,2527,8666,0,0,10,210,2940,15998,1,1,44,60,3809,10165,0,2,41,-240,1848,12165,46,-270,3275,14832,7,-150,3098,12332,58,-240,159,8665,62,-300,376,10498,52,-240,7700,19331,23,-270,1976,13665,24,-270,3673,15332,17,-270,138,13499,1,-240,25042,56826,8,-210,3070,17497,63,-300,52,18331,32,-270,1803,11165,28,-270,1427,12998,11,-270,2286,11998,47,-180,2748,10166,60,-210,2310,9832,30,-270,271,12665,5,-360,2758,20831,42,-240,3082,11999,51,-270,2037,17497,39,-150,2772,10665,54,-270,1310,11498,26,-270,1843,12999,31,-240,3029,11998,45,-270,4621,20497,36,-270,969,12832,53,-240,8450,22331,38,-270,2439,13831,18,-270,904,11332,56,-270,3028,11498,57,-270,2008,12499,4,4
1ceedbe9,1,1,2,23,1,16,2,40,-90,6844,12665,1,1,52,-180,3207,13332,1,1,6,-210,3628,15164,0,0,43,-300,2650,16165,1,1,60,-120,3358,8332,0,1,21,-300,1953,18164,0,0,50,-150,1712,8666,0,2,10,-240,3203,13665,1,1,25,-30,3522,15998,0,1,12,-300,3727,14665,0,1,36,-120,4864,21163,1,0,55,-120,3167,8165,0,1,11,-240,62,13832,0,0,20,-300,2971,16164,0,1,49,-120,3424,7499,0,0,2,0,7361,45494,1,1,19,-150,3832,15331,0,0,3,-180,4718,16331,1,1,31,-390,2563,22164,1,0,48,-150,3119,9332,1,1,8,-180,2988,10832,1,1,9,-240,5026,15997,1,0,15,-270,3725,23997,0,1,7,-210,3723,14832,0,1,63,-60,4319,48494,1,0,13,-180,2863,10999,1,0,22,-270,3447,16165,1,1,23,-30,5423,8833,1,1,1,-360,14358,59492,1,1,28,-240,3130,15998,0,0,30,-30,3833,6666,1,1,17,-240,4232,27330,0,2,34,300,3972,18831,32,210,5831,17664,59,60,3645,6999,14,300,3588,20330,41,180,8688,17497,37,330,3900,20497,46,60,4973,8499,44,90,5078,12499,35,270,3781,18498,54,60,8582,10332,24,300,5692,20497,33,330,6443,25663,56,120,5652,11165,39,120,8889,22498,26,420,3404,30163,29,90,4667,15331,18,270,4973,20998,27,120,6139,11832,53,60,6959,10998,64,180,12913,32663,51,90,3599,6999,42,30,17713,23164,57,30,3149,5500,47,30,3850,7832,58,90,4180,10498,16,270,3302,18998,5,420,4480,35329,45,60,3855,6999,61,60,8778,12832,38,300,5367,21497,62,90,3901,8166,4,420,4652,60492,4.125,4.166666667
20803717,1,1,1,30,1,16,2,32,-60,9191,17164,1,1,31,90,17916,42661,1,1,47,300,4393,22664,0,0,57,30,23693,30997,1,1,30,90,1023,24831,0,1,2,300,7239,42494,0,0,35,210,5784,19831,0,2,62,150,4123,15165,1,1,43,-30,44217,76157,0,1,64,-60,8766,15165,0,1,21,90,4569,12831,1,0,13,30,4051,7832,0,1,40,90,11787,37661,0,0,61,90,5940,16164,0,1,50,-60,19987,30496,0,0,11,-30,24600,30496,1,1,60,-150,4237,17997,0,0,37,-30,38135,42998,1,1,7,330,6956,32495,1,0,29,30,22994,41828,1,1,27,90,8444,38662,1,1,59,60,11322,15832,1,0,51,30,11148,15498,0,1,63,60,12637,23330,0,1,26,150,5941,40494,1,0,4,150,10760,30830,1,0,54,-60,7053,13332,1,1,44,120,6319,19997,1,1,46,-210,7157,28830,1,1,17,120,8364,19498,0,0,16,-90,13208,19831,1,1,1,300,30002,77823,0,2,41,-60,9086,14831,15,30,19021,24497,45,-90,11886,17831,12,-90,4406,10665,19,-60,5060,25330,9,30,12397,35495,38,-30,16167,57493,5,30,14661,22830,42,30,8913,47828,52,-210,7374,19498,25,-90,8216,13998,6,30,18295,32996,8,-60,7365,13332,48,-90,6720,27163,3,120,11072,27163,56,60,42021,45828,10,-90,4066,9832,20,30,6562,11832,14,60,11420,25164,39,-120,2925,12165,34,-210,8843,29996,53,150,3394,10998,23,30,7230,15665,18,-30,17024,21664,22,-60,13700,25330,36,30,15664,27663,33,-60,19829,49160,58,-60,10735,15832,55,-90,4426,11499,49,-60,4595,42328,24,30,14099,19664,28,-120,7637,25330,3.625,3.666666667
27ee2fb8,3,2,1,25,1,16,2,63,-180,2403,11666,1,1,2,180,5220,32329,1,1,45,180,14657,25830,0,0,36,-270,2664,17331,1,1,52,120,5887,13331,0,1,14,-180,10155,21997,0,0,13,-120,8578,16998,0,2,38,-60,12982,17164,1,1,11,-180,2784,14498,0,1,51,-420,4043,27163,0,1,12,150,2796,15331,1,0,64,-240,2517,15165,0,1,19,90,17467,25663,0,0,49,180,3367,22164,0,1,21,-420,3506,27997,0,0,7,-210,2743,16831,1,1,58,-270,2976,15332,0,0,6,-60,3828,10666,1,1,37,-240,3773,13998,1,0,47,-420,2112,32662,1,1,34,270,2748,17164,1,1,33,150,2862,11499,1,0,59,180,6308,17997,0,1,24,-240,2971,14332,0,1,1,-60,28042,54159,1,0,39,-90,3615,10166,1,0,46,-150,3178,11665,1,1,62,-180,16354,24830,1,1,30,-300,2735,14665,1,1,53,360,3168,24164,0,0,31,90,3234,9999,1,1,10,90,8344,27496,0,2,42,150,5513,14498,4,-210,10271,24997,55,-180,2447,11332,40,120,7634,19164,5,210,2991,20330,23,270,7788,24164,48,180,5991,17831,16,-420,2528,26996,22,90,19800,31662,56,-420,2556,22164,18,90,8097,19664,35,-180,3275,12998,15,420,2734,39828,8,30,3976,14831,27,60,13872,20998,9,-150,7489,29663,17,60,4901,11998,43,-240,2168,13998,32,-90,16539,30663,29,-90,6725,21664,20,270,5485,29997,26,-270,2908,23331,25,420,2490,33496,61,270,2291,15998,60,-120,4828,12998,54,-420,2886,22330,50,-180,9355,17831,57,240,2673,18331,3,-210,4095,17164,44,-210,2668,10999,28,210,3353,17498,41,210,2874,14998,3.875,4.333333333
1817e40a,4,2,1,21,1,16,2,45,-330,4208,18196,1,1,62,-330,3176,23594,1,1,55,-360,10576,28993,0,0,15,-300,3866,29193,1,1,22,-330,9487,30592,0,1,43,-300,20189,33191,0,0,61,-420,18480,35791,0,2,40,-330,9341,33992,1,1,49,-420,5252,24994,0,1,38,-270,42771,65184,0,1,27,-360,42802,61384,1,0,4,-180,5879,21395,0,1,5,-240,3892,15996,0,0,12,-270,662,14197,0,1,2,-420,5319,29392,0,0,29,-360,43273,59385,1,1,31,-390,9220,26193,0,0,63,-330,9069,27993,1,1,60,-300,9958,21995,1,0,32,-390,10144,28593,1,1,44,-360,5054,25993,1,1,16,-300,5090,15996,1,0,57,-390,6213,25194,0,1,35,-270,3216,18396,0,1,21,-360,7772,35191,1,0,42,-360,14655,29593,1,0,13,-270,5322,18795,1,1,11,-270,4510,16596,1,1,41,-330,15226,47588,1,1,8,-300,5423,21595,0,0,47,-360,9284,26193,1,1,25,-390,50819,76580,0,2,46,390,4301,23594,33,360,4510,23994,3,330,4590,30592,52,360,23227,42789,14,270,3505,13597,51,390,8401,34591,59,390,8204,30192,30,420,7196,30592,19,390,6821,25194,18,360,11526,28792,53,420,7516,29593,24,330,10866,27393,36,300,5619,29393,1,420,20554,71182,23,330,4932,23994,58,390,9527,31193,9,390,2836,17995,54,390,7340,31592,56,360,33601,60185,7,360,9249,30193,64,300,17464,36591,28,390,21365,43589,26,360,12916,36391,34,330,10693,33591,37,330,15194,43589,39,360,13365,33392,17,330,7961,28192,6,270,5783,30192,50,360,7696,24994,20,360,18736,36991,48,390,4358,28393,10,420,3413,17990,3.5,3.833333333
e38cc080,5,3,2,25,2,14,2,27,150,2533,21497,1,1,22,150,2506,30163,1,1,53,-150,3748,13832,0,0,55,-180,6501,26164,1,1,21,-30,5031,34496,0,1,5,0,7273,136149,0,0,11,120,9495,44161,0,2,8,0,27373,69991,1,1,20,0,10888,40828,0,1,9,-420,4025,32663,0,1,46,-120,9786,18998,1,0,40,-210,16021,28163,0,1,59,120,15510,36329,0,0,57,120,4022,70825,0,1,36,-210,3089,18497,0,0,54,120,6973,28329,1,1,63,-90,9521,22997,0,0,37,180,7386,26164,1,1,24,120,4067,41161,1,0,31,-270,35991,101487,1,1,60,120,4536,15165,1,1,28,180,4330,38662,1,0,6,60,6572,56826,0,1,32,-210,139316,181310,0,1,26,150,5171,37828,1,0,10,240,4221,47494,1,0,19,-330,5946,35329,1,1,34,180,12311,59659,1,1,52,-150,6178,32496,1,1,64,120,2884,12999,0,0,51,150,2500,17831,1,1,58,180,5081,51327,0,2,50,420,1063,30496,16,420,15039,48161,17,420,4249,136816,35,420,6027,30663,2,420,4399,87489,29,420,24779,50327,62,420,2475,41495,23,420,2536,27496,4,420,2552,29496,56,420,4592,43161,1,420,14556,58659,42,420,4403,35329,7,420,3011,32829,25,420,5313,32162,43,420,3772,30163,30,420,6749,33329,39,420,4471,24830,49,420,2708,29496,41,420,249,30329,14,420,5940,28997,3,420,4488,31829,18,420,5161,37829,44,420,3390,29163,61,420,8632,37328,33,420,18367,77157,48,420,4938,48494,12,420,4029,31996,45,420,4338,32329,15,420,8064,103486,47,420,3073,33496,13,420,2456,26497,38,420,23297,50160,2.625,2.666666667
98b50e6e,2,1,2,26,1,16,2,57,300,5834,21830,1,1,42,390,3373,40662,1,1,44,420,4656,25330,0,0,56,270,8909,25663,1,1,41,180,8088,30163,0,1,26,420,5389,31663,0,0,55,300,4323,21331,0,2,53,240,10172,29496,1,1,62,180,4723,15998,0,1,40,210,11552,21664,0,1,4,420,5190,29830,1,0,47,360,5809,21331,0,1,51,330,6120,23164,0,0,28,420,4409,40161,0,1,59,420,4696,23330,0,0,35,300,5442,24664,1,1,3,360,8905,52327,0,0,49,420,3197,23664,1,1,34,420,6101,29163,1,0,18,240,6643,20164,1,1,32,420,6955,35328,1,1,64,210,5635,17498,1,0,60,420,4406,23163,0,1,6,300,6156,24330,0,1,14,420,4896,33995,1,0,25,420,4947,32996,1,0,2,180,9393,37995,1,1,10,420,5737,33162,1,1,46,420,15935,33662,1,1,58,420,4659,24330,0,0,33,420,4128,27663,1,1,15,420,7911,37329,0,2,61,60,6824,14999,27,-90,11616,20997,23,-60,16311,24664,19,-240,7068,27497,5,60,13607,38662,12,-210,5694,19498,39,-150,7708,25663,29,-90,12332,26330,8,0,7559,43661,43,-390,7282,27163,52,-120,6654,12999,24,30,11842,18664,54,-120,4300,13165,45,180,13453,28163,22,210,5029,33329,7,0,11410,36662,16,-150,9607,19998,30,60,5161,20165,38,-390,9663,26163,37,-300,10991,44161,13,-270,6533,21997,11,180,11576,23997,20,-120,6296,23831,31,120,3701,14665,1,-180,28745,87489,63,30,5955,15664,21,0,9755,38161,50,-120,5778,14332,48,0,5782,5832,36,-90,12349,28663,17,0,7437,43661,9,-90,4846,12165,4.125,4.5
d6ed9e17,4,2,2,29,2,12,2,8,330,4865,27830,1,1,35,210,12010,84655,1,1,17,420,3308,26830,0,0,18,270,5785,33495,1,1,53,420,3437,30996,0,1,63,420,44810,66991,0,0,36,420,5582,39995,0,2,20,240,3690,26996,1,1,30,420,7001,41661,0,1,23,420,14698,40662,0,1,52,420,4021,32995,1,0,13,420,4110,29663,0,1,60,240,7231,33996,0,0,54,420,3755,63992,0,1,41,0,17385,38829,0,0,61,420,12046,39829,1,1,43,420,9521,58659,0,0,16,180,4911,22164,1,1,39,180,13146,34663,1,0,11,150,10072,31996,1,1,51,420,1232,31330,1,1,3,420,6005,33329,1,0,31,420,2429,26163,0,1,15,420,6874,30496,0,1,27,390,1881,27830,1,0,33,420,2425,31496,1,0,64,240,1983,19998,1,1,37,210,4224,30496,1,1,48,420,334,28663,1,1,5,180,5528,23830,0,0,29,60,6111,12332,1,1,50,420,5796,38328,0,2,32,420,5153,33496,55,210,37611,55493,56,120,112384,123150,9,420,24371,72157,42,210,4897,32496,40,0,37721,49994,44,30,5787,41162,34,0,5446,5499,26,270,5250,29830,12,210,7204,39995,21,300,8542,46161,22,420,13473,40995,45,420,5189,39495,7,420,6986,32495,46,0,52582,71657,57,0,14611,14665,4,420,6580,30996,6,420,3258,29496,25,420,4422,28163,58,420,6864,39662,59,420,2864,30996,38,210,5300,24164,19,420,4631,32830,14,420,4868,31330,62,240,1629,27996,1,420,11203,48161,24,420,3374,31163,28,180,6021,18331,47,0,7415,7498,10,90,6246,23497,49,420,4655,33829,2,240,6696,36495,3.625,4
0a6d1aa1,4,2,1,28,1,16,2,13,210,3560,19331,1,1,28,240,3584,20164,1,1,30,60,12123,20330,0,0,56,210,4906,25497,1,1,1,270,11129,41494,0,1,19,-30,10438,17498,0,0,20,60,9727,16997,0,2,34,0,7749,8665,1,1,44,30,7531,12332,0,1,22,-90,6193,14831,0,1,7,60,6334,15831,1,0,16,30,4644,14998,0,1,37,-30,15672,20664,0,0,41,60,4912,13998,0,1,38,-210,5482,15165,0,0,10,240,5685,21164,1,1,32,-360,3347,19164,0,0,39,60,7796,16498,1,1,12,300,3145,17498,1,0,61,30,9914,14831,1,1,21,120,4613,13998,1,1,14,60,4423,12832,1,0,57,120,6253,18664,0,1,50,30,7292,19830,0,1,40,30,6086,21998,1,0,5,30,8736,15164,1,0,17,0,11776,16832,1,1,29,-30,10734,16164,1,1,46,-30,4910,22664,1,1,27,150,4139,20997,0,0,6,120,5296,19665,1,1,59,90,6948,16164,0,2,55,-60,4247,14665,63,390,4277,24831,47,210,3294,17831,3,120,4216,19830,25,120,3190,18498,64,420,2744,23164,33,210,4543,21998,52,90,7619,28163,54,330,8279,26830,18,60,5572,16998,49,360,3477,23664,53,240,4607,20498,26,270,2709,18331,51,-60,5452,14165,35,420,3315,21498,31,120,4043,14498,43,120,5031,24664,60,330,5098,20164,45,180,8474,24997,58,270,6750,35496,42,180,2955,13165,62,420,2444,22497,48,30,13610,19164,4,120,7223,20330,8,120,4482,14998,36,420,3405,22164,9,330,4120,23664,15,30,6789,12999,11,270,4107,18997,2,330,4286,24330,23,0,9882,25997,24,-30,11896,16998,3.625,3.833333333
abc20530,4,2,2,22,1,16,2,21,-30,8345,28663,1,1,35,90,5937,24163,1,1,62,60,14042,25163,0,0,53,-60,4459,15165,1,1,34,-90,7085,12165,0,1,63,-330,2573,20998,0,0,2,-120,4470,20831,0,2,29,-60,4708,9499,1,1,45,90,3658,10666,0,1,33,-240,3847,17998,0,1,10,-150,5479,15165,1,0,16,-210,3831,15832,0,1,24,-120,5246,13665,0,0,52,60,5186,10498,0,1,22,-300,3738,36662,0,0,30,-120,6027,16332,1,1,19,-150,3655,13332,0,0,44,-90,14992,29662,1,1,7,-240,3167,17664,1,0,13,-240,3805,16998,1,1,58,90,7614,11832,1,1,28,-180,4138,26997,1,0,59,-60,5113,9833,0,1,39,-150,5533,15665,0,1,56,-60,15264,36662,1,0,23,-60,18460,23497,1,0,9,-360,3840,20997,1,1,36,30,4492,21164,1,1,48,-300,3396,23664,1,1,17,-30,7634,17331,0,0,5,-60,6481,14165,1,1,38,30,7748,18664,0,2,32,300,3356,22664,25,150,4133,13165,50,120,2977,11499,54,120,8146,15498,40,360,3316,23997,15,240,3302,19498,42,210,10956,24163,20,210,3161,17165,51,120,4396,13665,57,330,4323,26163,4,210,7324,20997,26,240,6091,23164,47,240,3677,23164,41,210,3833,16998,49,270,3866,20497,18,90,6304,10832,8,90,3893,12498,27,120,4432,11999,60,300,3775,22664,6,420,4160,30496,1,330,10531,33995,11,120,4778,15831,46,150,4743,16664,55,300,3989,20664,3,300,5533,26663,37,300,4325,24830,14,270,3407,22164,64,210,4536,19497,31,300,3859,25330,43,150,11487,19997,61,390,4242,25497,12,330,6051,25330,3.75,4.166666667
647d4968,2,1,2,25,1,12,2,57,-120,6236,19831,1,1,17,-60,8441,24331,1,1,54,-180,5444,14831,0,0,61,0,4232,13165,1,1,13,-120,9989,25496,0,1,43,-90,5804,14165,0,0,2,0,9512,61993,0,2,35,0,6390,18664,1,1,6,90,17859,38828,0,1,15,-90,6315,19164,0,1,38,0,4457,9999,1,0,16,0,19477,51494,0,1,9,0,5401,25830,0,0,45,-120,11229,20497,0,1,62,-210,4294,17165,0,0,47,-30,8526,19497,1,1,40,-150,9761,19331,0,0,27,0,6484,50327,1,1,46,-420,4939,38662,1,0,20,-150,11190,25663,1,1,49,0,4445,18831,1,1,37,0,4702,10832,1,0,33,-150,5774,15832,0,1,42,-330,5064,25830,0,1,44,-150,7161,16665,1,0,3,-90,7031,20497,1,0,21,-240,7610,24164,1,1,51,-120,16498,29996,1,1,52,-180,4581,13331,1,1,31,0,6638,21664,0,0,36,0,6634,15165,1,1,18,0,26807,45660,0,2,39,90,14024,26163,4,210,7705,30163,19,240,7862,36162,55,180,4032,18831,50,390,5529,50160,25,300,7597,34329,59,180,15159,38161,48,210,6568,26330,32,300,6658,39161,29,240,3967,24997,8,300,4759,33162,60,120,10549,20165,11,420,6578,49994,12,210,5455,29163,23,270,5648,33496,14,120,5280,26163,34,240,5736,29497,41,90,5356,15832,7,300,5982,35829,56,90,5284,14832,5,210,5926,36995,58,180,4700,17831,26,210,3525,23664,1,300,26992,61325,22,300,4123,27997,10,420,3372,42495,63,240,3907,26497,53,150,7690,17498,64,420,3345,37662,28,180,3250,14332,30,240,4940,25497,24,300,5007,30330,3.875,4.166666667
51109ddc,3,2,1,19,2,12,2,62,300,2774,17165,1,1,6,180,54249,72990,1,1,54,0,9145,10499,0,0,59,180,1651,11999,1,1,16,-390,4113,24330,0,1,50,0,8354,21997,0,0,41,0,17754,32996,0,2,58,300,3557,16164,1,1,7,0,32056,97988,0,1,60,60,5176,17331,0,1,34,150,6487,19830,1,0,24,-270,7287,26164,0,1,12,-300,72,18164,0,0,55,0,10829,20831,0,1,13,-360,3665,25163,0,0,35,240,6030,17497,1,1,5,0,20697,94155,0,0,48,240,3957,14498,1,1,21,270,4691,17164,1,0,20,120,3240,31996,1,1,43,300,5623,42328,1,1,63,210,8083,22164,1,0,53,0,9894,32496,0,1,15,-330,3640,33663,0,1,64,240,7206,17664,1,0,61,210,2421,15331,1,0,37,150,4731,13665,1,1,49,210,5157,16664,1,1,33,180,4673,14165,1,1,28,-270,3535,42328,0,0,4,0,22492,136649,1,1,25,-330,3167,18331,0,2,23,390,3826,24997,38,420,4997,34995,22,330,18285,29830,42,360,9196,27997,45,420,7664,26663,40,420,6613,27163,31,390,7725,24664,51,420,5996,26497,10,420,3376,25830,11,420,6677,35329,57,360,8083,28663,9,420,343,31496,3,90,4819,152313,47,420,6859,26164,44,420,8359,84655,29,390,6971,19331,36,420,7688,28997,56,360,9188,23331,30,330,6995,18498,19,420,11595,37328,18,420,4428,19498,39,420,8358,30829,1,420,12066,128150,26,360,4140,18664,46,420,7699,27497,17,330,3751,24997,27,420,104,12999,14,420,1062,37662,2,420,9560,89155,52,420,3213,22997,8,390,6355,33495,32,420,3655,21330,3.25,3.5
d6b63b04,4,2,2,28,1,16,2,22,60,5577,11999,1,1,59,60,3897,7165,1,1,6,120,2839,11666,0,0,26,30,5860,13332,1,1,34,60,9459,13998,0,1,57,-30,4385,8999,0,0,21,90,2928,9165,0,2,61,120,3021,9998,1,1,42,60,3929,8666,0,1,48,-150,6008,15998,0,1,45,60,10437,15332,1,0,5,0,3868,28497,0,1,31,60,6843,12998,0,0,15,-30,4901,14331,0,1,51,-30,7627,11499,0,0,40,60,5891,42161,1,1,19,-150,4624,12665,0,0,14,-30,4415,20831,1,1,3,-90,3892,15665,1,0,28,-30,5447,10499,1,1,46,60,5592,17331,1,1,63,-120,4594,13165,1,0,25,60,4614,12999,0,1,62,-30,3558,8499,0,1,30,60,7135,18331,1,0,38,60,2750,6500,1,0,23,-300,4177,22830,1,1,56,30,8076,11498,1,1,32,-90,2960,9332,1,1,49,180,2866,12498,0,0,17,30,3230,27663,1,1,58,60,3393,6333,0,2,12,180,3971,12999,33,-30,4302,7832,52,30,6372,9498,20,30,8753,17165,39,330,3171,21164,55,90,2959,6999,27,240,1708,13165,16,270,2604,20331,47,-90,3072,9166,24,-60,3467,6999,13,150,2800,12332,11,210,3871,16665,37,90,5788,11665,2,300,3138,26663,29,-30,4334,8666,35,30,5285,18164,41,120,3074,9166,53,120,3012,7666,4,210,5405,19998,44,240,1001,16998,50,-30,5723,9832,60,-90,2999,10332,9,-90,2449,8332,8,90,5362,10665,64,60,2088,6165,36,60,4785,8166,10,240,2669,19664,43,0,3914,18164,1,240,11150,32996,7,120,3741,12832,54,60,4434,7499,18,90,4172,11665,3.75,3.833333333
819dce97,3,2,1,24,1,16,2,49,420,3809,32162,1,1,48,420,4573,45994,1,1,58,420,2874,30663,0,0,11,420,5271,44995,1,1,33,420,7560,36662,0,1,27,420,3216,29329,0,0,44,420,3798,34662,0,2,42,420,4452,31996,1,1,30,420,6157,34829,0,1,12,420,6623,44494,0,1,40,420,4076,36162,1,0,22,420,4616,35829,0,1,63,420,3780,32163,0,0,19,420,6802,32995,0,1,6,420,3971,37495,0,0,46,420,7076,83490,1,1,31,420,6652,50494,0,0,9,420,4744,38829,1,1,21,420,356,32163,1,0,50,420,3790,37495,1,1,51,420,4202,33329,1,1,62,420,3489,28663,1,0,34,420,5155,35995,0,1,35,420,5959,38328,0,1,60,420,1005,35329,1,0,23,420,3852,40661,1,0,41,30,7138,134483,1,1,43,420,4528,32829,1,1,17,420,3770,29329,1,1,1,420,16810,60826,0,0,14,420,3806,39329,1,1,15,420,4093,37995,0,2,52,210,7494,25497,64,240,5588,42495,18,420,4031,49327,38,420,4074,39162,56,330,3207,50327,20,270,4987,31330,4,420,6678,46661,32,360,4653,30163,28,300,5531,41995,45,300,4661,39995,7,210,5824,37495,59,270,4007,24830,25,420,3208,36995,57,180,5564,19331,24,300,4631,26663,37,420,2559,28496,5,210,7879,32996,10,210,5594,30330,54,420,3625,28663,2,420,14358,69324,36,300,6578,28663,47,270,10871,66825,29,90,5872,14332,55,300,3223,25330,16,270,6269,30496,53,420,4538,44328,26,240,4437,22330,8,240,4674,38662,61,330,6307,35662,39,270,4130,24164,3,240,9124,59993,13,210,3933,33829,4.625,4.833333333
f937096f,1,1,2,31,2,18,2,7,30,5222,11498,1,1,19,90,11248,18165,1,1,1,420,19604,54160,0,0,58,-150,7117,14998,1,1,13,300,4163,24997,0,1,42,-150,7266,17165,0,0,15,240,3461,19664,0,2,62,90,6308,11998,1,1,56,300,3571,16665,0,1,55,330,6200,20997,0,1,4,390,6480,34329,1,0,31,90,4025,10665,0,1,40,120,7063,17831,0,0,14,150,4549,15498,0,1,34,420,3129,31829,0,0,54,120,3708,12498,1,1,59,-180,4402,14332,0,0,10,300,3686,23997,1,1,2,420,3720,34162,1,0,44,-150,7550,17498,1,1,24,300,3237,24997,1,1,27,240,7572,25164,1,0,60,240,5074,15164,0,1,6,30,11408,56659,0,1,17,150,6758,19331,1,0,39,420,3347,30996,1,0,37,-210,5079,21997,1,1,50,420,4847,23164,1,1,52,210,3082,15165,1,1,25,420,3667,37495,0,0,11,300,4152,23663,1,1,45,330,3184,26163,0,2,33,-210,2733,13332,28,330,3102,27663,3,210,8993,25163,41,-150,4407,13999,35,270,4090,25997,43,270,10846,30662,30,-180,4039,13498,16,-180,4229,15165,38,120,5876,16331,21,-90,4783,11832,26,420,4025,35162,22,150,4955,15498,20,390,3513,35496,46,150,4422,13498,8,90,5597,25830,12,240,5854,21831,9,-240,4186,20997,18,-330,4610,27663,48,150,10526,20497,47,-180,3149,12332,53,420,3712,23330,36,420,3010,36662,61,420,3870,22663,32,180,3414,14332,51,420,3366,22664,49,420,5919,26164,5,-330,4082,27996,63,150,3676,11999,57,420,3301,22164,23,-180,4548,15498,64,90,3813,12499,29,90,4833,11498,3.625,3.833333333
0e808d58,2,1,1,28,1,16,1,16,300,3192,21997,1,1,59,330,2956,33162,1,1,58,330,3293,24164,0,0,19,300,1146,23830,1,1,24,300,2987,24664,0,1,56,270,2246,25997,0,0,17,300,1489,24331,0,2,30,300,2096,22164,1,1,15,300,9009,31663,0,1,44,150,3581,14832,0,1,49,150,3154,12832,1,0,38,150,3126,16998,0,1,43,330,2395,26997,0,0,12,300,1006,27996,0,1,2,300,7485,27830,0,0,54,180,2377,17331,1,1,55,240,4039,23330,0,0,7,300,6326,31663,1,1,3,300,3238,22497,1,0,8,270,6442,50660,1,1,64,150,4074,14998,1,1,32,300,4107,29663,1,0,50,240,2588,17664,0,1,47,240,3881,20497,0,1,14,300,2992,39328,1,0,23,300,3192,20498,1,0,27,300,4407,29830,1,1,48,120,3478,14331,1,1,63,150,3425,16165,1,1,26,300,3070,23497,0,0,53,210,3440,17664,1,1,22,300,3393,25163,0,2,9,120,3383,15498,40,-60,3843,8999,6,90,5541,22830,39,90,3299,14665,33,300,3565,24997,36,60,1807,10332,31,300,3201,23997,18,120,3889,26496,5,90,3038,18164,37,90,2864,13165,10,120,3536,17831,60,90,3698,13498,35,180,3115,15498,52,120,8704,20331,51,150,3765,14332,20,120,5367,17665,57,90,7844,19497,13,120,3688,18831,34,150,3313,13832,42,150,2768,14165,62,-90,2501,12832,25,90,407,15831,41,-60,3510,9832,21,90,3924,23163,28,60,4595,12999,61,90,3237,12831,1,240,15009,66158,11,120,4353,18164,46,240,3436,22331,29,180,2811,15498,4,120,4225,19664,45,90,3900,11665,4.125,4.666666667
de1fd875,3,2,1,27,2,16,2,7,270,938,23164,1,1,8,420,2348,37662,1,1,52,420,2642,32662,0,0,58,120,309,9332,1,1,3,0,16565,32496,0,1,13,-420,9565,41495,0,0,20,-120,11378,19498,0,2,48,330,4775,24163,1,1,62,0,8266,16832,0,1,46,420,82,31996,0,1,41,210,5490,21164,1,0,15,180,15978,36995,0,1,29,0,4494,13665,0,0,18,120,2975,9999,0,1,49,-420,106,23497,0,0,23,300,5527,28830,1,1,33,-150,12953,24164,0,0,37,90,3679,16831,1,1,2,0,12086,39495,1,0,53,0,3030,24663,1,1,32,210,3713,20330,1,1,47,0,13926,15665,1,0,57,150,5220,17165,0,1,5,150,13625,33829,0,1,39,90,29035,37496,1,0,31,420,1344,30663,1,0,59,-120,6797,14165,1,1,9,420,3719,34328,1,1,34,240,4504,21664,1,1,55,120,71,7832,0,0,64,270,5826,21831,1,1,54,90,3649,11498,0,2,44,210,1028,16998,1,420,650,48327,30,180,3396,20997,6,210,6556,24996,42,240,7333,24830,28,210,7011,24497,36,270,6594,26497,40,180,5886,17331,51,0,3487,13999,10,-210,3898,18998,21,300,7804,25497,22,330,3338,29663,45,150,6330,17831,63,180,1415,21664,4,180,3750,23830,38,210,717,19330,43,180,5324,17165,12,150,3045,13165,50,90,6341,18331,27,270,3730,18998,61,60,11430,16498,16,-150,7583,29829,35,180,7022,22831,60,120,8130,17331,26,150,7667,19997,25,360,7523,35829,56,240,6976,22330,17,270,6222,23331,19,240,3437,27163,11,360,6905,28830,24,300,7367,31496,14,300,5873,26330,4.125,4.666666667
81b59fba,4,2,2,25,2,14,2,62,420,4344,26996,1,1,12,420,4350,26997,1,1,43,420,3613,25663,0,0,16,420,1794,19165,1,1,22,420,2273,23497,0,1,4,420,866,24997,0,0,29,420,695,19997,0,2,37,420,6288,24331,1,1,64,420,6209,26163,0,1,55,420,216,23164,0,1,28,420,2284,23830,1,0,48,390,2681,21164,0,1,45,420,3373,20664,0,0,50,420,4094,27164,0,1,61,420,3972,23164,0,0,53,420,2629,20830,1,1,30,420,129,22164,0,0,23,420,230,18331,1,1,3,420,5459,28330,1,0,21,420,94,19497,1,1,26,420,4032,20997,1,1,19,420,2933,19498,1,0,27,420,62,18164,0,1,14,420,2339,25996,0,1,9,420,2465,24163,1,0,44,420,4325,24997,1,0,36,90,194,33163,1,1,33,420,4085,20664,1,1,47,420,3057,22497,1,1,24,420,2043,18831,0,0,42,420,2366,26497,1,1,17,420,120,19997,0,2,58,420,348,25997,38,420,3937,21830,60,420,2202,22997,13,420,225,19165,35,420,63,22664,11,420,4723,29663,57,420,2978,31662,31,420,115,18831,59,420,2788,25497,5,420,328,21831,49,420,3377,19831,25,420,3266,20331,46,420,5770,21997,6,420,1487,27330,7,420,165,19831,32,420,1918,25830,52,420,2933,22497,63,420,4470,24497,34,420,2702,22164,39,420,5685,23830,1,420,10468,43994,15,420,145,20998,10,420,1703,24664,54,420,4072,25997,41,420,2297,24497,51,420,2771,28663,56,420,280,30663,18,420,2584,22164,20,420,5036,25163,2,420,2621,33995,8,420,680,21664,40,420,1565,22830,3.375,4
b17cebaf,3,2,1,22,1,13,2,54,240,5271,38995,1,1,16,420,2746,30163,1,1,56,390,3212,24164,0,0,37,120,2083,8999,1,1,52,30,5026,8499,0,1,7,390,3796,31163,0,0,38,270,1948,23664,0,2,48,150,6474,11332,1,1,26,210,1435,36829,0,1,5,180,7295,26497,0,1,19,150,2966,16831,1,0,25,420,3035,45494,0,1,3,-270,4660,54160,0,0,36,-90,4585,29996,0,1,53,270,4280,24663,0,0,17,120,6097,17998,1,1,1,240,8370,75324,0,0,13,-150,2523,24997,1,1,57,420,3300,22664,1,0,64,120,8997,13665,1,1,62,270,2872,17665,1,1,22,60,7282,19331,1,0,60,90,8167,12332,0,1,8,270,5539,32496,0,1,15,360,440,22830,1,0,31,420,2245,36496,1,0,23,-330,4212,66991,1,1,59,240,7871,24830,1,1,12,120,10547,51161,1,1,32,300,4873,24663,0,0,40,300,5832,27497,1,1,29,210,4796,37995,0,2,27,300,1124,19831,14,0,5054,18664,28,120,5444,14165,33,90,2430,27329,61,-90,3753,9165,11,180,1980,23831,58,60,242,8498,42,60,7884,14832,20,150,332,33162,10,-420,3736,23997,43,-120,7637,28997,34,90,11125,14998,39,180,4770,48661,55,180,6100,38995,2,300,62610,94654,47,90,3945,7666,4,-150,3804,50827,24,390,132,30829,30,-120,346,17997,21,240,1864,12656,9,60,2859,7999,63,180,3431,14664,41,120,7676,25663,6,240,3999,24830,44,30,13821,17997,50,-150,6801,23664,46,180,2553,9832,18,-420,210,32329,35,-180,1028,57326,49,-270,3462,29830,45,120,10794,37661,51,120,4044,11499,4.125,4.666666667
1b0f1915,2,1,1,27,1,12,2,14,0,7694,21331,1,1,34,60,5153,15832,1,1,33,60,3437,10332,0,0,31,-30,2871,8666,1,1,13,-60,5762,13498,0,1,63,-60,5616,10165,0,0,53,-60,3159,8666,0,2,50,120,3988,20164,1,1,15,-30,3547,10998,0,1,11,-60,5834,15665,0,1,49,-90,3730,10999,1,0,37,-90,3050,7833,0,1,45,60,2979,9332,0,0,30,-30,2289,7665,0,1,55,-30,4146,8999,0,0,29,-60,2854,8665,1,1,24,-60,2690,10998,0,0,61,-30,15291,20330,1,1,19,30,4668,13332,1,0,60,-90,3993,10665,1,1,47,60,2606,8332,1,1,41,-30,5076,10666,1,0,8,-150,4787,21498,0,1,23,-60,5946,15832,0,1,59,30,5776,14498,1,0,27,-60,2690,8999,1,0,40,-240,5139,25164,1,1,4,0,31274,484605,1,1,57,60,4266,9498,1,1,17,30,4483,10832,0,0,18,90,3359,18664,1,1,58,30,7945,17498,0,2,54,30,2908,8499,64,30,9421,14165,46,60,3828,9832,39,30,2924,7999,44,30,6117,10499,51,60,5315,10165,25,30,3343,7666,3,0,14804,511934,48,60,4455,10332,52,60,3855,8999,21,30,5858,11832,32,60,3689,9166,26,60,3696,8166,28,30,7092,11666,56,30,6731,11832,1,90,19796,143982,62,90,3678,7165,6,0,9170,25496,22,30,7109,11332,38,90,4732,9999,10,30,5374,12665,43,30,3305,9166,2,60,13861,379951,5,0,23547,597590,12,60,9319,19164,42,30,13281,21997,20,30,7177,12665,16,30,11509,24330,7,30,15738,38329,35,60,13375,19165,36,30,4085,11332,9,30,11473,23663,3.375,4
2f7586d5,3,2,2,27,5,14,2,51,-300,7825,26997,1,1,25,30,8821,39995,1,1,54,-300,5392,47494,0,0,41,-360,3557,25830,1,1,33,-300,4529,20164,0,1,45,-420,5474,33163,0,0,13,-360,7855,27163,0,2,24,-360,6706,30662,1,1,34,-270,4621,20498,0,1,47,-330,5151,27996,0,1,46,-180,5788,22164,1,0,12,-360,5242,24997,0,1,36,-390,12986,33496,0,0,21,-60,8029,12665,0,1,18,-360,6541,30329,0,0,20,-330,5220,25830,1,1,19,-360,7168,26663,0,0,9,-360,6095,25497,1,1,28,-420,5345,26663,1,0,2,-210,11314,46994,1,1,38,60,7254,27663,1,1,49,-300,8424,23997,1,0,16,-270,34751,47661,0,1,3,-300,12878,46661,0,1,11,-330,6045,23331,1,0,10,-240,7689,21331,1,0,52,-420,8748,30329,1,1,26,30,16960,31996,1,1,8,-390,5512,25664,1,1,17,-180,15238,51994,0,0,64,-180,27593,48994,1,1,40,-360,6310,25330,0,2,55,60,7864,83656,44,90,14973,23663,39,270,14343,34495,5,240,52753,109819,35,300,6489,28497,1,330,14061,41161,61,120,7956,15665,62,60,6266,14999,7,300,54019,80323,58,30,19611,24496,48,60,26522,33329,43,210,5623,22664,6,210,9328,32496,23,240,6720,23331,22,210,7136,23331,27,150,11368,21497,53,90,8059,18831,50,30,10202,18331,29,360,4649,30663,31,270,4751,26997,42,270,10902,30663,37,240,12904,29163,15,210,23739,66325,60,120,8810,15998,32,240,4243,16331,14,210,32033,63825,56,210,4180,25164,57,30,7355,17998,59,30,13343,25497,4,240,13051,34662,30,210,1953,32996,63,150,15065,29663,2,1.833333333
c8d195dc,3,2,1,28,2,14,2,19,-210,15281,28830,1,1,48,420,3133,34330,1,1,44,420,2800,30996,0,0,27,0,8978,68991,1,1,31,0,41417,55660,0,1,15,-420,10975,34162,0,0,46,-210,4738,33162,0,2,64,420,29120,65491,1,1,37,-420,2963,26497,0,1,61,0,12445,30829,0,1,22,180,3864,16165,1,0,59,0,19188,38161,0,1,54,-420,3729,27497,0,0,7,0,19790,28163,0,1,20,420,27779,52660,0,0,57,420,5880,34162,1,1,21,120,3519,29830,0,0,35,0,27731,37329,1,1,9,420,7440,35661,1,0,60,420,3767,29329,1,1,14,420,6313,37995,1,1,51,0,18713,26996,1,0,6,-300,5967,21997,0,1,47,420,3975,31663,0,1,28,-300,22546,37328,1,0,42,-420,3401,25330,1,0,32,-420,6492,26330,1,1,49,-420,4280,25830,1,1,25,-420,3615,21497,1,1,38,0,5372,17997,0,0,50,420,21049,45328,1,1,39,0,17775,40161,0,2,43,0,24780,28496,56,0,8934,14664,58,0,5562,27663,24,0,7556,14998,4,0,27955,38328,36,-30,36386,45160,13,0,19492,30163,16,0,7557,15831,62,0,34827,38328,34,0,14380,28497,10,-420,61804,81822,55,0,36853,52659,12,-420,52185,69991,53,0,6357,13331,41,0,11184,24497,1,0,62696,87989,18,0,4366,8665,40,0,6796,16998,2,0,53129,53160,29,0,6195,15664,17,0,10687,17498,52,420,4391,34162,8,-420,3567,25330,23,0,8593,14331,11,0,5215,18831,3,-180,49060,61492,26,0,6435,14498,45,30,15615,21164,33,-30,1925,26996,63,0,4246,4666,5,210,13718,38328,30,0,21060,32663,3,3
1b7cef5e,2,1,2,22,2,12,2,49,0,4611,24830,1,1,1,420,17396,47161,1,1,32,360,19749,52826,0,0,23,240,17665,139148,1,1,61,-90,1997,8333,0,1,52,90,36154,43661,0,0,58,0,6775,26664,0,2,9,270,8859,25164,1,1,20,300,3682,24997,0,1,63,-300,2841,17332,0,1,45,180,17718,30163,1,0,30,90,8750,17497,0,1,24,330,6307,70825,0,0,56,0,7454,31330,0,1,55,420,2415,31829,0,0,60,-30,8637,16831,1,1,47,210,3141,22663,0,0,59,-30,1408,5999,1,1,53,420,2760,35662,1,0,48,-120,14135,22664,1,1,62,210,564,15165,1,1,16,180,8099,21331,1,0,54,90,3511,21664,0,1,40,0,11418,12666,0,1,57,90,4048,20498,1,0,31,420,3380,46661,1,0,7,120,4065,16831,1,1,6,330,7231,27163,1,1,3,420,6587,33495,1,1,50,150,2375,18664,0,0,22,420,6875,42328,1,1,17,420,1786,37995,0,2,14,360,4375,29329,5,420,5750,33329,21,420,2978,30829,46,-120,3236,10832,51,-120,4432,15332,42,-150,8016,42495,13,120,4777,18164,15,420,3361,32995,44,-180,260,10666,26,150,19641,27996,43,60,4917,15498,2,420,4996,32662,27,420,6288,38995,36,420,5242,47161,38,90,3999,12332,39,390,4168,28163,64,0,4834,4999,37,-90,4262,10332,10,420,4271,34995,11,240,4756,25996,25,240,17682,53993,8,420,4411,39495,12,-120,5804,16331,29,180,2065,11665,4,420,15166,48660,33,240,7097,44161,34,420,3490,41994,28,-60,7360,28663,19,-60,4321,17831,18,30,6689,13665,35,240,4695,31829,41,300,3026,21164,3.625,3.833333333
a80939cc,4,2,1,29,1,14,2,40,60,4671,10832,1,1,4,0,5659,16331,1,1,48,-150,2521,9332,0,0,35,0,4223,10331,1,1,15,-90,7830,20498,0,1,42,-120,2780,8999,0,0,7,0,7601,23997,0,2,22,30,8648,16165,1,1,31,0,4616,10999,0,1,58,-240,1302,10499,0,1,13,0,11981,19331,1,0,8,0,5092,14498,0,1,50,-120,4495,10499,0,0,5,0,16694,24664,0,1,33,-150,3333,16498,0,0,9,0,4668,14332,1,1,32,-120,3468,10166,0,0,37,0,5991,11165,1,1,17,-90,7118,15831,1,0,60,-150,5527,13832,1,1,61,-180,4140,16164,1,1,62,-120,2661,8999,1,0,51,-120,3403,8665,0,1,30,-150,3640,13998,0,1,2,0,29137,52160,1,0,14,0,5814,12498,1,0,27,-120,3864,24664,1,1,45,-120,4402,10165,1,1,34,-120,3305,10832,1,1,3,0,9651,33829,0,0,56,30,4099,10832,1,1,29,0,3723,9665,0,2,49,-210,2705,32663,53,420,433,29496,55,-90,2934,9166,64,-120,1875,7333,6,-90,7295,24831,20,-120,2921,9665,43,-120,8884,15331,16,-150,4847,16332,44,-90,5220,11165,41,-30,6919,18498,25,90,3903,9165,18,0,13332,20664,10,-90,5137,23330,23,90,4591,15665,28,120,6917,17664,46,-120,4671,10832,52,-420,197,24997,63,0,8626,14498,47,60,6253,13664,26,60,4975,11165,11,60,18798,31829,38,-120,3614,9332,57,-180,1845,28663,12,-90,4694,17331,24,60,4047,13498,36,-90,3333,9999,19,60,565,9166,54,-30,428,10665,39,120,3368,9999,59,90,2297,8998,1,0,18080,18165,21,-150,3190,9832,4,4.333333333
0a498931,3,2,2,24,1,16,2,58,-60,5148,17165,1,1,7,120,5104,19664,1,1,31,120,6358,43661,0,0,26,0,3114,42328,1,1,11,-60,5849,56326,0,1,43,-60,6124,14332,0,0,32,120,4931,20164,0,2,15,-120,3638,19497,1,1,21,-150,4113,17831,0,1,18,-300,5025,21164,0,1,47,-90,4111,12998,1,0,5,90,8726,21997,0,1,39,-60,8172,18831,0,0,52,150,8478,44828,0,1,35,150,3419,20498,0,0,34,-60,5351,32329,1,1,40,-240,3088,16831,0,0,54,-30,145,40994,1,1,28,-180,4234,43495,1,0,63,-330,4897,21164,1,1,13,-60,6121,11832,1,1,17,-180,4267,23997,1,0,14,90,5523,57492,0,1,60,60,13605,19498,0,1,38,-210,7265,25663,1,0,9,-30,8064,23830,1,0,3,-390,5751,39495,1,1,8,-120,6336,20331,1,1,44,-210,3752,27830,1,1,25,90,5164,19331,0,0,49,-120,4198,22330,1,1,24,60,6668,15498,0,2,6,0,6464,58492,62,-60,10530,18165,55,-60,5295,18664,2,0,6792,46993,45,120,7283,25997,16,300,7062,27497,48,-150,304,24663,20,30,7474,31163,22,60,14215,19997,27,-330,3140,22163,30,-120,5844,14832,46,30,5274,54160,42,-60,3596,21163,4,-150,6153,17498,53,120,5581,75990,19,-150,3698,11832,29,-120,4286,13332,64,-180,3640,16498,10,-180,3964,15997,59,240,3744,21997,12,-90,4989,15998,1,150,20269,63492,61,240,4919,27663,57,270,2914,22830,50,-270,4477,22830,33,270,4081,23830,51,60,5208,13998,36,-30,8786,20998,56,210,6823,24164,23,-270,2783,19331,37,-180,3446,15831,41,-270,8178,33163,3.625,3.833333333
6def34b4,3,2,1,21,1,15,2,33,-60,5404,21831,1,1,50,240,4348,26831,1,1,10,-30,8290,24831,0,0,9,-60,9167,20164,1,1,49,60,5639,29663,0,1,37,30,6672,45827,0,0,59,30,6032,15998,0,2,56,-30,5559,15831,1,1,1,-30,21035,49994,0,1,14,-90,6157,21497,0,1,18,30,5659,21498,1,0,60,-60,5611,16498,0,1,3,-60,6769,18831,0,0,35,0,9269,46994,0,1,5,-120,5220,25497,0,0,55,-30,7181,16998,1,1,27,-210,5199,17664,0,0,40,-60,4587,20664,1,1,28,-30,5459,35163,1,0,32,60,4236,13665,1,1,15,120,5376,20664,1,1,41,-60,7697,53160,1,0,25,0,11822,31162,0,1,38,30,11373,32662,0,1,26,30,5453,20498,1,0,21,60,4919,14331,1,0,54,-30,6553,16998,1,1,22,60,5498,25496,1,1,8,-60,8065,40995,1,1,43,30,6782,16498,0,0,46,30,6345,17498,1,1,39,60,5659,15665,0,2,17,60,6805,23330,62,90,5688,24663,23,-60,11871,20164,4,60,6816,26497,34,60,5514,24497,48,-60,6660,17498,31,-30,11300,19498,19,210,6765,23331,11,60,6657,20164,36,90,7036,18331,57,-60,6822,20498,64,150,5403,21830,42,60,6834,14665,58,150,5312,15665,51,60,11678,27496,63,180,4554,13498,12,-30,5487,15164,7,240,5274,23330,45,-60,11418,25330,61,-60,5951,16497,2,120,8677,27830,47,240,5785,31996,20,240,5300,53827,16,30,11334,27663,52,30,9312,34996,24,-90,7245,28330,29,180,3818,16831,53,30,7771,19665,44,150,3708,14998,13,90,6917,27497,6,120,6049,24330,30,-60,5304,15665,3.75,4
49403149,3,2,2,23,1,13,2,60,0,10307,18331,1,1,36,60,5789,11999,1,1,6,60,3526,9999,0,0,49,30,3196,10332,1,1,56,0,4353,27663,0,1,12,60,4050,16332,0,0,19,60,5631,25996,0,2,3,60,14920,61826,1,1,28,60,4103,15831,0,1,37,60,8917,25331,0,1,63,30,3546,7499,1,0,50,30,3694,7832,0,1,58,0,8363,13165,0,0,62,30,16966,20497,0,1,9,60,4227,22830,0,0,54,0,8675,12831,1,1,44,60,8195,15665,0,0,34,30,6533,15831,1,1,59,30,5862,11832,1,0,5,30,6688,40328,1,1,41,30,3840,9999,1,1,24,60,5091,13665,1,0,30,60,6114,14831,0,1,11,60,4834,11332,0,1,10,60,3658,9999,1,0,29,60,4949,12832,1,0,52,0,4753,13665,1,1,32,60,7663,15498,1,1,46,30,4864,8499,1,1,21,60,4225,11499,0,0,55,0,11961,17998,1,1,17,60,11462,17831,0,2,7,-30,7820,13998,31,60,5667,13332,15,-60,6239,12998,16,-30,6631,29496,1,120,16868,59992,20,120,5246,16165,53,0,8132,12331,2,150,18383,44660,23,-30,7703,11665,22,-90,4987,9999,35,60,5177,12165,33,-30,5269,10832,48,30,4073,8166,26,-30,4806,9832,27,30,3709,7500,8,0,5733,32996,57,-30,14540,18664,18,0,12095,43327,42,-30,4444,10165,45,60,18245,32330,51,30,2878,7832,61,0,11450,15164,47,-30,4951,8332,43,0,9987,38495,40,60,5380,12665,39,30,11011,17331,25,60,4794,12832,4,90,8115,27663,14,-60,4460,12832,38,0,5355,16832,64,30,6902,27330,13,120,8203,22998,3.375,3.666666667
9e61fa98,2,1,2,31,1,18,2,38,30,3779,11998,1,1,33,60,2363,6499,1,1,42,120,1302,16331,0,0,15,-180,2696,13832,1,1,25,30,3090,8166,0,1,64,270,2416,20164,0,0,55,60,6119,14331,0,2,54,30,3335,7166,1,1,49,120,2096,9166,0,1,21,-90,3659,11165,0,1,59,60,5314,9332,1,0,9,150,2357,11165,0,1,52,60,3325,9833,0,0,36,150,2016,9498,0,1,32,-60,3771,8165,0,0,46,30,11756,28163,1,1,23,30,3323,7666,0,0,28,30,4901,21331,1,1,35,-120,3246,11499,1,0,53,-150,2823,10665,1,1,57,30,2900,6832,1,1,12,210,3454,17998,1,0,62,30,3856,23830,0,1,17,120,3377,15332,0,1,24,150,2654,11998,1,0,34,90,2737,9332,1,0,44,-180,3897,14331,1,1,39,-240,7548,18832,1,1,26,-240,3598,17331,1,1,6,420,3115,23663,0,0,13,-210,3703,20664,1,1,19,210,3363,18831,0,2,11,180,3419,12499,40,270,978,17498,18,150,2800,12165,8,60,3564,10166,60,180,2496,16164,50,300,2843,24330,56,120,2350,9666,5,-60,3989,12499,16,210,4057,15998,47,-30,5061,13165,20,180,8875,23331,48,270,2973,17664,30,210,3248,13832,4,90,3942,16997,27,300,2818,22831,51,120,4115,16998,41,60,3204,6499,7,60,12234,18831,63,150,2772,13332,2,240,3622,24497,37,270,2770,16998,10,240,3089,17331,1,180,25426,44328,43,210,3363,14332,45,300,2587,17498,31,390,4447,28663,61,90,3036,9332,22,150,6094,16665,3,300,4001,29996,29,210,5495,20164,58,180,2389,13332,14,210,2477,12998,4.125,4.666666667
f6259d49,4,2,2,28,1,15,2,27,150,4792,27997,1,1,64,180,3178,19830,1,1,57,180,3542,18998,0,0,3,180,3201,27664,1,1,11,270,7785,38662,0,1,8,270,3513,30496,0,0,39,270,4464,31162,0,2,44,150,9216,25997,1,1,53,120,4571,19998,0,1,38,90,5635,18498,0,1,5,210,4500,26163,1,0,40,150,6569,31996,0,1,15,180,4969,23497,0,0,1,180,16016,72658,0,1,54,120,4160,15998,0,0,59,180,8809,27997,1,1,22,60,4531,27829,0,0,13,180,4521,21997,1,1,42,60,8823,23164,1,0,6,240,4633,34329,1,1,32,270,2735,24664,1,1,18,120,4834,20331,1,0,19,240,5083,43828,0,1,16,300,4291,33662,0,1,9,60,4796,12498,1,0,60,240,3479,21830,1,0,26,60,4479,41828,1,1,36,120,5644,21498,1,1,33,180,3685,19831,1,1,24,120,4392,16665,0,0,10,210,3992,23997,1,1,20,300,3895,26163,0,2,61,-180,6640,17165,52,-90,4631,17997,56,-300,2437,14665,49,-270,4458,23330,4,-240,3122,25997,21,-90,3393,44828,30,-300,2946,19165,29,-270,3928,25663,47,-270,3075,15958,37,-420,3417,29329,55,-270,3039,22997,28,-150,4085,13332,41,-240,3100,16664,2,-180,6603,30663,17,-150,3747,18665,25,-240,4101,24830,12,-240,3111,28830,34,-270,2719,20165,43,-300,2667,16831,51,-270,3242,16165,62,-270,2818,15331,46,-240,3042,14998,31,-240,3329,17331,35,-120,2846,35328,45,-60,3550,35495,50,-240,4099,16165,14,-360,3236,26830,7,-240,3978,25997,63,-330,3051,19831,23,-180,3036,15998,48,-270,3085,17331,58,-270,3088,16164,3,3
46c29e29,2,1,1,30,2,12,2,44,330,484,41328,1,1,61,330,53267,94322,1,1,2,330,12319,56993,0,0,1,330,20142,105986,1,1,42,330,5759,51160,0,1,27,330,26842,51993,0,0,60,330,8637,62492,0,2,18,330,3334,27996,1,1,46,330,17068,55660,0,1,37,330,4891,28663,0,1,58,330,1389,33163,1,0,45,330,8740,58493,0,1,8,330,8113,85822,0,0,50,330,8735,46661,0,1,10,330,3292,37329,0,0,55,330,6306,50493,1,1,9,330,6438,29330,0,0,36,330,2650,51493,1,1,5,330,5786,43161,1,0,38,330,3665,26997,1,1,48,330,4233,39162,1,1,17,360,3782,34162,1,0,25,330,3734,34329,0,1,59,360,82671,180811,0,1,21,330,2464,36162,1,0,51,330,9435,44661,1,0,32,210,4366,66658,1,1,13,330,3969,34329,1,1,53,330,6274,42495,1,1,26,330,18183,39828,0,0,16,330,3773,43828,1,1,14,330,3223,83823,0,2,35,-420,127,28663,7,-420,5990,31663,31,-420,3574,27497,34,-420,5775,28830,52,-420,15593,52159,33,-420,17236,38662,54,-420,6371,33162,63,-420,16354,67491,22,-420,4525,31662,57,-420,2129,26830,23,-420,3527,32996,56,-420,7099,36329,41,-420,9386,34996,19,-420,3475,27330,28,-420,5082,29329,3,-420,5484,30830,62,-420,88759,125984,47,-420,2966,26164,6,-420,4309,27663,39,-420,6584,32496,11,-420,5498,27830,49,-420,18853,42661,15,-420,10951,37162,4,-420,3851,27329,24,-420,4240,31330,64,-420,16769,60493,12,-420,4451,27830,29,-420,5374,59659,43,-420,4330,30496,20,-420,2469,30329,40,-420,8546,43494,30,-420,3499,32329,3.375,4.166666667
0fad4f9e,4,2,1,32,1,17,2,4,120,9001,20998,1,1,16,240,3961,26830,1,1,28,0,13281,19497,0,0,64,150,2532,9165,1,1,43,0,2742,7666,0,1,17,0,27581,44827,0,0,50,0,2871,10998,0,2,54,0,3274,8332,1,1,24,0,5193,13499,0,1,37,0,8068,13665,0,1,19,420,6884,32663,1,0,51,0,2323,7666,0,1,22,420,4160,25830,0,0,55,0,613,2999,0,1,34,0,5283,14998,0,0,47,420,1830,31162,1,1,10,0,24693,25997,0,0,14,0,4489,17497,1,1,11,0,3961,16165,1,0,15,0,4499,11499,1,1,58,0,7830,12832,1,1,63,150,2881,8999,1,0,2,0,9358,16665,0,1,41,30,2541,27330,0,1,27,0,5756,11832,1,0,52,210,1604,14998,1,0,38,-90,3720,19331,1,1,42,0,3172,7833,1,1,25,0,2661,26496,1,1,30,0,7310,16164,0,0,23,300,571,12665,1,1,40,0,4711,4833,0,2,1,420,14261,48493,61,240,347,13498,8,420,2955,32329,29,420,2695,35328,44,420,2811,33162,62,420,2039,29663,9,420,3927,28330,5,420,2612,34329,32,420,2350,29663,53,420,7,25163,59,0,5902,10498,49,420,2880,29829,7,420,4795,36829,3,420,7333,36329,48,420,1748,35828,6,420,3247,30663,33,420,884,28997,13,420,3001,31829,45,420,3893,35828,35,420,3464,32996,56,420,354,27496,18,420,279,34329,36,420,1472,39161,20,420,342,25663,57,420,2242,37828,60,0,2513,6666,21,420,4030,26497,46,420,30,32996,39,420,6202,35328,26,420,2301,33829,31,420,117,37162,12,420,2074,25663,3.375,3.666666667
0ad03f9f,4,2,1,21,1,14,2,45,30,3290,11498,1,1,61,180,2807,14665,1,1,50,210,2455,17498,0,0,56,90,4207,9999,1,1,48,30,594,10499,0,1,27,210,1944,12999,0,0,39,90,2598,12331,0,2,31,-30,10566,14831,1,1,7,90,3521,16164,0,1,41,60,4632,11999,0,1,18,240,3758,23997,1,0,62,210,2728,16498,0,1,36,180,2868,14332,0,0,34,120,7306,23831,0,1,57,270,2005,15665,0,0,51,30,4434,8999,1,1,16,90,32076,49327,0,0,58,90,3856,8499,1,1,26,330,4148,21331,1,0,54,-30,6592,15331,1,1,28,180,4209,21164,1,1,52,210,2229,12665,1,0,8,210,2731,16831,0,1,33,180,3348,16498,0,1,29,180,2945,11998,1,0,22,150,3034,20498,1,0,9,-120,4644,17831,1,1,30,180,3884,15165,1,1,40,60,2814,8499,1,1,20,210,11661,27497,0,0,6,180,14805,26664,1,1,17,60,2523,14331,0,2,24,30,10264,13999,1,120,39577,102987,2,60,11287,46327,35,30,2356,6333,38,240,3273,14498,49,60,6766,15498,43,30,3397,7499,55,-120,2992,9832,11,90,2668,13499,32,0,3476,9832,63,30,2914,5832,25,90,35970,57492,14,60,10040,15498,23,-90,12841,17497,10,60,3008,19497,3,30,6614,11665,19,240,3132,15165,59,60,2819,6166,15,60,7277,12665,44,30,4462,10999,13,180,4811,16331,46,120,4167,11832,5,60,4973,15165,21,60,2712,11666,12,90,15993,31996,64,0,4185,6832,60,30,3964,8165,42,30,5634,14998,53,240,2629,21164,4,210,3014,15498,47,210,3092,14165,37,30,13760,39661,4.25,4.5
095ed5ac,4,2,1,27,1,12,2,33,0,39372,53493,1,1,43,210,2665,15998,1,1,42,60,24883,35829,0,0,51,-90,11689,49827,1,1,23,0,4128,9666,0,1,60,-30,10532,19164,0,0,37,60,3867,8832,0,2,46,180,5038,15832,1,1,3,0,16007,23997,0,1,52,-90,7217,23330,0,1,14,150,5808,18831,1,0,15,60,24020,30163,0,1,18,60,1499,10665,0,0,53,90,16806,20997,0,1,54,150,5760,21164,0,0,5,60,5192,14998,1,1,2,-90,10208,29163,0,0,56,120,8343,30663,1,1,26,180,5777,18664,1,0,38,-60,8093,30829,1,1,4,210,6278,52993,1,1,61,60,3262,6666,1,0,58,60,10569,26330,0,1,63,-120,6464,31163,0,1,47,120,10071,25330,1,0,29,-60,3179,8499,1,0,50,-120,5762,14331,1,1,44,90,8724,28329,1,1,62,-90,9737,35662,1,1,24,90,10254,22997,0,0,55,150,7046,33162,1,1,13,120,51149,65158,0,2,9,240,4084,17165,35,240,3781,17830,64,150,3054,7665,16,120,4649,21664,31,120,4843,10498,25,120,195,13998,41,120,8791,13498,17,90,88768,98487,22,60,12890,17331,12,180,3089,20331,30,120,7810,15331,21,90,13220,22163,28,120,2570,8499,20,180,9521,29996,49,210,1565,11332,39,120,3030,9332,40,150,696,6833,59,330,770,13998,10,390,3008,24663,1,300,13524,57159,7,270,5166,22164,11,420,6534,29829,57,30,12113,20164,36,150,9822,21164,45,150,1022,12165,34,120,26733,33162,27,60,9866,17164,6,270,4551,25163,48,90,2154,6166,8,330,4745,23663,32,360,245,19664,19,180,30872,47161,3.375,3.333333333
84e8d024,1,1,2,19,5,13,2,25,210,4664,18498,1,1,47,180,3430,14331,1,1,44,330,8571,27330,0,0,13,150,5713,15998,1,1,50,180,5294,15165,0,1,30,240,4153,16664,0,0,49,270,2825,14165,0,2,60,270,4069,16998,1,1,20,180,4187,14498,0,1,31,210,8126,20497,0,1,26,360,4194,25163,1,0,29,210,3356,21164,0,1,53,300,3532,20997,0,0,51,240,3020,17165,0,1,45,360,2974,23663,0,0,24,300,4128,22830,1,1,19,330,4178,28496,0,0,23,180,4556,14332,1,1,18,300,5393,32829,1,0,46,150,4931,14998,1,1,15,210,6403,29163,1,1,57,270,4037,18331,1,0,38,240,4129,16831,0,1,36,210,5356,15165,0,1,1,240,61869,93988,1,0,61,330,3126,21664,1,0,43,150,7709,19331,1,1,16,180,5867,19831,1,1,37,180,7323,19831,1,1,42,270,3549,15665,0,0,58,270,6384,21831,1,1,34,210,7696,25163,0,2,7,-90,17980,34495,28,30,4251,11666,41,-120,4317,16331,5,150,6810,18997,33,0,6967,19665,9,-120,19485,31996,22,-120,4604,12332,63,150,11190,25830,54,-90,14483,20164,8,-120,5666,15998,32,-30,5309,23330,14,0,12919,24830,56,180,3798,17164,10,-150,4480,15998,6,180,5487,20664,35,60,20008,45161,64,90,6693,14331,4,150,4747,16164,59,-60,7437,19164,40,-90,5776,17998,55,90,7552,12498,3,120,6464,18331,48,120,3780,9499,11,120,5743,13665,21,-120,4005,11332,39,0,20929,21997,62,150,4653,14665,2,0,11323,11832,52,60,11042,18997,17,180,6470,20831,27,-120,7211,17498,12,-150,3992,25496,3.75,4.333333333
7aad208c,3,2,1,27,2,12,2,39,180,15663,33495,1,1,19,420,4031,41994,1,1,36,420,4105,43494,0,0,46,0,20396,63158,1,1,7,210,4850,32829,0,1,18,330,10726,38328,0,0,47,150,20693,216639,0,2,37,90,8405,19831,1,1,25,300,10687,44661,0,1,48,270,7867,27997,0,1,9,180,3541,25663,1,0,34,270,7326,35162,0,1,32,420,2995,49160,0,0,3,180,8096,30996,0,1,52,390,7308,42994,0,0,59,210,4449,48494,1,1,4,210,6821,32663,0,0,5,240,4489,30496,1,1,30,240,7615,56826,1,0,24,90,7668,17998,1,1,33,270,16855,86323,1,1,58,420,10068,51994,1,0,10,330,17162,51827,0,1,51,120,3779,18998,0,1,8,420,2740,38662,1,0,64,420,8260,38328,1,0,40,150,11378,24164,1,1,16,240,7047,27330,1,1,23,270,4869,31996,1,1,6,420,3757,38162,0,0,38,210,11617,43161,1,1,61,210,35493,51327,0,2,35,270,19492,51661,26,420,5300,51493,49,390,9261,62825,44,300,9263,37161,63,360,3520,37662,1,420,25132,59159,57,180,9804,27997,54,240,7521,28496,55,300,8531,34329,11,240,10263,28497,21,330,8222,44661,28,270,3794,134816,62,330,148,33330,12,270,28937,54160,14,360,17245,54326,45,270,10112,53160,29,240,3412,22997,53,300,4035,32163,31,270,9719,34496,56,210,11689,30663,42,300,7382,37329,17,420,8711,60492,27,420,38414,146814,15,300,4416,32163,2,420,4273,46161,13,330,5038,98821,20,270,9319,54160,43,420,8862,42994,41,210,24007,148314,50,420,4197,49494,60,210,8188,54160,22,330,6252,52160,3,3.166666667
058be50b,3,2,2,22,2,15,2,60,120,2851,14998,1,1,25,180,4763,23163,1,1,12,150,6000,23330,0,0,59,210,3455,21664,1,1,20,180,5253,27663,0,1,53,60,4317,10998,0,0,29,240,3965,19831,0,2,7,270,32889,54827,1,1,38,90,45930,55326,0,1,46,-150,90072,147148,0,1,21,210,4011,22664,1,0,63,120,8930,21164,0,1,51,150,4542,33996,0,0,61,120,36897,51160,0,1,22,-210,3627,16831,0,0,23,180,4361,20998,1,1,11,300,8999,27997,0,0,41,180,63623,82656,1,1,19,-210,3452,22830,1,0,4,0,10303,12332,1,1,18,240,4523,22330,1,1,2,150,7176,28829,1,0,50,90,5425,20497,0,1,54,60,4529,12499,0,1,57,270,3874,27997,1,0,37,270,11820,30829,1,0,39,60,21951,33996,1,1,27,210,6510,21331,1,1,17,180,5504,19164,1,1,10,90,13888,31163,0,0,1,90,48332,67825,1,1,6,120,15725,30163,0,2,28,0,6363,11998,42,150,24686,43661,33,90,9911,19830,45,-120,15595,28163,56,240,5333,24830,62,150,5561,17998,26,0,8920,17164,24,0,22237,22664,16,180,6864,21497,48,-60,18436,26329,40,150,25080,40994,58,240,4081,25497,30,210,10662,29996,43,150,53794,76657,47,150,18695,29996,49,270,4364,33162,35,0,29919,52160,13,-180,4237,36662,44,120,95034,127650,9,90,5698,18164,31,150,18556,32829,5,150,24510,42661,15,150,9103,19164,8,0,4303,7332,3,150,6215,29829,36,150,15830,43328,14,150,8310,26997,34,150,9642,26497,55,150,3501,43995,32,-90,8638,19997,64,180,72414,94155,52,150,5544,20664,2.375,2.333333333
7a5aa074,1,1,2,29,1,18,2,17,0,7296,12665,1,1,44,360,5162,41828,1,1,37,60,59658,75157,0,0,49,-210,6127,19998,1,1,35,-180,4191,18664,0,1,19,30,4741,8666,0,0,3,60,6935,25497,0,2,20,0,6453,50827,1,1,36,30,3910,10165,0,1,53,-120,8560,49327,0,1,54,-60,7150,19997,1,0,25,-150,3786,14331,0,1,26,-150,4284,12831,0,0,63,60,3849,14665,0,1,8,-180,4376,25997,0,0,56,-180,81566,108319,1,1,48,-180,3668,16665,0,0,57,30,6311,10166,1,1,60,150,7529,20997,1,0,64,-150,4060,16831,1,1,47,30,7586,41494,1,1,39,180,8132,24997,1,0,52,-210,6727,24664,0,1,24,-120,5590,13832,0,1,42,330,7874,51827,1,0,13,180,4953,38995,1,0,51,-120,7940,19164,1,1,27,150,6110,14332,1,1,6,0,23499,71491,1,1,11,120,5179,13831,0,0,43,90,3358,10332,1,1,38,180,11299,23664,0,2,2,0,8884,57160,15,-60,9143,14832,7,150,5400,15331,10,-90,7579,17665,62,-300,4755,24164,29,270,4241,21498,55,-30,15320,42161,32,-330,4038,25497,50,0,39710,47993,1,-30,31811,44994,41,270,4524,28830,45,-240,8368,55493,58,-240,5313,21831,40,-120,8042,19998,9,-240,4983,35995,12,-60,3821,12165,31,-210,5148,17831,23,-210,3576,15832,16,-270,4099,26830,4,-120,6834,21498,18,-30,11195,15331,28,90,5493,10832,30,-180,6315,16331,46,-150,7667,18998,59,330,11474,36995,21,120,5247,18331,22,-150,3692,12666,34,120,7224,16665,14,240,5219,26497,33,-120,5954,13498,5,180,4927,27163,61,-60,7322,14165,4.125,4.333333333
b0de5f11,1,1,1,21,1,15,2,51,-90,2854,8332,1,1,57,-60,3279,8166,1,1,43,-60,5637,18331,0,0,15,-90,3077,8832,1,1,41,180,352,14165,0,1,6,-90,4804,23497,0,0,48,-90,3086,9333,0,2,36,-30,3046,8999,1,1,46,30,8121,25330,0,1,30,-30,4103,12998,0,1,59,-30,3890,7666,1,0,44,120,3569,15165,0,1,38,-90,57,16498,0,0,40,60,2941,15831,0,1,26,-90,3485,10332,0,0,14,-30,4869,9499,1,1,7,-150,3521,16165,0,0,60,-60,4114,13664,1,1,54,-90,5316,10332,1,0,61,-30,4463,9832,1,1,56,90,4240,9499,1,1,50,90,2996,10499,1,0,10,60,14763,101321,0,1,64,210,4857,22330,0,1,62,-30,2479,8332,1,0,52,-90,3605,9499,1,0,39,-90,3342,9332,1,1,55,-90,7701,13665,1,1,21,30,4575,16331,1,1,45,-30,3285,14998,0,0,1,180,30173,56326,1,1,47,-30,4128,8999,0,2,29,-60,4592,10332,63,180,4427,22331,11,210,1901,23164,3,30,11896,56326,58,150,3523,17497,22,150,5325,18831,33,60,3661,8999,27,-60,4464,10499,4,210,4817,25663,53,150,4697,18831,16,240,4459,28330,2,270,11666,47161,28,30,2866,13332,5,0,6598,17331,24,240,3344,26163,31,300,4268,29329,20,-60,4772,17831,18,240,5914,28829,17,-90,5270,27497,19,90,6066,19498,25,240,3954,24996,42,270,3546,24664,37,-150,4510,15165,32,120,8341,20330,35,60,3267,10165,8,30,4784,64325,34,-90,4133,11166,12,30,3846,8832,9,270,4753,27663,13,-30,3000,11165,23,-30,6838,11999,49,240,5218,26497,3.625,3.833333333
cb1b1946,3,2,1,19,2,12,2,12,-30,26488,39662,1,1,5,0,10826,23330,1,1,43,210,7747,27996,0,0,21,30,44888,58493,1,1,64,300,12568,44828,0,1,10,0,7970,9665,0,0,44,180,2769,10499,0,2,58,30,10556,24163,1,1,26,0,6917,19998,0,1,16,0,7063,23163,0,1,60,300,3870,16831,1,0,52,150,5876,17665,0,1,28,270,5570,26663,0,0,23,120,3547,24164,0,1,18,60,14603,45994,0,0,2,0,29127,49327,1,1,62,120,4833,13665,0,0,24,60,9175,17331,1,1,61,390,5014,28163,1,0,46,0,11469,40495,1,1,22,0,9552,32662,1,1,54,0,5677,13665,1,0,47,0,4135,5000,0,1,37,210,9582,35162,0,1,39,180,14852,54159,1,0,1,0,68539,262966,1,0,48,-60,4388,40995,1,1,31,0,16607,31996,1,1,35,60,21783,28663,1,1,33,90,5668,20331,0,0,42,60,18985,44994,1,1,34,150,4403,18997,0,2,32,30,2722,6999,36,150,13104,41661,30,-90,6529,11999,4,150,16189,47328,15,180,4967,16997,27,300,3447,22997,17,90,4816,23497,55,180,3392,15831,40,120,10509,22997,13,-90,7691,46994,9,120,6177,21330,49,-30,9139,15332,14,60,26774,39328,63,30,9452,12831,3,180,250,87322,20,270,3411,21497,51,120,6354,17331,56,30,8833,12665,45,120,3373,61659,19,30,3964,7832,53,30,96356,106653,29,390,5574,27496,7,420,4853,35995,38,30,9437,15165,57,-60,6768,13999,50,390,97,40161,41,90,8411,22164,8,180,9941,31329,25,90,3777,19998,11,120,5438,20164,59,-30,11227,17664,6,-210,3289,19498,2.875,3
bdb5086a,4,2,1,29,1,13,2,3,150,31141,41995,1,1,61,120,14166,23664,1,1,54,0,9691,9832,0,0,48,0,15508,36495,1,1,19,0,9183,9332,0,1,53,0,10210,10665,0,0,36,210,6129,37829,0,2,15,0,47740,47827,1,1,56,90,5959,18497,0,1,34,-330,2933,15665,0,1,7,420,4377,23664,1,0,50,0,14209,14331,0,1,55,0,10067,10332,0,0,57,210,2804,24830,0,1,38,-420,3117,22664,0,0,18,150,3676,11665,1,1,43,-420,12370,30163,0,0,29,120,6540,18664,1,1,62,0,19104,49827,1,0,32,-120,4078,42661,1,1,2,150,2471,44494,1,1,44,0,9138,9166,1,0,27,330,4282,31996,0,1,24,330,19831,42328,0,1,6,270,9348,25664,1,0,33,-210,4623,14664,1,0,21,0,22341,34329,1,1,30,270,3590,24164,1,1,58,-270,4228,14831,1,1,9,300,2278,20497,0,0,41,0,22695,36662,1,1,47,0,5525,29829,0,2,22,240,5676,19998,60,420,2774,26330,12,330,3001,19997,11,300,3125,16831,63,240,9445,26163,51,0,6858,6999,23,270,4153,14998,37,240,7387,20664,1,420,18978,45161,64,240,19249,52826,4,300,4470,24830,40,180,11923,36495,14,330,3048,18831,5,0,5481,17831,45,-210,5043,28830,16,300,3234,17831,46,120,2984,15665,49,150,3675,20831,31,420,3700,54993,39,180,3924,15332,42,-420,3188,21164,17,360,3994,23664,26,330,8933,37995,35,240,8645,42161,20,240,3850,20998,28,420,5113,24663,10,300,4278,16831,13,300,3471,17664,25,210,43,19164,52,-60,9317,20664,8,420,2904,28496,59,0,17227,17331,3.5,3.5
e4e009ab,1,1,2,30,1,14,2,57,120,3236,15665,1,1,26,90,5655,18498,1,1,13,120,3636,17664,0,0,30,120,6491,18498,1,1,47,120,3741,15499,0,1,54,120,5244,26330,0,0,4,150,3533,22663,0,2,33,120,4829,15664,1,1,52,120,2335,12498,0,1,20,90,3232,21664,0,1,62,120,3784,12332,1,0,23,120,3496,12831,0,1,24,120,4181,23164,0,0,49,120,4157,16331,0,1,63,120,4209,16997,0,0,12,120,4945,25830,1,1,42,120,5003,21998,0,0,55,90,4010,13832,1,1,43,120,5540,17165,1,0,21,90,5722,20998,1,1,2,180,3390,23997,1,1,3,150,3638,19331,1,0,35,120,5169,20831,0,1,36,120,3836,14832,0,1,38,90,3880,11498,1,0,29,120,4119,19997,1,0,37,120,5426,13332,1,1,64,120,5172,16664,1,1,18,120,7023,24330,1,1,19,90,5543,16498,0,0,53,120,4035,18998,1,1,40,120,3701,21997,0,2,45,330,3444,29996,1,300,12879,57326,6,330,3680,31163,9,330,3499,38496,48,330,2960,27330,56,390,2597,26996,39,300,6444,29663,15,330,4258,28496,14,330,3096,39828,46,330,3396,31663,11,330,5124,33995,59,330,4024,27830,22,330,3209,29330,58,330,3448,24663,27,330,2960,27663,16,330,3546,29663,25,330,4484,33496,44,330,4462,37829,51,330,3219,30829,7,330,3370,35495,34,330,4245,25829,32,420,3335,28830,31,330,3545,37662,50,330,3387,34329,41,330,3628,25830,60,330,5596,24163,5,330,3141,30996,61,330,7293,28996,28,330,3662,28329,17,330,2727,37995,8,330,2980,35162,10,330,4000,44994,4,4.333333333
9e22a3eb,4,2,2,22,1,15,2,17,60,3729,10332,1,1,41,120,2861,12665,1,1,23,-120,3087,12999,0,0,60,60,3360,10165,1,1,12,-240,2768,18164,0,1,25,-240,2668,15831,0,0,24,-60,6887,13332,0,2,50,30,3160,9666,1,1,20,60,3199,8832,0,1,27,-210,3027,16332,0,1,11,-60,4459,16665,1,0,4,60,6001,15498,0,1,64,-150,3500,12831,0,0,10,90,3577,33995,0,1,1,-300,17527,57159,0,0,8,120,4395,20331,1,1,37,-270,196,13332,0,0,54,-360,3195,25664,1,1,22,-360,3041,25330,1,0,5,-150,4221,20664,1,1,47,-240,1229,14665,1,1,28,60,5191,32662,1,0,6,-90,4495,10832,0,1,26,-60,4133,9165,0,1,49,30,3200,8998,1,0,15,-240,3039,18664,1,0,18,-240,3700,20997,1,1,2,-90,6554,30663,1,1,14,-240,3199,22330,1,1,63,60,4268,15665,0,0,13,60,3994,10665,1,1,34,120,3032,13832,0,2,62,-150,3039,12165,32,-150,2526,13331,21,120,2862,18497,45,-150,2901,14832,43,-150,5075,15998,29,270,3746,22497,48,90,1049,11499,55,-120,3197,13332,51,150,3424,18497,30,-150,2673,12832,39,120,3027,12665,36,-90,7060,15998,44,150,615,14499,9,-90,4381,17165,35,-150,1375,11498,16,90,5599,17331,46,-150,3447,14498,56,-150,4308,14998,59,-120,272,8333,52,90,3135,8665,38,-120,3546,18664,3,120,6445,21330,57,120,3205,13665,19,60,3474,11165,61,270,2517,21497,58,120,2190,27996,33,-180,990,13498,42,150,2969,17831,31,150,2851,12832,40,90,2907,10998,53,60,8276,13498,7,90,3356,9999,3.875,4.166666667
335d186b,4,2,1,27,5,20,1,35,0,1131,12498,1,1,60,90,4978,13665,1,1,20,-30,4244,14332,0,0,48,0,2695,9832,1,1,46,0,3032,3166,0,1,3,-30,6495,14665,0,0,9,0,17123,29496,0,2,13,90,6748,26330,1,1,2,-90,7527,32329,0,1,63,-60,4768,13165,0,1,10,0,32764,59992,1,0,58,0,3776,11999,0,1,31,0,6056,10999,0,0,18,-60,4987,13332,0,1,64,-30,3804,9332,0,0,21,0,4386,18164,1,1,11,-30,4060,19831,0,0,59,30,4455,18164,1,1,55,0,2960,13332,1,0,27,0,2968,22997,1,1,12,30,4245,18998,1,1,61,30,12666,19331,1,0,23,-30,17582,41161,0,1,41,-90,2710,8165,0,1,40,60,4253,15832,1,0,34,-30,6099,14165,1,0,45,-90,4522,18497,1,1,37,-30,8190,11665,1,1,25,0,7141,14665,1,1,16,0,2803,16664,0,0,30,90,5903,16831,1,1,28,30,4418,41495,0,2,7,60,4277,12165,44,60,2997,12665,4,0,6444,6499,50,-30,2433,6166,29,0,4774,17831,8,30,18807,21663,47,0,5887,5999,32,-120,3492,11832,53,0,7610,7666,38,30,5402,16832,54,30,4111,7332,6,60,4985,16331,22,60,13559,19997,43,-30,1598,9832,52,120,5524,10665,24,0,13023,13165,15,-30,4232,27164,49,30,3310,15331,26,0,3430,3499,33,-60,3464,9332,57,60,4652,7832,17,0,9905,25330,1,60,53296,82656,56,60,8179,15164,36,60,6494,12665,62,90,4321,9999,51,0,17241,17331,42,90,3566,15332,14,60,4344,15998,19,-30,4635,15998,39,60,3435,8666,5,30,3365,14498,3,3.166666667
8ef6e8f9,4,2,2,27,2,,2,2,240,8889,38328,1,1,12,360,10158,49827,1,1,15,270,11497,34996,0,0,7,150,8443,21331,1,1,1,180,12960,61159,0,1,25,30,17263,25164,0,0,32,60,13824,20997,0,2,47,120,11883,27497,1,1,42,210,9134,43495,0,1,54,-150,7976,18998,0,1,64,-60,44157,65325,1,0,29,150,5130,19330,0,1,48,30,10053,28348,0,0,17,210,7366,23830,0,1,21,-120,8500,21997,0,0,18,240,7797,27996,1,1,9,-60,7758,33496,0,0,31,-90,12080,24831,1,1,16,-90,12622,27663,1,0,22,-180,11217,31329,1,1,30,120,15033,26163,1,1,35,120,5513,13165,1,0,44,-90,6894,28496,0,1,20,90,12182,25163,0,1,13,300,4538,28996,1,0,28,-120,9355,20997,1,0,4,-120,10948,27663,1,1,11,180,6057,26663,1,1,62,-120,8283,26996,1,1,19,270,6330,31496,0,0,5,150,7860,25496,1,1,37,120,8047,17498,0,2,57,270,7815,23830,33,300,9874,28830,14,330,9803,35829,60,270,5813,20497,56,270,5299,15665,59,300,6223,18498,34,240,6911,21830,41,300,27691,51160,49,330,9660,24496,40,300,9723,25664,55,240,7989,19831,46,300,7851,26664,43,270,7195,19998,58,270,7149,20664,24,300,6549,26330,36,330,8088,22664,3,360,10312,43495,23,330,4958,27330,6,270,9635,32496,53,360,6216,24497,50,270,8488,26330,8,330,9863,31996,27,300,8530,28663,63,330,9598,30996,10,270,8420,25330,52,210,8283,18331,39,300,7445,36329,51,300,8005,23497,38,300,7184,23164,61,240,8727,29497,26,330,9060,65158,45,270,8696,20537,3.75,4.166666667
d5c6801f,3,2,2,29,2,,2,36,330,6141,22497,1,1,56,270,3694,22664,1,1,46,330,2996,19347,0,0,55,300,4760,17831,1,1,47,270,7492,19998,0,1,29,300,3654,15998,0,0,28,330,5474,21997,0,2,53,270,2810,15331,1,1,38,270,3371,17331,0,1,20,300,3065,16831,0,1,24,390,3743,21831,1,0,32,270,3400,17665,0,1,23,300,3315,16498,0,0,5,270,3335,19831,0,1,30,210,3457,14832,0,0,44,210,3291,14665,1,1,43,180,2546,10499,0,0,15,360,4560,22330,1,1,7,330,2642,21830,1,0,49,270,5748,17331,1,1,45,270,3197,14165,1,1,31,360,3361,18498,1,0,18,240,3584,16665,0,1,34,300,13080,26163,0,1,17,360,2458,16998,1,0,37,360,3211,19997,1,0,42,210,5514,18331,1,1,14,360,4692,24664,1,1,59,270,3013,21997,1,1,57,300,3197,16743,0,0,11,240,5844,19165,1,1,6,270,3080,21652,0,2,1,330,6833,23164,35,330,3381,20997,2,300,3984,19498,16,330,3795,23330,22,240,4224,15164,19,270,4007,15332,48,330,5401,20879,8,270,2893,15998,54,330,7150,21664,64,240,7202,27432,40,120,5834,18664,9,180,4146,13665,27,360,8569,27163,39,300,4873,20164,13,210,5012,14998,21,210,6526,17165,3,270,4299,19664,62,240,5013,16034,58,150,6539,14998,10,240,3815,20497,33,300,6952,21331,25,360,6192,22831,60,240,4098,18953,12,180,8697,18997,52,120,2832,10831,51,210,6296,19498,61,210,2735,11537,41,90,6151,15831,26,330,5831,22664,50,300,5715,20330,63,240,3142,14999,4,300,4080,19831,3.125,3.5
bb17d16e,1,1,1,20,2,12,2,43,-60,5450,15665,1,1,15,-60,40016,45994,1,1,29,-120,6459,14332,0,0,3,60,5762,14831,1,1,18,60,57209,61659,0,1,17,-30,95124,109486,0,0,50,120,39516,124151,0,2,35,-60,10380,15332,1,1,4,0,22458,64159,0,1,30,60,5195,11498,0,1,37,-90,4410,9165,1,0,6,-90,8715,18164,0,1,34,-120,19145,29162,0,0,49,0,16757,19331,0,1,20,-30,7020,17665,0,0,7,30,6118,11998,1,1,5,-90,4356,14665,0,0,24,30,19791,30663,1,1,23,0,81016,91654,1,0,36,120,3826,8499,1,1,58,60,4131,10999,1,1,51,30,84916,99987,1,0,45,-90,18648,23997,0,1,26,-90,23537,52660,0,1,12,-90,5988,18665,1,0,14,90,9483,16497,1,0,28,90,5937,11499,1,1,31,-60,4763,9332,1,1,48,90,61555,65825,1,1,21,60,88625,98654,0,0,62,90,4014,11165,1,1,47,-120,32323,42994,0,2,40,120,4397,11665,60,90,3442,11332,33,60,37269,49494,44,60,5906,10832,16,0,33423,85156,39,-120,2918,11332,22,30,45222,48827,59,-90,3583,14165,13,-90,9821,19331,56,60,5624,17331,38,120,5279,13332,54,-180,28915,82823,64,90,6432,9999,52,0,32223,32329,9,0,45443,71324,11,30,4985,17831,55,210,3956,52493,57,90,10327,26163,19,0,86434,139815,53,90,28878,44327,25,60,5442,15664,1,120,32222,52993,27,-60,32448,40995,32,60,41981,48993,63,-120,4629,14665,8,30,7771,13332,10,0,63870,110819,42,120,3962,7999,2,0,7664,16998,41,-90,6177,10665,61,-90,3395,11999,46,90,21815,26330,2.875,3.166666667
ed3aef85,2,1,2,20,1,14,2,17,0,13700,31662,1,1,34,150,3304,17831,1,1,31,360,3489,32496,0,0,8,-240,5519,21330,1,1,42,-90,3556,19664,0,1,47,-150,3794,13665,0,0,52,60,7755,17165,0,2,28,60,19159,31663,1,1,43,330,3096,35496,0,1,4,-330,7489,39995,0,1,15,-150,6444,26830,1,0,32,240,4306,24996,0,1,53,90,16921,32996,0,0,1,360,44032,176811,0,1,45,-420,4754,36829,0,0,37,90,6504,18998,1,1,29,-180,9823,32496,0,0,50,-210,5280,16165,1,1,33,-270,11233,29496,1,0,64,-120,18910,34662,1,1,58,-30,9195,26663,1,1,19,0,13994,18497,1,0,61,-150,7747,25663,0,1,23,60,23406,34829,0,1,2,-60,28321,45994,1,0,46,-390,4310,31663,1,0,16,-420,7978,40662,1,1,36,-180,4470,20831,1,1,12,-420,5427,33329,1,1,62,180,2967,19997,0,0,14,60,9215,16498,1,1,44,180,4165,21997,0,2,51,60,5253,12665,60,90,3224,14165,5,210,3843,20831,59,-60,5918,36162,49,0,2982,3166,30,210,7021,26996,27,150,3166,19831,57,-150,2589,12998,21,150,3392,16497,38,-90,4956,11332,9,300,4160,33829,3,0,35684,59159,6,420,3102,30330,13,-120,8024,18664,35,150,4294,16998,40,150,3970,20331,7,-240,3314,15165,22,-90,4667,12332,41,120,4090,16998,20,120,4161,14832,63,60,11321,17665,24,420,4982,39328,56,150,2014,11498,10,120,3878,20664,11,90,3805,12665,55,420,2078,30996,54,-60,5096,15498,48,-120,4607,12832,25,90,3918,12165,18,-90,3902,8833,26,90,5197,11999,39,-90,3958,8332,2.625,2.666666667
0138fcce,4,2,2,26,2,16,2,5,210,5743,24997,1,1,50,270,5861,16331,1,1,32,420,3187,25996,0,0,14,240,4917,17831,1,1,26,210,6847,20164,0,1,21,420,4831,27163,0,0,36,420,3027,24497,0,2,37,210,3716,15332,1,1,3,210,5924,20831,0,1,39,210,5426,18498,0,1,8,0,6067,30163,1,0,18,420,3306,26663,0,1,51,420,4856,28164,0,0,59,420,3198,23330,0,1,2,90,9076,30496,0,0,11,420,5522,24163,1,1,52,240,4538,14832,0,0,16,420,3723,21664,1,1,9,420,3924,26663,1,0,31,210,4203,14998,1,1,29,420,2828,23830,1,1,35,210,5217,17998,1,0,58,420,3041,27997,0,1,13,420,3927,25664,0,1,17,240,4223,18164,1,0,38,420,3029,22330,1,0,53,270,3067,16498,1,1,49,420,2778,25330,1,1,22,210,6255,18664,1,1,28,420,3710,26997,0,0,10,420,5315,24664,1,1,55,240,4688,16164,0,2,45,0,3729,10665,7,120,5956,24663,34,0,4416,20830,54,-240,3547,15498,40,0,6986,13832,42,90,5677,11665,60,0,4795,22497,15,0,4414,18331,6,0,7832,23663,47,0,40020,67324,1,-210,28397,70824,19,0,4623,15664,64,60,25966,40328,56,-210,3729,17332,4,0,6234,27830,57,-210,3208,17331,30,-180,4258,15165,12,-240,3483,18831,41,0,4884,23497,62,0,4992,47328,46,-210,4165,18664,48,90,13135,22164,63,0,5551,11665,25,90,5540,10832,44,120,5335,13332,27,90,5358,10998,43,0,8868,19831,24,90,6851,12665,20,0,9900,10833,33,-210,4217,23997,23,0,8415,33996,61,0,14590,82489,3.75,4.166666667
9a65319a,4,2,1,28,4,17,2,48,30,3452,9499,1,1,16,120,3313,19831,1,1,23,120,2304,13332,0,0,49,90,2240,9165,1,1,3,210,9659,32329,0,1,52,90,5018,14165,0,0,14,210,4194,16331,0,2,62,-60,2443,10665,1,1,45,90,5738,9998,0,1,46,-180,4277,15165,0,1,13,90,4530,12665,1,0,34,120,2328,28497,0,1,47,0,4126,15831,0,0,50,150,2272,7833,0,1,2,30,7981,58659,0,0,44,30,5971,10332,1,1,61,-150,2359,8665,0,0,54,-60,2882,14832,1,1,7,210,3047,14998,1,0,39,-60,33624,38495,1,1,36,150,3830,16497,1,1,5,150,13040,27330,1,0,21,150,9208,20164,0,1,29,60,3362,27163,0,1,56,30,2441,5833,1,0,59,-30,2562,7333,1,0,9,-120,19734,50160,1,1,6,120,4984,18497,1,1,4,60,11243,26997,1,1,31,120,2790,15998,0,0,57,180,2358,14498,1,1,35,180,2918,12165,0,2,10,120,5904,16331,17,210,2190,17330,26,60,2475,6333,41,90,2788,5833,42,90,19467,24330,60,90,3620,7999,20,90,3007,8832,30,-30,10339,14998,25,150,2690,8166,24,-60,2820,7666,19,60,3162,29996,51,210,2804,11165,1,210,15291,40495,12,240,3554,16998,43,300,280,18664,53,60,13424,27996,15,30,3721,8665,63,-30,2812,6665,27,150,2872,10332,33,180,2834,12165,22,60,2646,15498,11,270,4328,16998,55,240,2618,12999,64,120,1308,6166,32,120,2563,11332,28,-90,2391,7166,18,150,2066,12498,8,150,13503,30329,38,-90,3610,7666,40,60,5144,8333,37,240,2963,13664,58,60,2037,5832,4.25,4.666666667
10ddc9c7,2,1,2,26,2,17,2,54,-90,4658,9499,1,1,46,90,4223,11665,1,1,5,420,4011,31163,0,0,10,-120,3462,18331,1,1,28,-90,3542,26664,0,1,29,180,2922,31329,0,0,47,90,5235,17831,0,2,41,0,4723,6499,1,1,30,0,14750,37829,0,1,18,-180,4134,15331,0,1,1,420,14333,46994,1,0,11,-120,3751,11498,0,1,60,-90,4499,8666,0,0,17,270,3207,18831,0,1,50,360,3798,24997,0,0,20,300,4088,18497,1,1,40,150,3524,12665,0,0,57,210,4048,13665,1,1,43,420,3702,26830,1,0,36,-60,5168,10665,1,1,24,420,3235,60492,1,1,35,-30,4800,8499,1,0,34,330,3800,22997,0,1,45,420,3235,23830,0,1,49,-90,4080,10499,1,0,25,420,3124,27997,1,0,63,-150,5850,15831,1,1,7,210,5338,20998,1,1,26,240,4108,15498,1,1,21,270,5034,20997,0,0,23,330,3313,17165,1,1,56,150,3172,12499,0,2,61,-60,4256,8832,53,0,7666,10165,52,0,7699,17665,62,0,5023,10999,59,0,8583,16331,64,120,5047,10832,6,0,9630,113818,32,-420,4081,23664,37,30,7957,11999,38,0,8599,17997,51,-120,7538,13832,31,-90,3706,7999,12,240,4068,21164,42,60,7501,27164,16,120,3945,11165,27,0,5117,5666,13,-300,3659,16998,2,0,6807,30662,3,0,7729,65825,44,0,4440,6833,22,0,7091,7499,19,-390,5178,40495,48,0,4227,8499,33,-60,5145,8832,58,-60,4593,9332,8,240,4662,20664,4,-120,5875,27497,9,30,9179,16498,14,120,5567,11998,15,0,7217,7499,39,-120,3743,11166,55,0,7313,16831,3.75,4
3586c5f5,4,2,1,29,2,13,2,4,0,8099,8166,1,1,17,180,4839,14165,1,1,53,120,2373,9332,0,0,30,0,5472,17164,1,1,31,90,16818,41328,0,1,41,-60,5420,11666,0,0,59,0,14725,33329,0,2,46,150,2529,8666,1,1,63,0,8974,29330,0,1,23,-90,12775,20331,0,1,22,150,4636,13498,1,0,8,0,5083,43162,0,1,16,0,7304,28163,0,0,21,-30,6043,24997,0,1,24,-150,3683,11665,0,0,57,0,4862,17164,1,1,7,210,17951,32996,0,0,47,120,3278,8832,1,1,45,120,5122,10166,1,0,61,0,6754,27996,1,1,40,0,8233,23497,1,1,11,210,3876,16332,1,0,39,-60,12401,17665,0,1,20,30,735,5499,0,1,28,120,6877,15332,1,0,33,0,6600,21497,1,0,36,-90,6521,14831,1,1,48,-60,7964,13498,1,1,12,180,4425,17498,1,1,64,180,3228,10666,0,0,50,120,3787,10165,1,1,52,120,2525,10665,0,2,37,0,7473,7499,25,150,2416,9332,44,90,14759,21831,26,120,2778,9999,38,0,3222,13999,5,180,3534,23664,29,0,4066,18331,51,120,2816,9832,6,210,9201,24330,55,-150,884,11332,9,210,6609,22497,13,180,3745,14665,62,90,3672,11665,35,-60,2519,8333,19,180,3207,13832,15,120,3386,10166,49,120,2967,8833,10,210,9799,21497,56,120,3796,8832,2,180,21137,47994,27,0,3461,15164,32,180,4675,13165,1,0,39827,76157,34,180,2370,11498,42,120,2632,8332,54,-150,2335,8832,18,210,3954,13332,14,0,6692,7166,3,0,8361,58659,58,0,13240,28163,60,0,5500,24830,43,0,10404,29163,3,3.333333333
5c782dbc,1,1,2,24,2,12,2,19,-120,5339,36162,1,1,17,0,7690,8832,1,1,58,-90,4063,21664,0,0,22,-180,4993,22164,1,1,31,-60,5319,21497,0,1,32,-60,31953,40495,0,0,30,30,4386,18164,0,2,51,-60,4744,14331,1,1,28,-120,4717,18498,0,1,24,-90,14557,27496,0,1,48,-30,5089,31830,1,0,15,-120,9087,27830,0,1,27,30,12864,19997,0,0,18,-60,6590,29163,0,1,21,-60,8478,32496,0,0,35,-60,6998,16165,1,1,25,-60,5799,26497,0,0,23,-60,5826,12998,1,1,53,-150,4311,29663,1,0,38,-90,4215,20498,1,1,43,-120,3533,13832,1,1,3,0,14321,49161,1,0,63,-60,6251,15332,0,1,1,-90,22797,68824,0,1,46,-90,4595,14165,1,0,62,-120,5094,23330,1,0,10,-120,5256,36662,1,1,54,-150,5258,27163,1,1,40,30,11844,19498,1,1,34,30,40244,54493,0,0,42,0,6617,17498,1,1,57,-120,6988,25164,0,2,6,30,16343,35329,44,270,4442,30662,50,90,102365,118151,45,0,3907,33996,55,0,2809,48993,5,60,7524,26663,49,120,57700,84655,29,-30,8550,15331,41,60,10445,34829,12,0,24377,101654,16,60,98936,111986,20,60,15867,51327,36,120,4607,19830,60,90,4828,20664,2,60,3450,24997,59,60,4622,17164,39,90,22555,52994,26,60,19691,38329,4,30,7819,16332,37,30,12531,24330,47,180,5414,29496,56,150,3678,17498,7,60,5350,41661,9,90,6357,19164,13,150,5659,34496,33,90,9778,40161,61,120,6637,36162,14,90,7807,21830,52,90,3244,11998,64,60,3158,14498,11,60,9523,40495,8,60,5361,44328,3.25,3.5
f28c5956,4,2,2,26,5,15,2,57,270,2190,17164,1,1,25,420,2687,25330,1,1,49,420,2158,28664,0,0,44,-210,3206,13331,1,1,8,270,11216,44828,0,1,34,420,3105,28663,0,0,50,420,3138,33496,0,2,29,0,10699,16332,1,1,62,180,14152,25997,0,1,19,120,6968,32996,0,1,22,420,2854,28496,1,0,59,330,2398,22331,0,1,1,270,12882,66325,0,0,33,420,3282,26164,0,1,48,390,3220,31330,0,0,54,-210,6845,16498,1,1,47,-300,5358,16664,0,0,21,420,3746,22164,1,1,60,-420,1721,18998,1,0,32,-420,2915,22830,1,1,3,300,33262,80990,1,1,38,-300,2693,14831,1,0,37,150,4168,12998,0,1,61,-210,3236,12499,0,1,31,420,3038,24497,1,0,46,150,5188,15498,1,0,26,180,15257,24164,1,1,17,300,3968,19331,1,1,55,-420,1983,19664,1,1,40,420,2177,25830,0,0,43,420,2545,22997,1,1,53,420,3800,33330,0,2,12,-240,3046,30330,20,-270,9693,22997,14,-120,11338,21663,39,-420,3823,20331,7,-360,36667,108486,28,420,2638,28996,52,240,3413,20831,23,-270,3400,18331,30,-420,2933,21164,42,-270,3544,14331,58,-240,3023,11998,41,-270,3719,26997,9,60,9921,102820,6,-420,5620,23664,18,330,4512,20497,4,180,8969,31162,15,-420,2511,21164,51,-330,3267,18165,2,-120,9284,19331,64,-390,3061,17331,16,-330,2702,15831,27,210,12801,24164,45,0,11042,17164,56,-330,3390,18331,10,-390,13426,37995,36,330,11207,25997,5,-240,4417,18831,63,240,2535,12498,11,420,3027,25830,13,-360,9243,28996,35,210,3366,20830,24,-420,3393,20330,3,3.166666667
baa45017,4,2,2,31,1,14,2,62,180,4248,15332,1,1,3,150,24330,38329,1,1,2,120,13293,24830,0,0,50,0,6904,31829,1,1,18,240,3610,25164,0,1,1,180,25025,65991,0,0,30,360,3756,19831,0,2,53,240,370,15831,1,1,40,240,4518,31996,0,1,38,150,9475,21164,0,1,20,390,3725,27997,1,0,60,0,4326,16664,0,1,7,240,3501,17998,0,0,32,210,2921,13998,0,1,31,-90,3977,10666,0,0,46,90,3528,11666,1,1,42,90,5189,9999,0,0,63,-30,9095,22664,1,1,43,90,7516,12165,1,0,4,150,10122,22664,1,1,36,0,8427,32663,1,1,11,390,3115,21663,1,0,5,330,2982,21164,0,1,12,360,3858,23830,0,1,35,270,5927,18497,1,0,41,270,4099,19331,1,0,23,-90,3831,9333,1,1,6,0,6888,45828,1,1,15,360,4239,35829,1,1,25,420,2852,24331,0,0,19,360,3466,27163,1,1,64,90,3907,9499,0,2,10,360,4163,26330,55,240,2583,15498,13,300,3168,20164,61,150,3979,12831,47,180,3324,20330,16,420,4055,27497,56,120,2139,8333,48,270,6902,24830,24,330,7762,25331,22,330,4107,21664,54,90,11126,17498,58,90,9236,31496,14,390,5406,26830,33,180,6581,14998,28,390,2530,22164,8,360,3101,24664,39,210,3398,17164,37,390,2803,24164,57,90,5053,8666,17,300,3590,26830,49,240,4431,18164,45,180,3964,13331,27,270,4630,19998,26,360,3373,24996,9,360,3498,24664,34,420,1597,23497,51,90,10689,15498,59,180,5144,13498,29,360,2923,19997,52,150,3827,11332,21,300,3630,24330,44,120,17138,29330,4.75,4.833333333
c74acaa6,1,1,1,24,1,14,2,30,60,3382,17164,1,1,13,390,588,27497,1,1,61,0,7713,24330,0,0,56,30,4742,12499,1,1,4,0,5039,12331,0,1,21,0,4703,24997,0,0,57,-30,19363,25497,0,2,55,330,2250,31163,1,1,50,-30,5071,12331,0,1,49,-150,6055,24497,0,1,39,0,4414,31330,1,0,54,30,11693,17497,0,1,27,-90,4806,17164,0,0,59,0,8124,23664,0,1,60,-240,3695,18665,0,0,10,180,3346,19664,1,1,44,-90,4092,18998,0,0,12,0,8743,36328,1,1,35,0,5611,11499,1,0,28,0,6532,24830,1,1,2,180,4454,23164,1,1,47,0,7783,30329,1,0,52,30,17937,42828,0,1,34,0,11948,41328,0,1,32,60,8246,28497,1,0,22,60,7063,18997,1,0,1,120,33220,54327,1,1,29,240,2759,17831,1,1,24,240,3889,22830,1,1,38,0,15302,34162,0,0,15,270,4792,35662,1,1,19,0,6157,26497,0,2,26,420,3663,25330,23,120,3691,13499,63,0,4210,4499,16,120,4607,11999,20,120,3561,13165,41,360,4601,46828,43,0,5381,24330,9,420,2819,24330,14,240,4792,16331,18,120,4255,11665,5,270,3828,21164,25,270,3014,18831,51,210,7574,21664,8,240,2987,18498,31,390,3535,28496,62,120,3857,16331,33,240,4845,17831,11,180,4348,18331,45,150,4589,20164,7,240,3666,23164,42,90,4505,18831,53,390,3990,32829,3,90,4034,9998,40,240,3202,17498,37,300,3357,18665,46,180,3434,14664,36,300,2953,16998,6,330,2656,19498,48,150,2938,12832,58,240,8371,22163,64,60,3891,16164,17,120,4861,12665,3.625,3.833333333
d7e29b19,4,2,2,22,4,12,2,10,-90,4054,9499,1,1,38,30,4621,15665,1,1,2,-120,12203,23497,0,0,45,-60,2866,7499,1,1,39,-150,3501,10999,0,1,57,-150,2725,12998,0,0,42,-150,2914,11165,0,2,44,-180,3550,12332,1,1,53,-300,2833,15831,0,1,59,-420,2808,21664,0,1,4,30,7097,32329,1,0,3,-60,7861,15164,0,1,29,-120,3517,14165,0,0,22,-240,3192,15165,0,1,37,-240,2745,14831,0,0,56,-210,2566,16164,1,1,36,-90,2987,7499,0,0,24,-360,4028,19164,1,1,16,-270,3256,16332,1,0,58,-420,3322,22831,1,1,27,-60,3395,10498,1,1,34,-150,5237,12332,1,0,35,-90,4702,10499,0,1,60,-300,3500,16664,0,1,6,-180,4606,13665,1,0,63,-60,2870,9165,1,0,52,-240,2876,14665,1,1,17,-300,4184,17997,1,1,1,-60,8797,20331,1,1,61,60,3766,13165,0,0,48,-180,2311,10665,1,1,62,-210,2695,13498,0,2,55,180,4594,16165,46,210,2387,14831,9,210,3118,17832,54,60,4451,10332,51,120,2871,10498,43,420,2756,28996,28,270,2628,20497,8,210,3808,15665,31,120,3220,14332,21,240,3473,16831,23,300,3409,21998,13,330,3372,21331,7,150,3249,14332,12,180,5948,20330,19,420,2758,28829,41,180,2458,17331,64,120,2819,13832,33,120,3425,11166,18,360,1698,24330,32,150,2982,11165,15,300,4456,21331,47,420,2828,30663,50,90,4402,9332,5,420,3942,27996,20,210,3490,13999,49,210,3116,14831,25,270,2748,17997,40,180,3085,13665,26,60,2975,7666,30,60,5515,11665,14,360,3609,23997,11,150,5742,15498,2.875,2.666666667
31e4522c,4,2,1,25,1,14,2,8,90,8139,33992,1,1,47,30,6342,15996,1,1,16,120,3369,20595,0,0,41,0,13773,32592,1,1,9,0,7514,15796,0,1,46,0,21008,27793,0,0,22,0,17720,47788,0,2,63,0,10014,21594,1,1,45,0,9123,31392,0,1,60,0,15990,23994,0,1,44,0,13858,31992,1,0,15,0,6157,18795,0,1,51,0,4378,13396,0,0,49,0,7725,14596,0,1,12,90,31228,58985,0,0,10,120,4656,16796,1,1,39,0,13044,37591,0,0,11,60,4397,19395,1,1,40,0,10900,20995,1,0,30,150,16249,44989,1,1,57,30,7785,24393,1,1,43,30,22764,28393,1,0,36,0,6452,15596,0,1,37,0,10890,17196,0,1,14,90,11006,27593,1,0,24,120,17406,27793,1,0,21,0,7838,20995,1,1,42,0,14278,38790,1,1,32,90,5735,22794,1,1,54,30,3956,18395,0,0,13,120,6840,23594,1,1,26,60,12017,27593,0,2,25,120,21061,33392,35,90,6230,19395,2,360,9959,51387,50,120,3608,16995,17,240,2951,34791,28,120,7225,15197,19,120,4994,18996,1,420,18965,71382,53,120,2985,18795,48,120,3275,13997,20,120,6237,16396,4,420,5309,25394,64,120,3177,15396,52,120,3140,26593,31,150,14579,37191,18,240,9838,31192,33,90,5718,19795,6,180,846,15397,29,180,7877,24194,38,60,8633,17196,27,90,8562,19395,5,420,4552,23394,58,210,13989,34791,3,330,8821,37990,62,90,4433,12196,7,90,3928,14596,56,120,5784,19795,61,90,3673,10197,34,150,15412,43189,55,180,10919,25394,59,120,10776,23394,23,120,25630,38790,3.875,4.333333333
4acdfe3c,3,2,1,22,1,15,2,16,30,4517,20164,1,1,7,60,3955,16997,1,1,57,30,4539,8832,0,0,58,-30,4710,11831,1,1,11,-30,5167,11999,0,1,32,-30,10755,24164,0,0,53,-30,8476,16665,0,2,14,60,4307,14165,1,1,3,30,18552,39162,0,1,34,-60,7222,23664,0,1,48,-30,5189,14498,1,0,63,30,15207,32329,0,1,56,-30,5345,11832,0,0,4,-30,6787,14498,0,1,1,-60,18904,55160,0,0,64,-30,2998,11665,1,1,20,-60,6811,17165,0,0,2,-60,10149,27330,1,1,6,30,5630,14498,1,0,45,-30,11049,17498,1,1,28,-30,6641,19497,1,1,12,30,10537,20330,1,0,31,-30,8316,15665,0,1,60,-30,11436,16664,0,1,52,-30,17331,22164,1,0,15,-30,3678,11499,1,0,33,-90,5632,24164,1,1,9,-30,4644,10832,1,1,40,-30,10167,19497,1,1,47,0,7751,13332,0,0,55,30,16390,28330,1,1,8,30,12356,18498,0,2,19,30,22264,26497,18,60,4924,15331,26,30,5062,11998,36,60,4863,13665,35,90,3039,14165,22,30,7000,15998,61,30,5484,10499,13,90,5108,16165,17,30,11167,17832,27,-30,9500,22497,5,60,5654,22497,49,30,7462,11831,30,0,5264,37495,37,0,8071,28829,25,60,4100,11499,38,30,14066,19498,42,30,5911,10498,23,60,4445,10832,44,90,6827,16331,21,60,6358,31829,54,0,5404,13831,50,60,6520,16332,59,30,4426,9499,51,30,15434,25163,39,30,10296,15498,43,90,7543,16498,46,30,4519,13665,29,30,5215,14165,10,90,6000,15831,24,90,3727,15831,62,30,9285,15665,41,0,14155,18165,3.5,3.833333333
0b4298b6,4,2,2,22,1,12,2,23,-30,3952,12498,1,1,9,-210,4363,21330,1,1,18,-150,4206,14831,0,0,56,30,4923,30829,1,1,37,-210,3729,18998,0,1,55,0,10530,24163,0,0,46,180,3668,17831,0,2,54,180,6333,21997,1,1,43,0,4507,31996,0,1,6,-420,4990,35828,0,1,13,-150,3359,15999,1,0,50,180,3490,23163,0,1,41,150,4015,15665,0,0,1,-270,24615,79323,0,1,32,-300,588,22663,0,0,12,0,5213,52660,1,1,57,-30,1917,20831,0,0,51,-60,11610,18164,1,1,10,-180,4464,23163,1,0,39,-150,3849,17164,1,1,53,0,10639,24830,1,1,33,150,4089,32709,1,0,4,-60,18936,31323,0,1,20,-120,3756,20831,0,1,34,120,4449,17664,1,0,16,-240,2393,19497,1,0,2,-210,9665,29329,1,1,52,-150,5803,16164,1,1,44,-240,4530,21998,1,1,35,150,3611,19163,0,0,27,-180,3658,13665,1,1,47,150,3544,14332,0,2,26,180,7774,22664,60,150,4522,19498,59,180,954,20164,61,150,3287,14998,31,150,3287,23330,48,210,266,23663,42,150,2805,16165,63,180,4324,19331,7,300,3613,31996,28,150,4043,18997,19,180,2572,17497,21,180,2984,18498,40,210,2875,23997,30,180,4338,19331,29,210,692,28496,5,420,8247,48994,22,120,2984,14998,8,420,3504,56159,38,210,3385,17831,45,210,4411,19164,49,180,3957,19498,11,300,3326,27996,24,180,6878,24997,14,210,4549,25330,36,240,3159,22497,3,420,4667,44661,62,180,1623,17498,64,180,4577,21497,58,180,2580,19831,15,240,3737,18664,25,270,4239,33996,17,150,2333,18664,3.375,3.666666667
35af71db,4,2,2,26,1,16,2,26,150,5410,35192,1,1,25,60,4399,17196,1,1,59,300,2938,23994,0,0,49,30,49140,72182,1,1,52,150,6961,30792,0,1,7,180,5141,31992,0,0,31,90,4278,18796,0,2,55,60,7723,16995,1,1,53,120,7425,25793,0,1,28,150,4145,27193,0,1,9,150,6013,54386,1,0,45,60,6326,19396,0,1,14,30,21802,84978,0,0,44,150,6432,25593,0,1,27,390,2755,52187,0,0,10,90,8334,50187,1,1,4,30,11390,65183,0,0,63,180,4940,17396,1,1,42,390,4002,35791,1,0,33,0,5765,14196,1,1,37,30,5899,13196,1,1,58,60,4527,16196,1,0,11,90,7754,27793,0,1,57,210,3904,23793,0,1,54,90,4870,27993,1,0,6,120,6132,46588,1,0,21,-90,7397,31193,1,1,30,-60,20141,33991,1,1,1,300,13839,104174,1,1,8,90,5836,43189,0,0,56,210,5007,20595,1,1,15,90,4818,32192,0,2,41,30,4710,14196,47,30,10254,17596,24,90,6207,19195,29,-120,5490,19796,38,60,4430,17195,35,90,6849,20595,18,120,10496,30592,64,-120,6303,19795,36,30,17942,38790,12,-60,21129,51188,50,60,3936,16196,34,0,21716,59585,43,60,10027,29392,22,90,4922,16796,46,330,3638,32392,61,-90,3716,16996,5,0,31634,45988,62,-60,9228,20995,19,0,21202,35791,51,-60,14319,22195,40,90,4767,20594,32,210,4550,32192,20,60,4928,84778,2,180,13393,56186,23,60,5383,16596,60,240,3803,21794,39,0,5532,26193,3,90,9044,35791,17,360,5078,80580,16,0,12434,64384,48,-60,9517,28793,13,0,27189,56186,3.125,3
b043ca2e,2,1,2,27,2,,2,51,0,11068,60825,1,1,24,0,9470,61493,1,1,34,180,5460,50660,0,0,20,0,46870,108320,1,1,39,0,36894,78823,0,1,53,-60,11589,43161,0,0,33,0,7031,50160,0,2,15,0,6916,43494,1,1,40,0,15173,73990,0,1,16,0,15982,69991,0,1,13,0,14663,53993,1,0,22,0,10028,61492,0,1,25,0,20445,68825,0,0,27,0,13741,51659,0,1,32,-210,6779,38328,0,0,23,0,10202,78323,1,1,14,-90,14224,37328,0,0,50,0,5690,33829,1,1,12,-120,12342,58326,1,0,59,-60,33558,42162,1,1,9,0,6954,55659,1,1,49,0,12097,45494,1,0,7,-210,9866,92988,0,1,41,-150,4303,28663,0,1,31,0,26448,86989,1,0,44,0,13025,65658,1,0,35,-150,21454,54160,1,1,60,0,9397,31330,1,1,46,-30,16910,45160,1,1,3,0,29284,64159,0,0,11,0,8977,48494,1,1,10,0,8500,61825,0,2,26,420,5054,26830,55,420,3750,34662,30,420,9661,46494,29,420,4446,31996,18,420,5140,39662,54,420,4055,33329,8,420,11053,36829,63,420,8775,53494,52,420,3720,36662,47,420,3171,32662,19,420,28756,52827,57,420,10179,47661,17,420,5115,30329,2,420,7929,54660,6,210,12066,75990,64,420,7180,56326,56,420,4892,37995,21,120,5111,43494,48,420,5565,35662,62,420,10597,49993,37,420,5291,36662,36,420,3452,29996,42,420,4476,36996,45,420,4399,30329,1,420,30608,84156,38,420,12033,38328,28,420,4076,47994,61,420,7905,37495,5,120,49586,127151,4,240,6220,34329,58,420,7612,41995,43,210,12690,46994,3.125,2.666666667
28513e8c,4,2,1,24,2,15,2,45,270,5392,26663,1,1,62,420,3430,23330,1,1,27,420,3622,27996,0,0,51,420,4968,24997,1,1,43,210,10984,28497,0,1,28,240,5699,23830,0,0,61,420,2823,21830,0,2,1,360,9489,63825,1,1,52,420,3519,23997,0,1,26,-300,8752,28163,0,1,39,120,18107,27997,1,0,57,210,4550,16998,0,1,7,-240,7812,22664,0,0,55,240,3520,15498,0,1,36,-180,6999,22830,0,0,50,420,8679,36329,1,1,35,210,11635,31663,0,0,40,210,4253,46327,1,1,8,-420,7242,30663,1,0,12,-270,6043,32329,1,1,24,300,7664,43328,1,1,6,420,6805,30996,1,0,20,270,12379,37662,0,1,11,210,12859,38829,0,1,53,420,3088,21664,1,0,18,240,30723,83323,1,0,59,-240,37192,51494,1,1,2,-180,8401,52994,1,1,13,-150,16435,54327,1,1,60,240,21359,31996,0,0,37,180,9443,24997,1,1,19,300,6891,33829,0,2,17,420,7735,31829,38,420,15897,40829,4,-180,9385,30663,14,420,3096,25997,46,270,5497,26997,16,420,6113,33663,56,420,3264,21997,34,420,2549,21497,54,420,3831,23331,30,300,9781,60659,42,420,1917,20997,9,420,4501,31496,5,420,3108,28830,44,420,6758,28829,21,420,7014,35995,64,420,6235,26996,22,420,6617,31830,3,420,4079,44828,23,420,8368,38994,58,210,5468,10166,33,420,6791,28996,32,420,15091,45994,31,420,6779,30163,25,420,7079,35828,29,420,5296,25664,10,420,5749,27497,41,420,3463,23497,63,420,9411,30163,47,420,4481,26997,48,420,7925,33162,49,420,15004,37829,15,-240,18277,38829,3.75,4
4f7310e6,4,2,1,26,2,16,2,64,0,2189,5999,1,1,13,30,7566,12999,1,1,26,0,7694,14831,0,0,52,0,4279,7999,1,1,1,-60,55930,120485,0,1,22,-90,3513,10332,0,0,45,-60,3034,8332,0,2,3,0,12814,15332,1,1,50,0,2753,6333,0,1,11,30,41603,49161,0,1,51,0,3655,6999,1,0,27,-30,4068,28163,0,1,41,-30,6297,13832,0,0,20,-30,2990,8332,0,1,32,-330,3720,22830,0,0,6,30,5605,11332,1,1,21,-120,3958,10832,0,0,37,0,2039,8666,1,1,47,-60,3498,8165,1,0,7,30,300377,310627,1,1,9,0,4176,8166,1,1,49,90,6767,15998,1,0,53,30,6237,12332,0,1,62,30,3588,7833,0,1,46,60,2356,7499,1,0,15,-60,5271,12332,1,0,33,-270,3511,16165,1,1,5,30,8292,17331,1,1,61,0,3343,6832,1,1,8,-30,18073,24996,0,0,12,0,12140,18332,1,1,42,0,5686,9165,0,2,31,30,6208,10165,39,0,5049,11831,38,30,2461,6999,14,30,11434,16332,18,30,3730,7832,54,30,3606,7166,17,30,4438,7999,2,60,20160,31163,16,60,3020,8499,44,-60,3106,7165,29,0,4535,8666,60,0,2917,6499,43,60,6431,10665,56,0,4426,9166,19,30,3251,8166,40,30,5672,9999,24,-60,3144,18664,35,0,4149,8665,34,90,7854,15332,59,30,3088,6665,36,0,3281,6999,57,0,1105,4499,4,0,6603,14165,55,60,3111,7166,58,0,2217,5833,23,0,3999,9666,48,30,2712,6999,63,0,2826,6665,30,60,2903,9165,28,0,7082,11832,25,60,4414,8999,10,30,9052,20331,3.25,3.5
74b18b08,1,1,2,27,1,14,2,54,0,7196,13165,1,1,21,60,6044,13832,1,1,55,60,51500,65491,0,0,56,-30,16305,21164,1,1,36,30,15127,30497,0,1,33,-90,3535,15498,0,0,51,60,4752,13998,0,2,43,0,4809,15998,1,1,18,90,4055,15832,0,1,41,-60,8424,27996,0,1,62,0,24987,50327,1,0,53,0,5426,10332,0,1,17,-60,7902,13665,0,0,52,30,15296,56660,0,1,11,90,3992,16998,0,0,50,-30,8778,55993,1,1,4,0,30063,52160,0,0,64,0,14297,36996,1,1,25,120,4782,18664,1,0,44,-60,5164,18498,1,1,13,60,11800,22330,1,1,29,-30,8327,13498,1,0,40,30,5130,12832,0,1,35,60,12141,20831,0,1,60,0,10479,41828,1,0,12,60,5151,16331,1,0,16,-180,5070,40995,1,1,15,-30,5360,10832,1,1,5,-30,3864,59659,1,1,34,30,25110,30662,0,0,49,30,13525,21497,1,1,24,90,7149,18331,0,2,61,0,4656,33829,57,-30,6001,34996,38,0,30313,49660,48,0,11644,28330,47,60,7540,27330,45,90,3417,13998,26,0,18652,42328,23,0,3692,37495,7,0,34908,51993,3,0,9473,28996,27,60,4328,15831,22,180,6596,26830,32,60,3932,14998,63,30,5084,14331,30,0,4442,4833,8,90,4329,32329,19,0,6051,26664,6,30,4559,10832,10,30,18254,30329,20,-30,5006,11998,14,60,8084,28996,58,90,4356,15998,31,30,18080,37662,2,30,46861,78490,42,0,13219,14998,59,90,4933,16164,37,30,116431,153813,28,-60,4318,14498,9,240,4304,47994,46,-30,10413,19498,1,0,30357,76990,39,-30,11269,19497,4.375,4.666666667
a6bfee0a,1,1,1,22,1,16,2,29,0,7554,12165,1,1,2,90,13999,28996,1,1,11,390,5240,36829,0,0,27,-30,5746,21997,1,1,56,-270,10256,29163,0,1,51,-60,3898,14998,0,0,41,120,4106,25330,0,2,43,-30,13860,22830,1,1,25,0,10238,17665,0,1,32,-30,7724,17165,0,1,58,-60,3858,11332,1,0,47,30,18221,34329,0,1,57,-60,5650,14831,0,0,39,90,5161,20164,0,1,12,-180,4706,22164,0,0,31,60,17206,30829,1,1,34,-240,3896,20830,0,0,40,60,9031,19831,1,1,17,-120,5400,28330,1,0,46,-60,7382,19498,1,1,33,240,6436,24663,1,1,21,30,12561,31829,1,0,59,90,3721,16498,0,1,13,-30,11461,20664,0,1,16,30,13756,23330,1,0,24,120,6065,19165,1,0,53,-420,3030,26997,1,1,3,60,19301,25164,1,1,62,-240,3643,25664,1,1,42,120,6304,16331,0,0,22,-30,10379,21169,1,1,5,90,7517,20664,0,2,28,0,12864,26996,50,90,3506,17165,4,0,5277,24830,54,0,13337,22330,10,270,4100,21497,45,300,3055,19997,7,0,34555,79324,18,0,15644,29330,30,60,11990,21497,19,-60,9862,20831,38,-30,11746,16332,36,30,9656,23997,61,90,4754,12498,64,0,9304,13998,8,90,17236,23498,44,360,3797,28163,14,90,14903,43661,55,-90,4271,12332,52,60,5038,11166,23,60,15242,40494,9,330,3464,25497,63,150,13676,22497,26,-90,4061,13332,20,60,6841,13832,15,210,4603,18497,35,0,13624,31662,1,180,28941,58826,60,210,4581,19164,37,120,3543,13165,6,270,5194,21330,49,150,4406,13331,48,300,3466,20664,4.625,4.666666667
f12264dc,3,2,1,21,5,13,1,28,120,1855,6832,1,1,39,180,3389,18998,1,1,19,90,3246,8166,0,0,46,90,6993,12499,1,1,11,-90,7146,11832,0,1,54,90,6334,14665,0,0,41,30,27842,35996,0,2,45,120,5484,16997,1,1,48,120,4388,15165,0,1,35,-60,9200,14499,0,1,25,-60,3817,7166,1,0,56,-210,882,21831,0,1,58,60,18268,24330,0,0,49,-90,10061,14832,0,1,15,-90,4933,10665,0,0,16,60,5329,10499,1,1,44,-90,4239,8833,0,0,24,-60,3179,6499,1,1,20,-90,2611,15165,1,0,59,-60,10970,23664,1,1,50,120,9943,24997,1,1,57,60,13205,22497,1,0,13,60,4746,8999,0,1,26,-180,3280,16998,0,1,43,-60,9357,18665,1,0,32,-30,9758,70325,1,0,14,-150,11057,18997,1,1,5,-90,16075,60992,1,1,23,60,3553,7166,1,1,10,60,12426,17998,0,0,8,120,14299,27663,1,1,1,120,19764,61159,0,2,18,150,6818,13498,29,-120,23331,40829,9,120,7024,15998,21,-90,24811,30163,2,210,5456,30663,38,-90,3472,7999,7,60,11630,16665,64,150,7188,16165,22,90,4462,8833,42,-120,13873,22997,34,0,12343,12499,36,120,7817,14832,4,180,6658,28830,47,-180,11126,20164,37,180,4309,11165,51,120,17880,30996,12,-90,4258,8500,62,-90,9830,13998,6,90,6247,12998,30,300,4059,22331,27,120,8466,14664,17,180,5271,18331,40,-150,7109,12166,52,180,8333,16665,55,-90,8937,12832,63,90,7842,14332,3,270,5522,25830,31,-210,4536,12665,33,0,5594,45327,60,-330,10009,42661,53,150,4152,16164,61,270,4916,25830,3.75,4.166666667
19c6518c,2,1,2,31,2,13,2,23,30,6646,17331,1,1,64,-90,4650,12832,1,1,11,-60,12524,67824,0,0,37,-180,4363,18164,1,1,17,-210,40863,61826,0,1,27,-240,411,21497,0,0,14,-180,3272,24164,0,2,15,-180,16995,52826,1,1,52,0,13365,37329,0,1,49,-210,4435,17332,0,1,61,-60,51824,65825,1,0,60,-210,686,26997,0,1,4,-180,8219,37495,0,0,40,60,8057,22497,0,1,8,-150,6325,23497,0,0,47,-90,6312,20497,1,1,19,-210,75,18664,0,0,39,-120,10757,23997,1,1,43,-90,9524,18331,1,0,56,-90,6220,13499,1,1,32,-30,20855,41995,1,1,35,60,7305,44994,1,0,31,-150,13464,29830,0,1,29,-150,14467,31996,0,1,48,-180,4445,19831,1,0,6,-240,10384,36329,1,0,20,-150,6718,17331,1,1,16,-90,15146,29829,1,1,18,-180,16465,29996,1,1,5,-180,6878,70324,0,0,51,-150,6996,19164,1,1,42,-90,4794,14331,0,2,53,0,61237,82323,44,60,17355,29329,1,-30,41686,91988,10,30,10962,38828,55,0,48038,49993,41,0,7281,30996,9,60,14201,24497,25,0,16449,36829,34,60,4626,18165,22,0,8874,36995,30,180,11138,45161,13,30,6455,18831,50,60,5478,11499,28,90,5749,14665,59,60,5944,12999,12,-30,10311,32996,45,-30,1282,7499,58,60,2819,9498,2,0,78752,96321,46,90,5721,31663,36,30,5075,10332,7,120,6807,26330,33,-30,14658,27163,24,0,13296,41828,3,180,6982,35495,57,30,7702,21830,54,30,11290,44661,63,30,3421,7999,21,60,10156,17331,38,0,13893,24996,26,150,11010,25663,62,60,3952,8332,2.875,3
f60bb80b,1,1,1,25,1,16,2,18,150,3643,14831,1,1,51,270,3091,16998,1,1,64,-60,4195,11332,0,0,21,-150,3822,15664,1,1,52,-60,8160,15831,0,1,30,-120,3386,11332,0,0,14,-60,14535,21998,0,2,32,150,5124,13331,1,1,29,-150,12544,21831,0,1,63,-150,5521,16498,0,1,41,-150,7535,21164,1,0,38,0,7134,11165,0,1,53,-90,4569,10165,0,0,47,0,14354,27163,0,1,34,-270,4903,19330,0,0,60,90,4286,10665,1,1,28,-150,4106,22330,0,0,59,-90,3865,8999,1,1,56,-150,3299,10499,1,0,8,-30,10027,17665,1,1,7,120,3610,10998,1,1,10,0,14499,46660,1,0,35,-120,4940,17665,0,1,20,-150,4897,15831,0,1,15,-120,6021,27997,1,0,6,0,5057,20164,1,0,5,-90,9151,17831,1,1,2,0,21863,46494,1,1,12,-60,4751,23830,1,1,13,0,7582,14831,0,0,45,180,2843,10665,1,1,16,-90,23856,29163,0,2,42,150,10989,17831,39,150,4230,20164,46,60,6043,32829,24,180,3377,14999,25,180,3800,13498,40,150,3943,11665,37,150,7885,18664,54,0,18144,33995,55,90,7660,15165,48,0,14935,38661,57,120,12764,22164,27,150,3491,13998,62,210,3443,12332,4,150,6131,25830,22,150,4902,28163,36,120,4723,12665,44,0,9179,24164,11,150,5880,18332,3,150,4963,28663,1,150,20813,49493,9,150,4942,21497,49,150,4329,14665,31,150,5063,17665,61,150,14538,28829,19,150,8023,16831,26,180,3722,13165,23,0,14410,20164,58,0,13251,26497,17,150,7226,26330,33,150,6604,14499,50,0,17435,17831,43,120,4729,12332,3.375,3
5cd36c98,1,1,2,22,1,16,2,18,30,10546,27163,1,1,19,210,2661,18164,1,1,15,270,2116,20330,0,0,29,30,3377,9832,1,1,36,-90,3182,8499,0,1,61,-150,2200,11832,0,0,62,60,2955,7665,0,2,47,60,3834,8166,1,1,16,-30,3919,9332,0,1,14,-330,4366,27330,0,1,53,30,4092,7166,1,0,12,90,2645,10666,0,1,34,90,8308,15332,0,0,54,0,3494,14998,0,1,48,-60,2556,7666,0,0,30,0,9213,17165,1,1,51,-60,3438,8332,0,0,39,270,2764,17831,1,1,2,180,12265,25830,1,0,23,0,7489,13832,1,1,60,240,2807,22998,1,1,37,120,3338,18331,1,0,8,0,7911,34829,0,1,41,-30,5135,9999,0,1,24,180,2381,14665,1,0,17,-30,12381,20831,1,0,11,-120,4645,15998,1,1,26,30,4292,8165,1,1,59,-120,2415,11166,1,1,64,270,6535,25664,0,0,5,30,4069,12832,1,1,38,240,3901,22497,0,2,43,240,1895,15332,55,420,1166,25830,28,90,4582,10832,40,-30,7744,10998,52,90,31237,35662,20,360,2037,26830,58,0,5485,21998,45,-90,2757,9666,44,0,3597,14331,22,-180,1157,11332,63,120,3967,10998,42,-120,3230,8832,27,90,5614,10332,56,180,97,10999,33,180,3638,18164,21,30,2768,6666,57,-90,2586,7332,1,120,35857,55992,4,240,3450,17498,9,180,4317,29330,13,30,4764,10999,25,90,4900,10998,10,60,3280,8332,6,240,2268,11998,50,420,2585,28830,3,390,2483,20998,31,120,8524,17331,32,240,2493,14831,7,420,2277,25164,35,-90,3834,13331,49,240,3735,19331,46,210,1993,13165,4.25,4.5
6ef73f19,1,1,1,19,5,14,2,64,300,2567,17331,1,1,3,330,2824,42327,1,1,4,0,8027,23664,0,0,62,90,5316,12332,1,1,15,0,15222,28663,0,1,37,150,3078,15831,0,0,24,150,5347,16831,0,2,35,0,16601,26330,1,1,8,180,3995,27163,0,1,13,390,9775,51826,0,1,14,180,6843,17664,1,0,16,150,8637,28163,0,1,36,210,7415,25830,0,0,28,300,5345,30496,0,1,47,0,17573,23664,0,0,60,0,22873,23164,1,1,46,-90,10869,27830,0,0,12,60,7615,27497,1,1,9,150,5146,28330,1,0,58,30,5608,13998,1,1,17,240,6280,24997,1,1,40,150,4654,32162,1,0,39,270,5151,24831,0,1,23,60,13093,22664,0,1,55,180,2504,11998,1,0,38,0,10857,20331,1,0,53,-270,4730,21831,1,1,32,90,11838,24830,1,1,41,-60,18769,31830,1,1,2,360,3831,46827,0,0,43,270,3887,23164,1,1,21,240,25674,48328,0,2,7,0,23047,58659,26,300,11366,32829,51,60,10734,22331,22,0,57214,67158,34,0,36075,42161,45,120,3830,12832,1,270,17064,77156,11,0,43264,54660,54,90,23383,30496,18,30,15311,23163,10,300,5030,28163,19,150,3645,18497,20,210,4111,19998,63,240,2888,17331,48,240,2681,15998,57,30,11960,19165,25,0,43789,54493,5,-120,29481,44995,42,270,30793,45993,29,330,2895,26163,44,120,10158,16331,59,180,7194,14665,50,420,2680,29163,52,120,2858,14498,61,90,2650,9499,30,-30,10773,18331,49,60,37410,41828,33,120,37938,50494,6,150,4147,19330,56,30,138590,163646,31,0,6688,29335,27,30,14411,19164,3,3
fcb29163,3,2,1,19,1,12,2,17,180,2570,17331,1,1,35,90,10572,19998,1,1,61,240,2917,17997,0,0,45,330,3623,32163,1,1,14,150,3591,16997,0,1,28,390,2713,32996,0,0,3,360,3652,39995,0,2,44,360,3039,25830,1,1,22,360,3017,33662,0,1,23,300,3286,28663,0,1,58,330,2921,44661,1,0,32,240,5882,22164,0,1,46,360,2864,38162,0,0,37,180,3052,38829,0,1,11,420,3078,32330,0,0,53,150,2947,12998,1,1,52,30,19397,35163,0,0,60,120,3686,10832,1,1,55,360,3278,19831,1,0,16,210,3834,20331,1,1,43,300,3595,25330,1,1,36,0,3768,23164,1,0,63,270,3565,34162,0,1,19,360,2676,46160,0,1,56,390,3021,23997,1,0,10,300,2757,25663,1,0,7,-60,4959,36496,1,1,21,330,6477,26496,1,1,2,120,26718,76990,1,1,30,420,2932,33996,0,0,33,330,2542,30663,1,1,49,330,3068,23997,0,2,41,0,6465,24164,54,60,3770,9166,9,0,5749,10666,12,60,3467,11665,24,150,3151,14832,64,0,6550,17332,59,0,23568,30830,1,180,48615,100654,29,0,7744,8666,4,-30,17309,27163,25,90,3358,12999,5,0,15406,24663,38,180,3021,15165,20,180,2755,17165,34,60,29733,35495,48,120,3249,16664,42,0,8162,19164,31,30,35655,57326,40,30,3746,11332,13,90,4732,19998,26,30,8333,16998,62,120,14661,31163,39,-90,3954,15832,51,150,3587,10665,27,90,13366,24997,47,90,4233,13665,8,180,3162,26163,57,-60,9841,15665,18,150,3131,14831,6,90,5827,18331,50,90,3492,11165,15,90,16918,25164,3.875,4
5ab5941a,4,2,2,20,5,12,2,59,-60,13269,21498,1,1,19,180,5192,38995,1,1,5,210,4565,22997,0,0,37,0,3165,13665,1,1,20,-120,14427,31829,0,1,52,-60,3147,12165,0,0,18,0,7130,7499,0,2,39,0,29489,43328,1,1,58,0,4860,17831,0,1,49,-150,2469,11998,0,1,6,120,7225,18331,1,0,38,-90,9298,32496,0,1,50,-90,3868,17498,0,0,63,0,4080,10665,0,1,43,-30,31809,39161,0,0,27,-60,8567,25330,1,1,14,-180,3673,18664,0,0,56,90,3425,11332,1,1,36,120,4130,14832,1,0,32,-120,2501,12498,1,1,45,0,19362,37162,1,1,17,180,12382,28829,1,0,41,0,39887,62325,0,1,11,-120,2828,58825,0,1,47,180,5122,24330,1,0,57,150,3891,15831,1,0,33,-90,3291,14331,1,1,3,30,23780,68491,1,1,26,-90,2779,10166,1,1,51,0,8334,17498,0,0,29,0,18793,75490,1,1,7,-30,6601,21164,0,2,53,0,8656,30829,25,120,4226,20164,21,300,1969,26330,48,330,2786,23164,10,90,4481,13332,44,150,9489,22664,62,90,4164,16664,55,420,2963,34496,1,240,20768,81489,2,180,4813,25830,60,0,7156,16332,54,150,4294,14664,35,210,4247,18165,16,0,7344,25164,30,180,6657,35829,8,-120,3055,31829,12,30,6511,14831,13,240,4876,20998,23,240,5700,35828,9,180,6250,25163,28,60,23332,34663,31,180,5875,25330,24,-180,3223,16165,15,60,8779,16665,42,-120,16983,43161,64,180,3006,13998,40,120,31231,44827,46,0,5011,34162,61,0,3863,10332,22,420,2689,32662,4,420,4576,41828,34,0,13534,40495,3.5,3.666666667
6f1e042b,4,2,1,22,2,12,2,11,-30,9637,19497,1,1,1,180,13908,57159,1,1,45,210,11011,29496,0,0,2,150,10757,39828,1,1,38,-30,12436,26663,0,1,4,120,5941,24164,0,0,52,120,14397,35495,0,2,24,90,11296,22331,1,1,8,0,15119,31996,0,1,59,-150,6664,16665,0,1,41,210,10260,90655,1,0,36,0,20537,44827,0,1,53,-30,18959,31996,0,0,46,-120,2346,8999,0,1,14,-300,835,22997,0,0,61,0,11230,23331,1,1,26,0,7947,24163,0,0,15,120,3425,20997,1,1,37,120,8657,41661,1,0,19,0,7396,13998,1,1,23,0,21635,27830,1,1,5,180,3972,28496,1,0,32,150,3701,23664,0,1,35,30,8904,22664,0,1,43,60,3369,14831,1,0,17,-60,6229,11832,1,0,9,-180,12907,30663,1,1,54,120,21856,39661,1,1,28,0,5541,13832,1,1,49,0,3584,22997,0,0,22,120,18213,37495,1,1,18,90,4142,12999,0,2,27,120,14415,45494,50,390,5032,45660,63,240,48282,73657,33,270,14121,32662,30,420,2416,28163,21,390,14739,57493,57,210,12150,125484,3,360,3299,40661,20,420,3959,30330,13,270,30081,51827,10,330,2062,31996,40,360,31071,172311,56,360,3039,46661,58,330,4703,32496,16,150,10412,25164,60,180,7145,29663,55,300,41188,92155,42,330,53040,143981,47,300,10650,48827,7,270,8619,33329,62,210,9328,32996,44,-150,18761,38162,48,420,3361,29830,39,390,3777,32329,51,270,19956,40995,29,90,3604,11999,12,300,6884,30163,34,270,240,13998,31,270,3891,24331,64,270,52049,100154,25,420,2476,31996,6,420,5932,33495,2.125,2.166666667
9da69292,1,1,2,19,2,,2,35,180,2618,19831,1,1,18,30,5833,17498,1,1,9,0,9823,9832,0,0,36,0,5176,13831,1,1,44,-30,9248,16498,0,1,47,-60,2411,9166,0,0,42,120,33,11499,0,2,60,180,4005,17665,1,1,51,60,4869,15164,0,1,55,-90,3992,17498,0,1,8,-60,8321,33162,1,0,21,-30,4355,14165,0,1,53,30,3774,10165,0,0,37,0,3996,21164,0,1,50,-150,4550,15664,0,0,61,30,5741,12499,1,1,41,60,1861,10332,0,0,29,60,2995,9999,1,1,30,-60,11316,21997,1,0,4,-60,5421,30163,1,1,58,210,4583,18164,1,1,6,0,9414,10332,1,0,12,0,4973,5000,0,1,15,0,15574,15998,0,1,39,90,2486,12831,1,0,59,60,4383,12832,1,0,54,-150,5139,19331,1,1,45,60,6774,13832,1,1,3,-90,9637,28497,1,1,46,60,3675,9666,0,0,26,0,4092,4166,1,1,62,90,6716,21664,0,2,40,120,152,13831,20,150,1191,23830,33,90,3501,14165,17,120,2705,17165,28,-30,4758,20664,22,150,3233,21831,34,120,446,14832,63,150,3342,14165,7,180,3881,29663,14,60,3157,19497,1,180,20263,45161,38,180,2143,21164,57,210,2724,18998,64,60,4706,10665,27,120,6005,24164,56,90,3275,9832,23,0,5004,5166,48,120,1756,11498,13,90,53,14664,32,60,11646,18831,25,300,4445,32996,19,90,4600,20331,10,-60,3395,10999,24,150,2635,20330,5,120,1859,19331,43,210,2452,18498,52,90,982,11498,31,120,2986,18831,11,90,2727,14998,49,90,1191,10831,16,180,3751,20164,2,180,8112,29829,3.25,3.666666667
3b20435b,1,1,1,18,5,12,1,41,120,32,19331,1,1,38,180,2976,18165,1,1,14,240,2366,20498,0,0,23,90,7930,20831,1,1,29,90,3707,16164,0,1,28,90,2924,13165,0,0,47,120,3425,12832,0,2,7,150,3978,17998,1,1,30,90,2789,13165,0,1,43,90,4197,15831,0,1,53,90,3327,13665,1,0,35,180,2810,19830,0,1,46,150,2306,13998,0,0,62,210,2256,17165,0,1,37,210,2608,18830,0,0,48,90,3417,18497,1,1,25,60,4079,24830,0,0,54,120,3292,17498,1,1,2,120,6711,33996,1,0,45,90,3735,31662,1,1,34,150,2698,18165,1,1,11,150,3597,19331,1,0,8,150,3790,15998,0,1,33,90,4616,13499,0,1,27,120,2352,16165,1,0,57,210,2393,18331,1,0,50,60,3287,30496,1,1,13,90,3783,17165,1,1,36,60,3803,10665,1,1,18,90,2664,11832,0,0,21,180,2822,15498,1,1,40,120,3008,11331,0,2,16,120,3779,20831,63,120,2346,12331,6,30,4119,12832,64,60,3248,9499,17,30,2979,9999,24,60,2960,12665,39,120,3684,12498,10,180,2119,11832,61,30,3897,13498,59,0,7738,7832,52,30,3687,28996,9,90,1753,9665,20,60,6596,14831,56,180,3189,24663,60,30,3484,44328,55,210,3948,19664,42,90,1425,11832,1,120,14998,72324,3,30,6619,43494,15,150,2926,15498,44,180,1263,13332,22,60,3232,8499,4,150,3266,16998,26,210,2870,15832,19,240,3053,22331,51,240,63,22331,5,30,3142,19164,58,210,2803,20998,31,150,3368,12998,32,180,3009,20830,12,120,3301,16332,49,150,64,20831,3.75,3.833333333
7e7dbde9,1,1,2,19,2,12,2,15,90,3455,12498,1,1,29,30,4300,24330,1,1,44,-30,5364,10665,0,0,17,0,8241,25163,1,1,59,0,15476,45661,0,1,55,-180,4178,13831,0,0,14,30,3545,8999,0,2,30,-30,3823,8665,1,1,35,-30,4242,8165,0,1,31,-30,8454,16331,0,1,36,30,5420,10165,1,0,6,0,22691,46994,0,1,45,-30,6743,13332,0,0,47,-30,3786,8332,0,1,57,-90,8858,15331,0,0,39,-90,6999,26496,1,1,28,-90,4563,23497,0,0,16,120,5152,17998,1,1,23,-120,4160,17331,1,0,64,0,17892,35662,1,1,5,30,5338,196475,1,1,46,30,5785,10499,1,0,19,-60,4558,18831,0,1,2,0,19256,53993,0,1,61,-60,7928,19165,1,0,43,-30,6922,16165,1,0,26,-120,6855,22997,1,1,4,60,7124,18164,1,1,53,-120,4917,16831,1,1,27,60,5731,12332,0,0,49,-60,4033,15998,1,1,21,0,8034,31329,0,2,54,30,7516,25164,24,90,4353,10665,12,270,4098,25830,13,90,4118,18830,37,0,15107,35495,34,270,9809,27829,62,60,7144,21997,41,180,5118,14331,63,120,17022,35828,10,150,5726,23164,22,60,11659,20664,38,210,9445,28830,52,180,7384,22664,8,300,8920,25997,7,420,3821,43661,3,270,991,29663,48,-30,3905,9499,40,0,12258,56160,50,90,9827,21664,20,30,14938,23331,1,300,14119,67492,9,420,4510,35662,32,-30,4461,35828,25,0,4615,19498,33,90,3873,11332,18,0,9378,21998,11,180,4393,25496,42,0,7098,28830,56,60,3130,7332,60,120,5039,10832,51,300,4383,27163,58,60,4281,9332,1.875,1.666666667
115710de,3,2,2,21,4,15,2,32,60,10676,22164,1,1,34,60,4886,15165,1,1,23,60,5014,15831,0,0,35,0,7078,34829,1,1,49,-60,13953,42828,0,1,11,60,16118,23497,0,0,6,90,10805,23997,0,2,18,0,13802,53160,1,1,40,60,5355,13498,0,1,21,0,11893,46161,0,1,54,90,8612,17331,1,0,59,0,9408,39995,0,1,13,0,11023,46828,0,0,17,60,7955,15165,0,1,42,60,19154,29329,0,0,57,0,15956,41828,1,1,52,0,15044,40328,0,0,43,60,14382,20664,1,1,60,60,8061,16165,1,0,38,0,15763,47160,1,1,48,30,17251,17497,1,1,5,90,6665,20497,1,0,64,90,6864,14664,0,1,19,0,15344,50327,0,1,2,0,28816,71824,1,0,9,0,14948,47327,1,0,36,0,15996,65325,1,1,30,0,8910,48827,1,1,3,0,24805,25663,1,1,46,90,5537,22330,0,0,29,90,4491,17331,1,1,33,60,5320,11832,0,2,4,0,29663,66325,10,60,16625,25997,58,90,5722,17164,15,0,19522,68991,1,150,18107,42328,41,120,6318,18164,20,60,9480,17997,22,-90,6450,15165,53,-120,8650,18164,37,-60,5049,30330,8,120,7207,20497,24,60,8279,16165,63,180,5865,20331,7,0,15869,64658,26,-120,5397,17164,51,-120,4522,18161,39,-60,7280,14665,27,-120,6654,29330,28,-90,6302,14332,25,-120,5042,12332,61,120,6205,35496,31,60,4090,20830,12,0,8994,41495,14,60,18288,30163,16,60,8365,17831,45,120,4982,22331,47,-90,7822,17331,50,-90,7611,22498,44,90,4886,14665,55,-90,5809,14498,56,90,4937,37328,62,180,7476,42162,3.625,4
8c36554c,1,1,2,31,2,14,2,11,0,5881,98321,1,1,18,150,9692,23664,1,1,37,0,30902,122318,0,0,63,-420,1359,24331,1,1,52,0,11714,61326,0,1,22,0,40186,130817,0,0,24,0,7725,17331,0,2,42,0,3576,3667,1,1,61,0,4891,5166,0,1,14,0,36852,204640,0,1,1,0,19603,83989,1,0,53,0,7816,13499,0,1,17,0,5608,11665,0,0,41,0,8077,14832,0,1,54,-390,7708,34329,0,0,58,0,48407,48994,1,1,12,0,8924,181643,0,0,3,0,9779,88822,1,1,59,-420,3238,24163,1,0,28,-420,4359,25664,1,1,62,60,11569,17831,1,1,16,0,7190,50827,1,0,8,0,11145,239303,0,1,47,0,4360,4500,0,1,7,0,10468,69991,1,0,29,0,4956,22163,1,0,55,-420,2773,22164,1,1,23,0,54196,71158,1,1,49,0,13917,38328,1,1,43,0,4413,10998,0,0,27,60,7227,16832,1,1,21,0,8972,134650,0,2,64,420,3578,33829,15,420,5791,36829,32,240,5470,20997,5,0,28725,34996,33,420,3421,32662,44,420,3695,31829,26,420,6072,34496,60,240,5970,24496,35,420,4725,34995,19,420,7557,36162,36,420,5324,32829,13,420,5399,36995,39,330,4304,29330,57,420,35931,63158,31,420,4455,30496,48,420,3594,30663,38,180,4845,20664,2,180,25118,56326,6,420,4824,34495,9,420,5897,35495,34,420,3894,30996,40,420,5382,35663,25,420,5986,31996,45,420,4307,33662,10,420,6363,34829,4,420,4042,42328,51,360,12922,36662,56,360,3579,31496,50,420,6157,31996,30,150,17447,33329,20,420,17666,41828,46,420,5013,33162,4,4.333333333
3679ca24,1,1,2,19,5,13,2,61,30,2843,13832,1,1,1,180,15242,54493,1,1,54,-90,6263,14832,0,0,40,-60,10929,19164,1,1,43,90,7364,15998,0,1,63,-90,6189,12665,0,0,48,60,5978,24996,0,2,10,180,6805,35329,1,1,45,150,4379,14498,0,1,23,-150,5194,18164,0,1,56,150,5416,18997,1,0,13,-30,8064,28163,0,1,15,-60,9759,20330,0,0,50,120,5559,17165,0,1,47,-210,2918,23497,0,0,7,120,9626,18331,1,1,8,-270,5898,33662,0,0,38,-60,6285,15665,1,1,52,-210,2815,30329,1,0,4,-180,15272,28164,1,1,46,120,5608,18498,1,1,17,90,7636,22163,1,0,44,60,6540,15498,0,1,20,90,8746,16498,0,1,35,60,3778,9999,1,0,42,-180,2844,16665,1,0,11,-240,5193,23164,1,1,18,150,7580,24664,1,1,37,-210,4715,65325,1,1,60,210,5820,24330,0,0,55,-210,4416,25997,1,1,59,90,13917,21830,0,2,32,120,5111,15665,64,180,4432,19331,34,-90,6873,28496,3,180,4522,16331,9,300,5937,36329,58,420,2706,27996,12,210,5607,20830,19,-270,3481,25663,39,180,2961,14498,49,90,9527,26663,21,240,4912,23997,16,90,10883,24830,33,-210,3100,14498,53,210,6521,25830,14,390,3963,31996,22,330,6889,35995,6,-270,7798,25996,28,120,9089,30996,57,60,37530,45161,41,-180,4341,20664,24,150,7121,20831,27,-120,5695,17665,31,-210,3547,19997,51,90,4556,16164,26,420,2995,27997,36,0,12342,15331,2,330,47776,92155,5,-90,19576,39162,29,300,4087,27163,25,-150,4364,22997,30,-180,4038,13831,62,60,21193,27163,3.875,4.333333333
edcbb164,4,2,1,20,1,13,2,60,0,8244,12665,1,1,22,0,7418,12332,1,1,6,-30,17469,20164,0,0,10,0,21560,26997,1,1,28,30,4262,12998,0,1,23,60,2856,20664,0,0,7,0,9111,13831,0,2,20,0,9943,14665,1,1,47,-30,3559,9499,0,1,45,90,3948,18831,0,1,39,-30,3491,6833,1,0,18,0,6211,9999,0,1,30,0,7269,16164,0,0,9,0,17451,23497,0,1,8,0,17758,19164,0,0,15,0,13467,18331,1,1,33,60,2999,10832,0,0,27,-60,5499,17164,1,1,5,0,4983,23164,1,0,43,0,4607,8166,1,1,14,30,3089,9332,1,1,25,-60,10374,17164,1,0,51,-30,5957,10832,0,1,55,30,6653,12165,0,1,12,30,10097,40661,1,0,11,0,19791,24996,1,0,37,0,6903,13998,1,1,48,0,4368,14499,1,1,53,-60,2800,7165,1,1,50,30,3976,5666,0,0,2,0,12675,53493,1,1,17,0,27689,33662,0,2,29,-60,3405,7833,19,30,9433,17997,32,-90,2641,8166,49,30,5825,9832,26,-150,3228,10499,59,-60,5755,14498,63,-60,1098,5333,46,30,3489,8166,58,60,8915,15831,24,-60,10500,28996,34,-60,6500,10998,52,-90,4130,9332,38,0,7949,11832,36,-60,3125,7666,54,150,819,7166,56,90,3378,10666,44,-30,10177,14165,41,30,3932,8333,3,90,5949,35996,62,90,876,5833,64,0,3393,16832,16,0,11700,15997,13,60,3987,12832,31,30,2946,8166,21,0,3055,17664,35,0,1534,1667,1,0,12215,36829,4,0,4624,10665,42,0,4364,4500,57,120,1963,8165,40,0,4713,12666,61,-30,10383,17331,2.375,2.333333333
87714fb7,4,2,2,28,1,17,2,17,0,9434,50827,1,1,30,30,8875,44827,1,1,52,0,4567,15332,0,0,5,0,7974,13499,1,1,57,0,6257,16331,0,1,4,0,6716,178977,0,0,48,0,2875,23497,0,2,45,0,7025,19498,1,1,18,0,7162,133816,0,1,61,0,8501,35162,0,1,37,0,9380,20331,1,0,55,0,7618,20497,0,1,23,0,11805,192809,0,0,10,0,6409,7332,0,1,22,30,4954,6499,0,0,40,0,11862,25164,1,1,64,0,11261,39828,0,0,31,0,6608,19831,1,1,1,0,16657,72325,1,0,39,0,6150,30330,1,1,28,0,9213,24997,1,1,35,0,6413,25330,1,0,53,0,8299,46827,0,1,59,0,13448,29829,0,1,24,0,8083,212306,1,0,56,0,4504,21830,1,0,51,0,7863,28830,1,1,44,0,4706,15998,1,1,16,0,6356,273132,1,1,29,0,12716,123984,0,0,25,-30,9312,424113,1,1,3,0,12128,93655,0,2,13,180,3811,18998,36,90,5382,11166,21,150,5709,15998,26,180,6167,23164,7,30,4195,11499,38,120,4567,23497,42,120,7845,20997,12,120,6558,19165,19,60,6060,14332,8,270,4424,30330,63,330,5424,25163,15,420,3625,33329,14,210,3655,20331,43,90,2614,9832,33,420,2735,37829,58,120,4257,13165,47,30,3106,13665,6,150,6926,34329,32,150,4860,22164,11,60,6190,21497,50,240,4559,23997,9,0,9295,267300,49,60,7006,21498,62,120,9290,21997,46,0,7882,24997,54,60,6759,16165,34,180,3214,17331,27,30,4701,10832,2,90,8483,31829,60,90,4024,14832,41,180,5898,16831,20,60,6299,14998,2.625,2.333333333
a85989fd,3,2,2,23,1,16,2,33,0,6323,13332,1,1,57,30,8724,14998,1,1,48,90,8648,17664,0,0,3,-30,25231,35329,1,1,14,0,8441,16664,0,1,10,90,3544,24830,0,0,17,90,4716,12832,0,2,9,0,10437,26496,1,1,13,0,7446,14498,0,1,35,60,8568,26496,0,1,26,0,7114,15498,1,0,23,0,8446,13665,0,1,8,30,7664,21330,0,0,19,30,5536,14499,0,1,51,60,36524,51827,0,0,21,0,7729,14499,1,1,47,60,6063,12332,0,0,30,0,8149,18498,1,1,7,0,9739,32329,1,0,64,60,8772,13998,1,1,37,0,9743,15498,1,1,1,30,20102,122151,1,0,39,60,4550,12832,0,1,40,60,5864,15165,0,1,55,60,9305,14165,1,0,28,0,10373,22497,1,0,41,-90,9240,36662,1,1,34,0,9828,21497,1,1,22,0,7224,12832,1,1,2,30,28231,48994,0,0,31,0,11427,29496,1,1,44,60,4774,12331,0,2,32,330,6892,32663,43,360,3812,36995,59,180,3259,17165,60,210,8072,22831,29,330,6566,31662,61,210,6521,24330,25,300,4842,25330,42,360,2889,24497,4,270,527394,593924,46,210,5490,20331,24,270,3902,31662,36,300,6096,24830,56,270,5738,21331,53,120,7919,16498,27,300,6497,41661,58,90,3110,8332,45,150,3817,18664,15,300,6158,25331,11,300,6245,26163,38,390,5840,31496,20,240,6072,25497,5,420,5794,35329,52,390,4588,30330,6,240,8772,27163,54,180,5069,17831,62,300,6090,30163,50,390,3943,30996,16,420,2758,31496,12,210,6134,20331,18,330,5506,25663,63,330,4038,31330,49,270,7295,27663,3.625,3.833333333
295f8e70,2,1,1,20,2,12,2,2,-60,5002,22997,1,1,18,180,4297,21831,1,1,6,-90,4547,20498,0,0,44,120,4952,19330,1,1,51,30,6383,28663,0,1,49,-30,4040,11499,0,0,17,0,7741,17331,0,2,26,180,3980,20830,1,1,25,-90,3292,13499,0,1,45,-60,4145,10998,0,1,56,150,3977,18831,1,0,10,-90,3657,19997,0,1,19,-120,4890,20164,0,0,43,-60,5178,11832,0,1,39,-270,3060,22331,0,0,50,120,3621,13832,1,1,30,-150,3772,13665,0,0,55,150,5316,18997,1,1,34,-60,3082,17164,1,0,31,60,6327,19997,1,1,27,150,4008,15998,1,1,48,330,2626,27830,1,0,54,60,5011,20664,0,1,38,-30,5725,14492,0,1,33,240,2634,18165,1,0,8,-30,6582,18831,1,0,22,-120,5549,21497,1,1,9,-30,5103,12330,1,1,46,-90,3887,12831,1,1,14,-30,3794,10833,0,0,47,120,4668,16997,1,1,58,60,4881,15831,0,2,61,120,6371,17497,1,120,16921,50660,62,180,5648,21997,57,90,3246,11832,63,150,3881,16498,29,120,4334,12998,36,150,4255,12332,24,90,5253,13499,7,120,3419,12331,60,150,6881,23331,12,150,2857,10999,4,240,4244,19664,32,180,7667,18164,37,120,2688,11499,42,150,2813,10499,16,210,2649,13332,20,180,3640,15998,23,120,5906,16831,28,150,2980,15332,41,90,6163,14164,3,180,3135,18664,15,150,3633,14998,21,270,4419,21330,11,150,3481,14665,64,60,8491,14999,52,120,5521,17332,53,150,2747,15831,13,120,3128,10165,5,180,2744,14165,59,150,3001,15831,35,120,5582,12665,40,150,4150,17664,3.25,3.666666667
23d53e15,1,1,2,22,1,,2,60,-30,4570,9332,1,1,59,30,10901,19998,1,1,49,-210,3147,14498,0,0,2,-210,10042,36328,1,1,4,-30,8468,79156,0,1,37,-90,3729,11499,0,0,12,30,6101,12165,0,2,28,-210,3938,24330,1,1,27,-60,4897,14831,0,1,32,-300,4214,18664,0,1,39,-60,4419,8999,1,0,33,-90,3693,12665,0,1,10,-180,3173,16831,0,0,23,-30,9153,17998,0,1,7,-240,4587,21163,0,0,51,-90,3694,14498,1,1,46,-180,3824,21497,0,0,11,-150,5642,16165,1,1,18,-60,3500,9665,1,0,55,-270,3857,18164,1,1,61,-90,5532,10499,1,1,56,-60,4404,8166,1,0,50,-240,3678,16331,0,1,14,-150,4859,19331,0,1,24,-30,5782,23164,1,0,62,-120,3470,10498,1,0,52,-240,3583,18831,1,1,6,-90,6545,15165,1,1,43,-120,2961,12665,1,1,9,30,9334,36495,0,0,22,-30,5220,13998,1,1,1,60,10630,69825,0,2,5,150,5116,17498,41,210,2387,15665,16,120,5665,17331,58,30,6535,10831,35,150,4462,11499,36,270,4101,19498,34,120,3922,12998,31,60,5099,11832,19,180,5736,16665,45,90,3852,9499,15,360,4088,23664,21,60,5251,15498,20,30,6795,13498,44,30,4430,8332,54,210,3262,13831,48,120,4048,11332,63,30,9136,16665,64,90,3745,9332,17,60,5898,11498,53,120,4226,11665,3,240,4548,24164,29,300,3856,18831,42,-30,4634,9166,40,30,4241,8999,57,180,4010,16498,47,240,3434,19331,38,60,4608,9166,30,150,5416,14998,26,210,6134,17497,25,60,4232,9332,13,150,5873,18997,8,150,5028,18498,4.625,5
201c0418,1,1,2,26,2,16,2,31,0,3801,11832,1,1,15,0,5055,14331,1,1,52,150,3161,14998,0,0,5,0,6413,19665,1,1,28,60,4824,8833,0,1,54,-60,4932,9999,0,0,60,-90,10029,19498,0,2,33,60,8825,12832,1,1,2,0,61093,83989,0,1,30,60,5968,13332,0,1,45,90,5949,14332,1,0,38,60,4031,13665,0,1,32,0,3612,11332,0,0,14,0,4553,13832,0,1,26,240,5012,21331,0,0,44,30,3377,7832,1,1,40,-120,4822,17498,0,0,3,90,32485,49661,1,1,23,-90,5644,15498,1,0,43,-60,4398,14164,1,1,46,90,2816,10499,1,1,22,90,4589,12499,1,0,19,120,5129,12998,0,1,37,0,10980,28997,0,1,8,0,5579,34329,1,0,6,180,3882,17331,1,0,34,0,8508,17331,1,1,12,120,6015,14498,1,1,50,60,3505,12165,1,1,29,0,7122,25997,0,0,49,-60,5203,10165,1,1,57,-60,3424,8166,0,2,21,150,4342,11665,58,240,4630,22497,1,420,28601,87155,7,330,4761,29329,10,270,7639,25663,41,90,4392,12832,55,-90,6731,16164,47,-120,9509,24997,9,360,5237,30996,35,-60,7456,17498,27,150,4291,14831,48,30,6462,11665,64,240,4047,17831,63,-90,7787,16165,53,180,4754,15665,18,240,3432,18831,4,300,6029,26164,16,210,4245,19498,25,150,6985,14498,56,90,4951,18165,51,0,13424,27830,24,420,3094,30163,11,90,12867,22498,20,180,3390,14998,61,120,3459,11832,13,270,4413,24664,42,60,4554,8998,59,180,4370,15998,36,60,3160,10998,39,60,4191,11999,17,330,3520,28330,62,90,4161,11498,3.25,3.5
fccf197f,1,1,1,22,1,16,2,59,180,4098,26496,1,1,30,150,5202,15498,1,1,10,120,3907,16997,0,0,63,-90,5024,12999,1,1,12,-150,4529,19664,0,1,13,-90,6035,29329,0,0,50,120,3909,26497,0,2,28,120,3442,15498,1,1,20,120,3298,16164,0,1,42,-360,3642,24330,0,1,39,-90,3661,12331,1,0,18,150,6839,23997,0,1,34,-120,4091,11832,0,0,14,210,3943,55326,0,1,64,390,4591,34329,0,0,49,-240,3859,17831,1,1,61,-420,2556,27330,0,0,51,-240,3156,16331,1,1,52,-330,3250,19998,1,0,57,-150,5266,17664,1,1,22,180,3541,16665,1,1,47,210,3890,17498,1,0,16,120,4280,14832,0,1,7,-90,4570,12499,0,1,35,120,3709,9499,1,0,54,-180,3137,13665,1,0,48,-330,4419,24830,1,1,8,210,4632,28663,1,1,60,-240,3039,24164,1,1,40,120,3334,14998,0,0,3,-150,4420,20164,1,1,24,150,3366,12999,0,2,37,150,3772,13498,55,330,4455,29496,58,120,4633,16331,33,90,4128,9832,43,90,3527,9499,41,-60,3846,14831,36,90,3853,9498,19,-180,4103,13665,29,330,4179,28163,26,-60,4107,10665,62,90,11150,38328,15,-60,8604,14331,2,120,5676,23330,25,180,4368,19331,1,210,9724,43495,6,120,4189,18164,38,-150,3115,13498,9,300,3300,30163,31,60,9870,22164,56,-210,3007,19997,44,240,5077,28163,5,-270,4469,23997,27,120,7500,17332,53,-60,4079,24331,4,-60,5227,14332,11,90,4654,11832,17,-270,2989,17497,45,-90,3768,11665,23,360,4402,37658,21,210,3638,21164,32,-120,3512,11332,46,-150,3381,15165,4.375,4.833333333
a8187271,3,2,2,23,2,14,2,64,0,12911,13332,1,1,28,0,5636,20664,1,1,41,150,3195,19498,0,0,2,-120,26048,58159,1,1,37,-30,4419,9166,0,1,22,90,4167,17331,0,0,34,0,12471,13165,0,2,47,0,9473,22663,1,1,31,-120,10677,29163,0,1,39,-150,4555,18831,0,1,60,120,6228,19164,1,0,20,-30,28526,52494,0,1,21,60,8451,20997,0,0,63,-90,2649,13832,0,1,52,60,4781,15332,0,0,35,0,2949,17164,1,1,5,-60,5903,23330,0,0,4,-30,30965,37995,1,1,49,30,7352,23330,1,0,42,-60,8161,19831,1,1,48,0,5612,15664,1,1,9,120,5812,35329,1,0,40,-120,5361,23663,0,1,1,-120,30629,151314,0,1,17,120,7091,42161,1,0,10,90,12599,55826,1,0,57,-150,5139,23330,1,1,45,-150,5794,20830,1,1,29,-210,2796,23497,1,1,11,120,5578,26663,0,0,46,-90,3717,14999,1,1,26,30,42886,50160,0,2,3,60,13590,33496,44,150,9400,26829,19,90,8281,41495,24,90,5630,32995,53,30,16330,28663,15,60,6771,23830,61,120,7326,20664,13,30,7218,31662,30,120,3677,17498,27,60,4986,23497,18,90,9095,47661,16,60,10082,48827,8,90,5888,24330,14,210,7010,28496,6,150,6696,35329,23,60,5727,16998,56,120,4439,18664,62,30,7095,20330,51,120,3368,14331,50,90,5653,16498,33,90,3746,14498,43,90,4044,12664,54,60,6035,14831,55,60,13881,56826,38,90,10201,27830,25,150,4776,24497,12,90,6121,21664,58,90,5816,21664,7,120,6590,32496,59,90,11492,43661,36,0,33688,45661,32,30,21064,35829,3.25,3.333333333
da974e58,2,1,2,28,2,13,2,4,150,3130,13165,1,1,3,180,3391,15498,1,1,60,120,6098,16498,0,0,52,150,12155,21830,1,1,33,120,7913,18164,0,1,38,120,7527,20664,0,0,17,150,6074,18331,0,2,64,90,7085,21164,1,1,55,120,7329,15165,0,1,50,90,7871,17998,0,1,13,210,3393,17331,1,0,27,150,26546,47160,0,1,56,90,56768,62492,0,0,11,150,3443,14332,0,1,26,240,10369,29830,0,0,12,-210,4465,37995,1,1,16,180,3372,13665,0,0,8,210,3469,16665,1,1,6,180,834,15165,1,0,2,180,6971,23830,1,1,34,120,6729,22830,1,1,23,120,6790,18664,1,0,22,150,6897,39662,0,1,10,300,4370,18998,0,1,19,270,6362,25997,1,0,42,90,30939,39994,1,0,53,210,8779,30330,1,1,47,180,7289,20164,1,1,24,210,4952,17664,1,1,7,120,5826,15831,0,0,59,120,10426,20164,1,1,49,120,15860,30496,0,2,18,-150,5954,35662,25,0,6882,24497,1,120,25624,50494,63,90,7534,17831,57,120,5786,16831,48,420,3886,27996,9,120,3648,18497,15,-60,4075,32829,29,120,4437,17498,28,120,6590,18998,21,60,7350,18831,39,120,8837,21997,31,150,10361,20664,62,90,7895,19164,40,90,3364,12165,61,120,8965,20664,46,120,8667,22997,45,90,9276,18498,20,210,5514,28163,5,150,17699,31329,51,90,36539,44494,41,90,9533,17164,32,120,5701,15165,43,90,42328,51160,35,120,7760,23331,54,120,23860,38162,58,90,7167,15498,36,120,7791,22664,14,180,10359,28163,44,90,8333,18164,37,120,5751,22164,30,120,14804,24497,3.625,4
4870490b,3,2,2,20,1,,2,34,210,2689,19997,1,1,64,210,8401,22497,1,1,63,-420,117,24830,0,0,49,-210,2960,12499,1,1,12,-420,3878,26830,0,1,14,-180,3229,14331,0,0,53,180,5168,18331,0,2,15,60,7962,15165,1,1,10,0,3643,62492,0,1,1,-210,15425,48494,0,1,43,-420,2777,22663,1,0,6,0,4990,19664,0,1,50,-240,3292,15331,0,0,46,0,2982,46327,0,1,30,-420,2800,23164,0,0,27,-390,1596,17998,1,1,48,-420,3534,25497,0,0,2,180,5051,19997,1,1,22,-420,11,28997,1,0,24,-180,2873,14331,1,1,58,0,2306,2333,1,1,20,210,7963,21164,1,0,13,-420,5013,26996,0,1,18,90,4002,8999,0,1,33,-210,3401,13498,1,0,17,-420,2643,24497,1,0,61,-420,3159,23663,1,1,3,-420,4572,28996,1,1,59,-420,3168,30996,1,1,16,150,3118,14999,0,0,26,-330,2643,18498,1,1,60,0,2775,6666,0,2,45,-90,3677,10165,25,420,2280,27330,44,150,2205,13999,7,-30,6026,11832,31,300,4133,23663,5,240,2811,19165,23,180,3284,13332,57,0,2815,6833,36,240,3010,20330,35,-210,3706,15831,55,420,111,35163,29,300,2730,19665,21,420,1470,27330,62,0,6126,12832,52,240,3356,19498,41,0,4846,4999,38,-180,3538,13332,19,150,3267,14664,42,0,3195,18331,40,0,3460,12499,47,420,2105,32163,56,60,6788,10832,9,0,4932,26497,39,0,9974,46828,51,300,5488,20497,4,420,2963,30829,37,420,2403,31496,32,300,4557,23663,11,60,8201,23330,54,-180,5881,15331,8,60,5883,14998,28,270,3059,26330,3.75,4.166666667
af502644,1,1,1,21,1,14,2,34,0,9832,48494,1,1,5,90,20037,66158,1,1,57,390,3286,30497,0,0,19,180,4665,18831,1,1,26,-90,16851,35995,0,1,32,240,4936,15498,0,0,46,30,15495,31496,0,2,9,-120,12273,24497,1,1,13,90,3827,17164,0,1,11,390,6866,31830,0,1,38,270,3413,21997,1,0,58,-240,3831,15165,0,1,36,300,3629,23830,0,0,42,270,3001,23163,0,1,56,420,2652,21330,0,0,10,150,3706,18664,1,1,35,270,4589,26830,0,0,39,210,6067,21998,1,1,4,420,16525,46827,1,0,28,-240,12022,40495,1,1,12,300,2744,17332,1,1,23,150,3457,10832,1,0,6,360,3344,23330,0,1,43,420,4705,21497,0,1,1,120,8344,28163,1,0,49,180,4745,19165,1,0,41,-420,6699,27329,1,1,17,240,9160,19331,1,1,60,-120,3671,9832,1,1,54,240,3075,15331,0,0,55,-60,7917,15498,1,1,63,210,4856,18831,0,2,15,0,13207,15498,3,420,2994,22163,53,-90,3994,8499,59,-60,17993,29996,2,420,2926,25330,29,390,5590,25664,22,-240,2944,12998,48,120,25331,35329,47,240,7009,21164,45,0,4526,12831,61,-30,8549,13498,51,-60,22999,32996,20,420,3476,19665,50,390,3734,17497,40,270,3269,16831,24,360,2745,18664,7,390,11743,69658,8,420,2590,25330,33,270,8229,21331,16,420,2728,26163,30,240,3867,15998,27,300,8345,27997,31,330,2257,19665,62,270,2762,17165,21,330,3431,18164,18,180,3445,15664,14,360,687,16665,25,-120,4499,11665,64,180,3472,11499,44,390,3361,28163,37,330,2910,23330,52,0,4056,20831,3.75,4
edffcc7d,3,2,1,22,2,12,2,10,90,2922,9999,1,1,1,360,12452,47327,1,1,34,90,3166,7999,0,0,62,-60,3782,8499,1,1,39,0,7195,16831,0,1,60,-90,2354,7833,0,0,42,210,12567,25497,0,2,27,60,4087,9833,1,1,29,330,2858,25331,0,1,37,-180,3683,11331,0,1,46,120,3574,10666,1,0,45,0,7099,11666,0,1,12,90,6262,16331,0,0,55,-90,5307,11499,0,1,31,-90,2831,8998,0,0,23,150,7061,20664,1,1,53,-240,3526,14664,0,0,26,180,10021,20998,1,1,4,30,6662,10499,1,0,8,30,6104,13665,1,1,3,90,3829,14664,1,1,64,150,3687,13165,1,0,59,30,4871,9332,0,1,63,30,4882,8999,0,1,54,30,5685,9832,1,0,2,420,4395,29663,1,0,56,-90,6362,14665,1,1,38,60,7340,11165,1,1,5,-60,3485,9832,1,1,33,420,2589,28830,0,0,36,-60,4209,8166,1,1,22,90,3706,10499,0,2,57,0,9137,19997,14,150,3061,12998,13,-330,2832,17665,51,0,10067,18664,58,-30,16934,25163,47,-60,14573,20664,41,0,11330,36829,24,0,5411,13831,25,0,10801,18331,16,-330,15600,31329,21,0,15935,25996,20,60,9869,18331,35,-210,2641,11498,43,0,4965,9499,30,0,11161,26330,11,0,2791,4833,15,60,6009,13831,18,-150,2998,10999,49,-420,2707,23497,40,0,11541,30663,52,60,5094,10332,50,0,3274,12998,48,210,2526,14665,19,-90,3400,9999,7,120,3139,12832,44,-30,3208,10166,28,0,8575,9165,17,90,8303,15332,32,0,3100,11165,61,-60,7026,11998,6,-150,4409,15331,9,-180,2543,12498,3,3.333333333
0a9968ea,1,1,2,21,1,15,2,5,60,6036,23497,1,1,19,120,4238,11832,1,1,56,30,7729,14498,0,0,24,60,4519,9832,1,1,41,-60,8393,16665,0,1,44,-60,2701,8332,0,0,36,60,14148,19331,0,2,26,120,3787,10999,1,1,33,120,3470,17331,0,1,51,-90,4639,13332,0,1,43,60,7236,10832,1,0,20,90,4803,11332,0,1,39,0,5744,22664,0,0,32,60,3615,9332,0,1,13,0,7324,28329,0,0,16,90,4498,17164,1,1,14,-30,33555,52493,0,0,21,60,4354,11165,1,1,58,-90,5653,10499,1,0,28,0,16572,40495,1,1,29,90,4055,18498,1,1,63,0,4039,14498,1,0,54,0,15282,30330,0,1,50,-90,6246,12166,0,1,22,120,3757,14832,1,0,30,90,5201,12166,1,0,45,-60,4341,10165,1,1,64,60,11125,15665,1,1,61,0,13488,22498,1,1,62,60,5094,9165,0,0,4,0,34494,34662,1,1,53,0,10678,30163,0,2,38,120,4438,12998,2,90,20659,33495,47,90,3754,10665,31,60,6736,13498,25,90,5812,12831,34,120,4366,13498,49,90,4702,9665,12,150,10515,24497,1,240,20177,48827,35,180,7926,17331,59,120,5299,13999,15,90,4356,12665,10,180,4539,27330,11,150,13650,25997,23,180,8419,21330,60,240,6411,21497,8,150,8426,47327,57,90,4405,9166,46,60,8695,16332,3,150,8225,18665,9,120,6143,17498,52,60,19100,27830,42,180,6279,22497,37,210,4895,17498,7,120,4863,14331,55,150,5300,15165,18,120,5142,16331,6,210,4890,21664,48,120,4011,11499,40,120,5431,14332,27,90,5489,21997,17,60,47154,51493,3.875,4.166666667
ce4d942d,3,2,1,24,2,14,2,10,180,737,13665,1,1,59,150,5646,17498,1,1,8,300,4797,35328,0,0,19,0,3532,4833,1,1,20,0,5867,6000,0,1,60,150,3189,15331,0,0,29,270,3972,24663,0,2,31,150,1664,11498,1,1,6,150,6495,19164,0,1,38,270,3639,18165,0,1,33,300,2338,20164,1,0,53,0,5412,25163,0,1,36,210,1548,12665,0,0,25,90,7357,13331,0,1,11,420,1759,32996,0,0,12,0,63154,81990,1,1,9,300,5272,28662,0,0,37,180,56,14331,1,1,52,390,1422,25997,1,0,32,150,2729,10998,1,1,44,120,1183,8165,1,1,39,420,868,24997,1,0,4,150,1452,12998,0,1,21,0,1876,33162,0,1,62,270,3951,30163,1,0,55,420,2603,37662,1,0,50,60,90823,116485,1,1,43,120,3697,10832,1,1,54,330,1532,25163,1,1,42,90,71,5832,0,0,61,210,4491,19331,1,1,48,0,27074,115485,0,2,17,210,202327,211972,18,0,66189,308294,35,0,4717,4833,45,180,3666,10332,57,120,4378,12998,16,210,76125,92155,46,120,412,7166,27,210,2864,15831,24,30,14140,20331,34,30,3805,6666,23,90,4011,8832,28,120,3195,12165,1,0,9140,65825,22,120,27,17998,63,300,82,22997,47,420,1269,23663,3,60,71428,84489,2,0,12529,16998,30,420,3223,30996,5,210,1809,18830,41,60,2178,5999,13,0,81012,81156,15,0,47066,165478,51,330,4950,30662,64,180,4095,18498,14,0,68930,70491,58,90,321,11332,56,210,4102,16665,7,150,5315,17831,49,0,47162,119318,26,150,3816,14832,40,30,36,3333,3.5,3.666666667
729ae32a,2,1,1,17,2,11,2,45,-360,10,14831,1,1,55,150,2838,10499,1,1,2,0,36140,50660,0,0,4,-120,3321,12666,1,1,17,0,5359,18998,0,1,10,-420,2137,22497,0,0,42,0,5233,20498,0,2,31,0,5200,21330,1,1,16,-420,3607,26163,0,1,37,-420,95,19831,0,1,57,30,6786,9165,1,0,34,-420,1263,20330,0,1,32,0,10054,27663,0,0,19,0,6303,19330,0,1,20,-420,1425,28663,0,0,15,-210,3994,19164,1,1,12,-420,32688,55660,0,0,26,-30,9642,60992,1,1,29,-120,3704,13998,1,0,30,-420,3377,23664,1,1,24,150,4819,16998,1,1,21,0,4501,7999,1,0,52,-420,16127,38161,0,1,58,-150,2511,9499,0,1,59,-60,8717,12498,1,0,23,210,11126,35995,1,0,63,-120,5311,15831,1,1,47,-180,3691,10499,1,1,60,-120,11177,20331,1,1,39,90,3373,9165,0,0,36,90,1682,7499,1,1,41,0,7968,9999,0,2,3,420,7851,43495,1,420,10523,56659,35,420,1031,29163,54,-270,3795,16331,64,150,1021,15998,25,420,3267,31829,7,420,4161,30496,56,-360,3050,17831,5,240,7925,23663,48,150,1640,8998,49,420,4612,30496,40,-120,258,14498,51,420,5020,29996,62,90,11326,21997,13,180,2262,12499,14,60,33427,48493,50,0,13508,18497,18,0,5215,38829,43,-120,3010,13665,8,-90,4885,30829,61,420,559,35995,28,420,4933,36162,22,-420,4362,29830,33,420,7622,38162,11,210,7121,21330,38,420,2712,30329,46,120,2539,16665,9,420,1197,24497,44,420,4416,25830,27,120,3644,14331,53,90,2257,7833,6,420,4536,27996,3.875,3.666666667
fc8e71bc,3,2,1,26,5,12,2,56,0,13664,36828,1,1,26,150,5002,18332,1,1,2,180,13332,28163,0,0,21,0,4853,31996,1,1,43,0,8314,14332,0,1,11,210,5035,18164,0,0,54,0,12664,53826,0,2,33,120,3367,14332,1,1,63,0,5020,15164,0,1,3,240,4358,17498,0,1,5,150,4984,15664,1,0,16,0,18256,18331,0,1,31,210,4622,22663,0,0,38,0,5037,11499,0,1,62,0,4465,10166,0,0,36,0,3924,13831,1,1,19,0,4783,25497,0,0,48,0,14662,14665,1,1,32,0,4279,4333,1,0,59,0,4788,19498,1,1,42,0,11695,18331,1,1,41,0,5069,10165,1,0,40,0,4557,11332,0,1,7,210,5632,17998,0,1,58,0,8365,27330,1,0,60,60,5471,27163,1,0,34,-30,4539,25830,1,1,13,180,8312,21664,1,1,1,150,6323,35662,1,1,27,240,6138,20998,0,0,30,0,4631,9665,1,1,35,0,5700,5833,0,2,29,0,6457,20664,6,210,4597,21497,4,60,3993,9999,28,0,3704,19831,51,0,6873,6999,22,240,3016,19830,10,180,3990,14831,49,0,6670,11498,39,0,3973,4000,45,0,5230,10832,37,0,3989,3999,53,0,8933,8999,23,240,1661,14998,9,150,10755,26830,14,210,3926,17498,61,90,5065,16997,24,270,4607,23830,18,0,5366,6166,15,0,4805,5166,47,0,5380,11832,46,0,38265,52160,8,180,6694,19830,52,0,18985,28830,12,210,8205,21830,55,0,9199,12832,64,0,3844,4000,50,0,9803,18664,20,150,3491,12499,25,240,7557,22997,44,0,11480,17831,57,0,6813,6832,17,0,4902,14165,2.625,2.833333333
cc1ed2b3,4,2,2,31,1,16,2,41,30,5195,17165,1,1,25,-30,10600,16998,1,1,50,210,3815,16331,0,0,10,30,5565,39328,1,1,35,-60,7226,12165,0,1,15,-30,8086,36329,0,0,57,90,4591,10832,0,2,54,-120,10543,25497,1,1,45,60,19687,24663,0,1,2,-30,13723,33829,0,1,40,150,3766,15498,1,0,19,30,26140,51160,0,1,34,150,4551,13665,0,0,24,30,18961,24330,0,1,29,90,5496,13165,0,0,43,60,5700,12498,1,1,59,30,8525,31163,0,0,26,120,3354,10498,1,1,4,90,4878,12498,1,0,52,-60,8691,28830,1,1,38,60,9798,31829,1,1,60,-30,24993,31162,1,0,32,120,3626,12332,0,1,63,60,19907,33995,0,1,8,240,2420,17831,1,0,18,30,4445,10832,1,0,42,-60,5334,16998,1,1,22,60,7155,15331,1,1,21,-30,4560,10165,1,1,58,180,3025,14665,0,0,16,330,3778,25330,1,1,61,-30,18941,26330,0,2,48,300,2,16831,36,180,3452,11498,64,-30,17283,23831,47,150,3722,10832,6,420,2659,31329,49,-60,3317,8332,5,180,6111,20497,46,-60,3817,8998,23,240,4010,17998,55,-60,7201,39329,51,150,14973,23164,27,330,3835,20331,39,300,1637,17832,31,0,6488,21331,20,300,3249,20330,13,240,3444,13832,7,300,3197,24330,37,420,132,25163,62,150,4810,30996,44,300,3030,17997,12,90,5308,15165,56,90,3858,8832,1,180,12462,43661,14,420,586,24330,9,90,5253,14332,3,120,5055,20830,53,90,5103,21830,30,-60,15394,30662,11,300,3401,20997,17,180,3727,22164,28,300,4468,21663,33,30,11461,18997,3.75,3.666666667
714454bb,3,2,2,19,5,12,2,63,-60,4069,16998,1,1,62,150,4838,27496,1,1,55,90,4454,14332,0,0,2,-60,12071,32662,1,1,60,30,13207,30329,0,1,45,-30,5533,24497,0,0,13,90,6392,16665,0,2,26,150,3213,14498,1,1,41,0,4261,14331,0,1,5,-30,8816,17831,0,1,39,60,4380,13665,1,0,11,30,3582,12832,0,1,33,90,2865,35663,0,0,14,-30,4311,15831,0,1,54,30,10054,16664,0,0,53,30,7999,15998,1,1,61,-150,20121,51326,0,0,42,-30,3525,10665,1,1,23,-60,2398,14499,1,0,44,-30,7682,16665,1,1,49,-30,5780,14998,1,1,8,30,4764,10332,1,0,10,60,5472,20664,0,1,21,-30,7376,16331,0,1,22,30,7846,18331,1,0,20,0,11163,27496,1,0,40,-60,4667,18831,1,1,28,-60,6652,24997,1,1,57,-210,5081,22331,1,1,25,180,3398,25497,0,0,32,60,6512,16831,1,1,19,60,4277,16497,0,2,47,30,3660,11332,1,240,10238,49160,4,150,239,23830,34,30,6099,15998,38,60,2738,10166,51,90,10210,29329,31,120,3589,15165,18,-60,4818,25497,52,300,1597,26163,36,-150,4162,16998,59,90,11231,18998,6,60,6379,16831,58,210,3394,19997,50,240,2083,25330,15,360,4324,34829,29,210,5065,21497,3,60,4780,13999,9,180,4786,18831,46,180,600,13999,30,150,98,20997,43,330,4970,30163,48,120,5172,32829,27,270,3921,21164,64,120,1209,9666,24,360,3468,30663,37,270,4094,22497,16,210,5046,24163,12,330,5618,30330,56,420,3903,30829,7,120,1292,13498,17,180,4273,23163,35,-30,4813,11832,4,4
bfd6f2e7,2,1,2,26,2,12,2,8,-150,18632,41828,1,1,60,120,6883,13998,1,1,23,-330,6786,23497,0,0,16,-240,6238,21330,1,1,26,180,10731,22664,0,1,22,-300,6486,20497,0,0,15,210,5779,18498,0,2,41,-270,15021,27997,1,1,53,330,4484,27329,0,1,39,330,5862,22664,0,1,35,330,4477,17164,1,0,49,-300,5527,20164,0,1,14,-420,5322,25330,0,0,47,270,7339,25496,0,1,57,-360,5984,20331,0,0,37,300,5377,25330,1,1,42,-270,7595,20664,0,0,29,-240,8361,34162,1,1,30,360,5892,31829,1,0,4,-330,10560,51493,1,1,24,300,7192,26663,1,1,28,-360,6228,20331,1,0,19,-330,6919,24330,0,1,3,-90,45050,97821,0,1,58,-60,9604,29830,1,0,9,120,19293,32829,1,0,63,-420,4944,25330,1,1,11,180,11509,25663,1,1,43,180,6998,18331,1,1,7,180,23665,37662,0,0,25,330,7358,31829,1,1,54,270,5558,23997,0,2,12,-420,11656,31829,33,-420,9059,27497,44,-420,8097,28330,17,-240,22639,41995,1,-420,53797,95321,38,-420,5628,28163,32,-420,10354,29663,40,-420,39739,61658,10,-420,24357,45494,46,-420,9037,32496,50,-420,12387,42827,5,-420,27308,50661,34,-420,7447,28330,52,-420,11403,31162,20,-420,12726,31496,48,-420,10736,33829,56,-420,35490,55993,55,-420,7482,26163,59,-420,9919,30663,51,-420,19434,41162,18,-420,8935,29330,36,-420,7950,23663,21,-420,11701,31662,62,-420,9697,29996,27,-420,8778,27663,31,-420,13135,44661,61,-420,15751,34495,45,-420,9418,34162,6,-420,11343,35829,2,-420,24382,45661,64,-420,6010,22663,13,-420,8451,29663,3.5,4
2905ddca,4,2,1,24,2,13,2,19,90,3287,9165,1,1,63,150,5163,13665,1,1,9,210,6047,17664,0,0,31,90,2117,8499,1,1,32,90,3555,9999,0,1,29,150,4493,14832,0,0,13,60,2507,6333,0,2,59,90,3221,10165,1,1,17,60,6113,11998,0,1,42,150,5877,15332,0,1,37,150,3521,12498,1,0,40,120,5315,13165,0,1,24,210,4144,19498,0,0,34,120,3172,12332,0,1,3,-60,8072,33163,0,0,12,90,3774,8665,1,1,61,90,5152,12498,0,0,22,90,3989,10998,1,1,21,150,14996,23330,1,0,11,90,4010,9665,1,1,28,90,7927,14331,1,1,56,120,2974,11498,1,0,5,150,4640,17165,0,1,38,90,5554,12165,0,1,30,120,2975,13165,1,0,53,30,2815,6666,1,0,60,90,5769,13331,1,1,18,90,4575,9498,1,1,26,180,1189,10666,1,1,15,90,3969,10165,0,0,6,90,3863,13665,1,1,48,120,5549,15498,0,2,27,180,3200,16164,16,90,6335,14499,44,90,936,9998,20,150,3989,16498,25,90,7126,13998,57,210,1977,15498,43,150,5373,20998,39,150,2693,11832,1,0,22245,94488,51,90,4330,13165,46,120,4241,15832,8,60,4800,27330,14,90,3691,9665,45,60,3288,10665,54,90,2959,11165,23,120,3394,12665,64,180,3466,13498,2,60,7711,29163,7,0,7431,11665,55,120,2979,12332,62,150,2417,12165,47,90,4304,12998,4,60,4980,17664,35,210,4526,20497,50,120,3975,12998,52,60,3557,9499,41,120,5051,13331,36,150,5805,16165,58,180,3729,16664,33,420,3654,35329,10,60,6617,12665,49,120,3546,13332,3.5,3.666666667
a7032301,1,1,2,22,2,14,2,9,360,4011,28330,1,1,3,420,2640,26997,1,1,14,270,3694,22497,0,0,50,-60,6096,16498,1,1,47,120,10970,22497,0,1,2,420,5487,47494,0,0,60,270,3526,20497,0,2,61,0,19388,22331,1,1,13,270,4039,22664,0,1,57,-180,6510,24164,0,1,22,150,3482,13831,1,0,17,420,4193,35329,0,1,53,-420,5135,34662,0,0,4,420,3437,28830,0,1,12,-180,511,15664,0,0,10,150,5117,16498,1,1,36,-420,1167,29496,0,0,59,270,3609,19331,1,1,44,-150,3373,11999,1,0,27,-180,2979,20997,1,1,35,240,12469,29662,1,1,16,-90,5174,19664,1,0,5,420,5518,31663,0,1,6,420,3881,30663,0,1,41,60,3335,12666,1,0,31,0,5554,20498,1,0,48,-360,3033,23164,1,1,19,420,13428,46327,1,1,64,-150,119,8165,1,1,56,180,4124,18831,0,0,45,60,7897,11999,1,1,30,210,3339,30496,0,2,54,0,9260,27163,23,420,5362,39662,26,-30,11113,16498,34,0,8149,27997,62,240,5729,21164,42,0,18695,37329,29,0,7223,20831,8,-240,3693,28996,7,0,5761,20664,52,0,10920,26496,40,120,5360,37495,24,90,6425,19664,11,270,3293,22331,39,150,4176,19165,46,240,7293,19831,15,150,13062,22664,38,-120,5605,22497,21,-60,4356,9666,58,420,3888,27330,20,60,8874,20997,43,420,3607,39328,49,150,3310,14831,28,0,5829,22497,55,0,8147,23330,63,420,6045,30829,51,210,2619,13165,25,-120,9958,32996,18,90,8567,21164,37,120,5525,18998,1,120,12804,68324,32,0,9859,43328,33,120,7725,33996,2.5,2.5
207d48ca,1,1,1,18,2,10,2,34,0,4498,21195,1,1,33,60,22017,54586,1,1,16,-60,12995,41389,0,0,31,-90,8219,24793,1,1,19,0,7964,28992,0,1,29,-150,5506,24594,0,0,64,0,8513,10598,0,2,54,0,16922,40590,1,1,55,-30,3839,14797,0,1,43,-90,7978,20595,0,1,30,-240,9819,53786,1,0,46,0,5229,24194,0,1,48,-120,11805,28993,0,0,44,0,6470,28193,0,1,17,-420,6903,30192,0,0,40,0,7541,7598,1,1,32,-90,14722,31192,0,0,10,-120,5000,26793,1,1,57,-420,8405,31992,1,0,11,-180,8843,30992,1,1,52,0,10339,20995,1,1,1,0,26364,125169,1,0,5,-180,20585,43189,0,1,53,60,17139,23794,0,1,37,-60,10073,21594,1,0,63,-240,7316,37990,1,0,6,-300,7323,43789,1,1,18,-270,9317,40389,1,1,35,-180,6091,53787,1,1,27,0,18437,49987,0,0,15,-120,5501,29792,1,1,42,-60,5773,31792,0,2,8,60,4117,25794,20,210,3479,24593,12,150,7199,28193,4,90,4372,22994,39,0,11577,28793,41,0,21821,57785,59,60,9456,42189,22,-120,1257,15396,49,90,40980,54186,25,-240,2018,23394,7,180,10652,28593,56,120,9351,25593,23,60,6439,32592,24,120,6314,19595,60,240,5475,28793,36,60,7151,18395,38,-60,11326,50187,58,30,7710,33191,51,210,6885,29393,62,-60,16020,34391,47,120,5693,19595,45,-60,11245,29198,26,300,7762,38191,9,420,5282,44589,28,300,6629,42190,50,300,3681,22394,14,90,5369,18395,2,120,5502,27793,61,60,4059,11197,13,270,3405,29593,3,-90,14748,30393,21,120,6993,20795,3.125,3.333333333
8b74109a,1,1,2,23,1,16,2,3,-210,3138,21663,1,1,57,0,6541,26996,1,1,49,90,2531,6999,0,0,46,-60,3360,9499,1,1,25,-120,3053,14831,0,1,9,-150,7173,21498,0,0,50,-60,2706,7833,0,2,58,-30,3748,8999,1,1,28,-90,3282,12165,0,1,29,-180,3291,11832,0,1,22,60,3525,12665,1,0,17,-150,3233,15332,0,1,36,-60,2773,7499,0,0,48,-90,2623,7666,0,1,19,-60,8592,12998,0,0,52,-90,5900,13832,1,1,13,-150,3347,10332,0,0,59,0,3750,16331,1,1,41,-60,3893,9166,1,0,31,0,6506,19331,1,1,47,-90,3358,7666,1,1,11,-150,3533,10998,1,0,30,-270,3193,13998,0,1,39,-150,2901,11831,0,1,5,-30,6220,20997,1,0,32,-30,3798,8666,1,0,10,-120,3565,11332,1,1,4,-120,30878,38495,1,1,45,-90,7358,11332,1,1,8,-150,5896,17498,0,0,62,-60,4542,8999,1,1,37,90,3618,13332,0,2,63,270,3650,29829,40,210,3217,14665,42,240,3895,15831,16,330,3506,33996,38,240,2834,14998,1,330,1500,56826,56,60,3380,8332,26,330,2809,22663,33,330,2820,27663,23,180,3246,22164,54,150,6491,14998,43,330,4019,33329,6,330,4124,41495,12,330,4677,27330,21,330,4200,27330,60,150,3330,11666,27,210,4858,18497,61,210,3011,20331,14,330,3176,29663,53,180,5010,31162,44,150,3446,12832,15,360,4293,33996,51,60,13251,43161,20,330,4191,32162,55,30,4523,16498,34,240,1574,16331,18,330,3049,23330,7,360,8337,41162,24,210,2643,23164,64,210,7355,21998,35,300,2554,18331,2,270,4165,27330,4.75,4.666666667
638475c2,1,1,1,26,1,18,2,3,0,5568,96488,1,1,16,0,3755,9332,1,1,48,0,4561,25830,0,0,39,0,4023,14165,1,1,59,0,4131,32829,0,1,1,0,14601,47828,0,0,4,0,14804,25663,0,2,45,0,4033,34495,1,1,37,0,5759,18164,0,1,10,0,13399,29996,0,1,38,0,4588,19831,1,0,2,0,7537,51993,0,1,53,0,3955,4332,0,0,56,0,5024,43494,0,1,46,0,3862,54660,0,0,47,0,5483,36996,1,1,43,0,10636,41828,0,0,27,0,5207,10999,1,1,15,0,5568,19497,1,0,11,0,9963,18664,1,1,26,0,3900,30496,1,1,40,0,4057,18998,1,0,23,0,5098,9832,0,1,22,0,5287,49993,0,1,60,0,9251,56159,1,0,44,0,3292,33162,1,0,18,0,5100,28497,1,1,64,0,3497,9832,1,1,9,0,11784,34329,1,1,33,0,3886,10332,0,0,5,0,7834,30163,1,1,57,0,4246,41656,0,2,62,330,4533,21497,8,270,3408,20498,25,330,2627,19331,42,240,4614,15999,31,360,4652,22331,32,330,4749,23164,58,300,4258,18831,21,360,3909,23497,41,240,3850,18331,6,270,4167,36328,29,330,3387,26163,12,210,6740,29163,28,330,3732,29496,36,210,2408,13332,17,300,1687,19664,61,210,3573,19498,24,390,3077,20998,50,330,4479,24497,14,360,4529,25830,19,330,3264,23830,35,210,4388,15331,63,330,4277,26164,13,360,4575,24497,30,330,3721,21997,55,270,4453,18664,7,240,4707,22330,34,330,2861,21664,54,240,2700,13831,51,360,4102,22164,52,330,3319,18664,20,330,4735,22664,49,360,3172,21164,3.5,3.666666667
f3d6ab5b,1,1,2,29,2,16,2,44,270,15218,47327,1,1,43,240,22023,42828,1,1,28,420,5419,38828,0,0,55,120,15341,39328,1,1,15,180,12561,25330,0,1,35,390,6728,31829,0,0,1,420,10213,56159,0,2,58,90,16509,34829,1,1,63,90,8588,29830,0,1,36,150,28373,41328,0,1,49,390,11746,48327,1,0,5,390,4253,32496,0,1,40,120,21423,33996,0,0,52,270,11407,45994,0,1,6,120,5016,17831,0,0,54,180,19333,43661,1,1,31,0,25768,35829,0,0,64,360,13362,42994,1,1,13,390,4457,27996,1,0,47,150,15634,30330,1,1,4,420,6646,33829,1,1,41,180,15091,36162,1,0,27,420,5500,38328,0,1,34,150,12434,30329,0,1,23,330,14278,34995,1,0,57,420,9589,41828,1,0,10,30,17392,42161,1,1,42,330,23456,42994,1,1,62,420,6647,26996,1,1,25,120,11759,30496,0,0,59,300,12376,34162,1,1,53,300,21683,43161,0,2,61,60,6540,23663,7,390,3144,29329,60,30,26367,41328,46,150,22757,45328,30,120,15899,28996,32,180,6342,29829,26,0,41244,48661,56,30,22734,27663,2,360,8575,40662,29,30,23898,32829,21,60,10197,17498,12,0,18926,43994,33,60,29057,61492,11,120,15045,27329,37,420,6609,37662,9,60,8356,20997,39,150,17852,34829,20,0,16325,38662,48,60,32859,37995,24,30,15247,38162,22,210,12324,34495,45,150,37114,63825,8,270,4834,28997,19,150,9293,33662,18,240,6258,31162,50,0,25044,40329,3,300,5424,27496,38,0,27198,40161,17,60,10598,17331,14,90,15284,29330,16,240,22876,41662,51,0,53700,53827,4.5,4.833333333
0eb802f1,3,2,1,30,2,12,2,54,30,9713,66325,1,1,38,90,5887,19665,1,1,46,240,7112,32996,0,0,28,-60,9411,19831,1,1,62,0,13532,24663,0,1,44,30,9363,34829,0,0,53,0,20052,81656,0,2,32,30,14177,51326,1,1,16,180,4926,44994,0,1,2,-30,9074,24496,0,1,14,120,6374,23164,1,0,33,-120,5406,22164,0,1,64,-420,4025,26163,0,0,50,-60,4324,12332,0,1,9,210,6516,28663,0,0,13,-60,27585,35828,1,1,39,-420,4307,40495,0,0,56,-180,5305,21497,1,1,18,420,5700,48160,1,0,41,120,4487,21497,1,1,35,-90,7859,25830,1,1,10,-210,5016,22163,1,0,4,90,7816,22163,0,1,47,0,16785,22497,0,1,6,90,15153,28496,1,0,37,150,6484,23663,1,0,25,-60,11935,23164,1,1,49,0,5086,36829,1,1,55,-120,5215,24163,1,1,17,-150,6546,30330,0,0,1,-60,12605,41661,1,1,57,-180,7285,25996,0,2,42,-150,14531,69825,59,180,5147,26663,29,-90,15843,54660,52,120,4663,16498,34,0,16164,46161,23,0,15734,41828,27,150,22700,53327,61,-120,12847,44661,7,-120,18034,42328,63,-90,35950,41662,8,-120,6630,21997,20,90,47879,70658,12,120,5311,25996,3,150,5545,24497,60,180,5668,30663,19,30,8274,31829,40,-60,38736,52494,24,-90,11040,42661,45,60,9628,27663,36,60,5250,48161,30,30,6118,45327,51,90,6400,15998,21,90,34879,74324,31,-120,7532,23664,58,90,10359,26163,22,-120,17359,29496,48,30,12749,48827,26,-150,30687,52493,15,180,12424,38328,5,90,18749,52827,11,90,22275,71824,43,90,6580,71325,2.875,3.166666667
8854539e,3,2,2,21,2,14,2,52,240,11258,31996,1,1,15,210,3986,29329,1,1,47,300,6234,30996,0,0,55,270,22,22164,1,1,19,270,48,19831,0,1,9,240,5467,39162,0,0,25,270,5564,28997,0,2,16,240,3574,28830,1,1,12,240,4979,33829,0,1,18,150,6000,20497,0,1,24,240,2720,28164,1,0,28,270,10642,37496,0,1,62,270,3489,30829,0,0,10,210,5859,39162,0,1,29,240,7981,32496,0,0,2,180,5640,22497,1,1,22,150,4128,19497,0,0,48,270,3308,37828,1,1,13,120,13549,32662,1,0,58,270,3895,28330,1,1,26,270,11175,37495,1,1,42,300,6515,46494,1,0,14,90,6934,17831,0,1,64,240,16042,41828,0,1,32,270,4053,30496,1,0,43,180,6963,68491,1,0,57,240,169,24163,1,1,45,180,13989,42328,1,1,8,240,5990,37828,1,1,1,240,16032,86156,0,0,46,270,6535,40495,1,1,5,210,6595,33829,0,2,17,-240,5816,45327,31,-210,9524,40828,61,-240,3599,23997,60,-210,3960,16332,44,-180,4175,18331,49,-360,3817,52326,41,-180,7456,26663,54,-210,19,17833,50,-240,5978,22164,51,-270,5255,19831,56,-180,2046,13332,36,-150,3759,21330,40,-210,5815,30330,11,-270,4907,27996,53,-270,177,19497,23,-180,17795,32329,39,-150,4051,25164,37,-150,5970,31663,7,-180,6978,44495,35,-240,5972,60826,3,-150,3998,33662,30,-420,3888,30996,6,-180,9148,23163,20,-210,4510,29830,63,-270,2548,18665,34,-240,9676,60658,59,-270,226,18498,38,-210,2778,16331,21,-150,9622,42494,27,-150,4854,34662,4,-150,6089,21331,33,240,6597,34162,3.875,4
2911bf62,1,1,2,22,4,16,2,62,90,11131,32995,1,1,63,270,2558,19497,1,1,33,270,3554,22164,0,0,51,90,4510,13498,1,1,8,150,4690,16331,0,1,24,30,7890,27663,0,0,6,420,2772,26163,0,2,25,60,2824,14831,1,1,7,180,2866,18664,0,1,3,90,7009,24497,0,1,45,210,3600,17165,1,0,48,210,2435,20664,0,1,13,270,3392,20830,0,0,20,360,3008,22164,0,1,10,-120,8134,21830,0,0,9,210,3993,19331,1,1,41,-210,2639,22164,0,0,61,120,2025,9499,1,1,52,120,3743,11998,1,0,30,-180,3177,15998,1,1,37,210,3052,24664,1,1,38,-120,3422,14332,1,0,14,180,6738,21164,0,1,54,120,9903,18831,0,1,1,420,23970,66658,1,0,12,150,3165,16664,1,0,60,-270,3468,34829,1,1,50,150,15761,23830,1,1,15,-210,2791,18498,1,1,29,330,3628,19997,0,0,18,360,2906,22164,1,1,58,150,2553,14331,0,2,17,120,3000,13831,35,240,2562,21830,47,210,2916,15998,46,120,3116,15831,2,420,4679,38328,64,420,449,30163,19,420,2463,24164,31,420,1679,23164,40,420,3799,27164,32,210,2696,15165,59,360,4476,40662,28,420,8490,36995,11,420,2538,27496,49,210,4615,16331,27,330,2569,23163,36,390,2908,22663,26,0,3334,10998,16,120,3727,13998,56,390,7247,42995,5,420,2932,23997,44,90,4764,13331,57,420,3306,23497,21,420,2191,24663,39,210,2941,23163,34,420,3290,27496,22,420,3337,25163,42,420,3106,26830,4,210,3222,28663,23,420,3648,39995,43,180,4871,21831,55,120,2707,19165,53,240,3289,15665,4.125,4.5
f0393427,1,1,1,23,1,16,2,31,270,3579,21164,1,1,47,420,2168,21331,1,1,15,180,2344,22330,0,0,61,-180,2921,21497,1,1,52,60,5445,20831,0,1,18,360,2376,23831,0,0,7,150,3326,15332,0,2,23,180,3580,38995,1,1,62,360,168,19997,0,1,34,330,2906,23331,0,1,5,420,3892,27164,1,0,16,-60,6383,17831,0,1,25,210,4952,27163,0,0,10,330,448,22998,0,1,59,150,2977,12499,0,0,24,270,3579,22331,1,1,55,0,6480,17498,0,0,46,150,366,34496,1,1,48,-150,3070,24997,1,0,4,240,4034,37828,1,1,13,420,3780,28496,1,1,37,180,4157,15665,1,0,39,420,2606,26997,0,1,29,0,23348,44828,0,1,9,180,2473,14665,1,0,44,300,206,19165,1,0,6,-60,34626,46994,1,1,38,420,3309,26330,1,1,30,330,3611,31329,1,1,19,420,2466,30496,0,0,32,420,2982,31330,1,1,64,330,2504,19497,0,2,3,0,13975,13998,51,240,3066,11998,12,90,14538,42495,33,60,3844,9665,49,0,14728,27996,60,210,3360,13665,1,180,16674,54326,2,0,12859,34996,22,210,6530,27997,20,0,4750,41661,58,180,2894,11832,26,0,11801,21664,17,180,3359,19164,54,30,6315,9999,40,420,2644,24497,53,300,3718,18498,11,90,4689,18331,8,270,3510,22997,14,60,6132,31996,41,90,11811,34829,45,240,3559,21997,50,120,13190,20831,42,240,3589,17164,21,150,2527,19330,56,60,3464,7666,43,420,2776,23997,36,0,8877,21664,28,30,13321,44661,35,420,3236,25330,57,0,9055,17664,63,180,2638,23997,27,30,9811,17498,4.875,4.833333333
83590d32,2,1,1,27,2,16,2,29,0,3200,7166,1,1,58,0,3452,23831,1,1,47,0,3820,9332,0,0,38,0,2119,5666,1,1,4,-420,12175,44494,0,1,53,0,3131,6666,0,0,26,-30,4648,9332,0,2,41,0,4233,8665,1,1,63,0,3782,8166,0,1,44,0,4268,8333,0,1,61,0,3819,8166,1,0,2,0,5471,18831,0,1,13,-420,3323,27163,0,0,1,-30,45688,71324,0,1,25,-420,3396,36995,0,0,20,0,2988,6999,1,1,39,0,3885,8333,0,0,5,0,7773,14165,1,1,10,-420,2771,25663,1,0,7,0,4919,13831,1,1,9,0,4129,8832,1,1,62,0,4964,18665,1,0,56,0,4622,8166,0,1,55,0,6806,11498,0,1,45,420,3986,44828,1,0,35,-420,2492,27996,1,0,32,0,2887,11166,1,1,8,0,4091,8499,1,1,3,0,39253,50327,1,1,22,0,3081,6999,0,0,60,0,4467,8832,1,1,30,0,2556,9165,0,2,49,0,11353,17664,50,0,2197,2333,12,240,4636,23663,34,0,4425,4500,28,0,2590,7332,19,0,4700,6166,36,0,4156,9166,15,0,5227,5333,42,0,16145,16164,18,0,3652,7333,43,0,11535,18331,57,0,5210,8666,24,0,4234,8165,64,0,3708,7999,59,0,5382,9999,37,0,3274,6832,17,0,3786,8332,46,0,4152,4499,23,0,5062,8665,16,0,3308,4166,51,0,3315,3333,54,0,5390,8999,27,-30,3106,5167,48,0,3155,6665,52,0,3293,10166,11,300,4555,28496,33,0,3099,3166,40,0,4109,4833,21,0,2930,3000,31,0,2795,6499,6,240,2289,23664,14,60,5881,12665,2.125,2
27a60bab,3,2,1,20,1,13,2,11,120,7010,19164,1,1,13,180,4239,15928,1,1,18,330,7281,25830,0,0,45,180,3439,18330,1,1,7,330,4602,22330,0,1,60,270,2684,17831,0,0,33,300,3189,27496,0,2,28,90,5908,23163,1,1,5,120,6334,19164,0,1,4,390,5407,36328,0,1,8,330,4266,28330,1,0,58,150,2844,10332,0,1,29,300,3532,31496,0,0,35,270,3269,19164,0,1,34,330,2486,23164,0,0,22,90,5052,14165,1,1,40,0,10652,39828,0,0,19,210,4075,23497,1,1,42,300,1979,17165,1,0,14,210,3334,22498,1,1,9,210,6167,23164,1,1,32,180,4470,16331,1,0,50,330,2863,29496,0,1,52,210,3561,14665,0,1,61,90,3224,9333,1,0,64,180,3288,11998,1,0,30,-90,26869,37661,1,1,12,270,3941,22330,1,1,48,270,3116,18164,1,1,21,150,8239,18331,0,0,62,210,3205,16165,1,1,54,330,3219,18831,0,2,57,390,1744,19831,51,240,2458,13832,15,90,4295,11665,36,150,3242,27829,39,390,2667,22831,38,360,4189,26997,23,120,7374,18497,56,390,3040,22497,24,300,3295,23330,55,60,14046,46327,41,240,3029,18831,26,360,3749,24997,6,330,3466,22831,46,120,8233,17665,53,150,3501,10498,17,390,3125,29830,44,330,2755,17998,16,420,4540,26329,2,360,4622,33829,47,420,2247,24164,1,330,17763,88655,63,390,4805,24331,27,420,4893,38828,59,150,3959,13665,10,120,44943,60492,49,60,16782,21663,25,330,4027,25497,43,60,7531,15832,37,420,2417,28330,31,300,5025,27997,20,330,3819,23664,3,150,9777,25497,4.625,4.833333333
529473f2,3,2,1,23,1,16,2,38,240,2859,12332,1,1,15,240,3423,16831,1,1,64,240,2747,18164,0,0,43,-150,2808,9665,1,1,34,-150,4961,13332,0,1,58,240,2469,17664,0,0,35,180,3177,11498,0,2,54,210,3739,14498,1,1,60,90,5388,15831,0,1,46,240,4743,15998,0,1,63,60,18893,33163,1,0,20,-210,3662,14665,0,1,23,210,4769,13832,0,0,27,150,5423,29829,0,1,19,420,3199,26830,0,0,41,-120,6603,13499,1,1,42,210,3775,14832,0,0,49,120,4984,9165,1,1,61,-240,2707,14498,1,0,4,60,6390,14832,1,1,18,-90,16184,22830,1,1,12,60,31083,39495,1,0,36,180,3975,14498,0,1,14,-150,5558,14832,0,1,51,120,5663,10499,1,0,53,-120,3871,8499,1,0,39,-210,12589,34329,1,1,8,120,7894,32663,1,1,25,-210,4104,13998,1,1,47,270,2979,16498,0,0,1,120,34466,72158,1,1,9,90,3338,15665,0,2,48,-210,6035,16164,24,-120,10745,17165,3,270,4990,20164,52,-180,4125,11998,30,150,3765,10999,21,-150,4538,14332,28,-180,21054,30496,40,-120,6811,12499,44,120,2612,7332,16,-60,25700,34329,29,-60,4983,9499,32,-90,6736,15665,26,-90,13800,20164,62,-90,10150,16665,11,120,3601,14498,33,-240,3105,15165,59,90,9309,16998,50,120,12420,23997,31,-210,23024,35995,10,-90,12343,18664,7,30,4538,44161,57,150,4867,12665,6,390,4870,28997,55,-90,5808,9999,22,-120,3644,10499,13,360,5776,23664,37,-180,9094,15665,45,-150,4268,12832,56,-180,12900,22164,2,90,15789,24997,17,150,7975,19331,5,210,3662,24163,4.25,4.333333333
70ba5a62,4,2,1,26,1,12,2,29,-30,3229,8198,1,1,34,90,6280,10997,1,1,58,60,3560,9398,0,0,50,0,3130,14996,1,1,31,90,7020,11797,0,1,10,60,4519,10597,0,0,47,60,12316,16196,0,2,22,60,3773,8597,1,1,54,30,5405,9198,0,1,21,0,3454,6198,0,1,18,0,4145,9797,1,0,28,90,3659,8398,0,1,46,60,3647,7998,0,0,9,30,17756,22794,0,1,33,90,8769,16795,0,0,6,150,3837,12197,1,1,25,0,4561,9998,0,0,19,-60,3816,8198,1,1,62,0,14957,14996,1,0,52,-90,4274,7998,1,1,45,60,3627,6599,1,1,27,30,3471,7999,1,0,59,-30,10450,13598,0,1,4,120,3115,13797,0,1,2,30,5248,9598,1,0,7,-90,3797,11397,1,0,12,-60,4727,10797,1,1,40,0,4922,13596,1,1,1,90,54565,184753,1,1,32,30,5058,9197,0,0,8,60,4328,9398,1,1,20,150,3914,14196,0,2,5,120,3856,13797,3,30,4138,8798,44,60,5708,11598,14,30,4792,9797,48,-60,10327,22194,42,90,4195,8797,15,60,7192,11997,57,-30,7328,20795,43,30,5675,14396,38,0,10280,10398,24,0,8068,24194,23,0,11293,23394,39,0,7121,17196,64,0,1551,1600,61,0,27621,33991,17,60,4336,9797,51,0,8223,18396,36,0,5677,15996,13,0,11767,28992,37,30,9648,13797,63,0,10869,16996,55,0,8434,17996,49,0,7432,7598,16,30,10954,15196,26,-30,3761,7798,11,120,13331,37791,56,30,3976,12397,41,-30,9273,13196,35,-30,14801,29593,60,0,3221,9398,53,60,4434,9598,30,30,6979,10997,3.75,3.833333333
383e2773,1,1,2,18,1,12,2,3,300,38327,62992,1,1,53,300,3899,46994,1,1,35,210,4028,16165,0,0,37,90,5055,9666,1,1,23,30,12855,17831,0,1,8,180,3010,15831,0,0,20,150,4594,14332,0,2,59,90,6243,11166,1,1,12,210,4131,17664,0,1,48,240,5478,21997,0,1,30,210,4314,17498,1,0,55,150,4949,15165,0,1,7,210,5316,23831,0,0,22,240,5637,20831,0,1,16,-240,5082,16998,0,0,19,210,6638,20831,1,1,61,-120,3577,9665,0,0,45,120,6568,15165,1,1,62,-240,2699,14332,1,0,5,240,6849,27996,1,1,38,210,3996,16998,1,1,60,180,4813,16997,1,0,6,420,3325,31663,0,1,43,180,4536,17665,0,1,18,180,3126,13165,1,0,64,180,4072,21164,1,0,2,-90,20772,41828,1,1,1,360,33469,73324,1,1,46,-150,4854,14831,1,1,49,300,5288,31662,0,0,47,150,5334,18165,1,1,50,240,5973,19998,0,2,26,-180,3743,17498,14,150,19026,33163,42,-120,4462,12498,28,-120,4396,12332,51,-120,2688,15498,11,60,4602,13999,21,-300,3217,24497,63,-150,3281,11665,17,-90,15986,21997,57,-120,4686,12498,41,90,4323,14665,52,-120,15347,21498,32,-90,4107,8999,56,-120,22922,30829,58,240,3197,16165,36,-150,4048,10832,40,-180,4722,14665,4,150,16276,32162,24,-90,8556,27163,44,120,4809,13998,29,240,4398,18331,31,-120,12584,19664,33,180,3685,15998,54,90,19229,24997,13,-90,4047,13998,15,330,3731,26496,10,-210,4445,22664,27,180,4090,14665,39,90,38069,51493,25,-150,3727,13665,9,300,17793,39995,34,60,19669,24664,3.875,4.166666667
01726336,4,2,2,29,2,13,2,30,420,3191,30162,1,1,3,420,7037,41828,1,1,59,420,8484,47494,0,0,25,420,6630,44827,1,1,56,420,5033,51660,0,1,47,-420,5132,36662,0,0,35,420,6027,36662,0,2,9,240,7929,81490,1,1,16,420,6406,50327,0,1,22,420,9961,44661,0,1,13,420,5380,47494,1,0,23,420,5644,37329,0,1,28,420,7719,35829,0,0,64,390,19061,53993,0,1,52,-360,19371,40162,0,0,20,420,4634,37995,1,1,58,-420,3818,24830,0,0,14,420,7030,35662,1,1,57,420,10917,53493,1,0,46,420,3977,37329,1,1,24,420,3856,33996,1,1,39,420,3016,37829,1,0,1,420,12750,49327,0,1,48,420,4092,29163,0,1,18,420,4821,37495,1,0,26,420,4093,37162,1,0,54,-420,7858,30829,1,1,33,420,4997,30329,1,1,62,-270,7315,130650,1,1,34,420,3902,34663,0,0,8,330,4347,37829,1,1,36,420,3846,32996,0,2,42,180,2960,23664,38,270,10317,24664,37,-300,3650,46494,31,-360,3875,28830,15,-180,6129,24497,21,-300,5579,28996,49,-210,5821,26330,19,-330,4433,28663,10,-270,4000,22497,17,-330,6260,30830,45,270,20104,36829,55,270,12133,80990,44,-240,3391,17331,29,240,3564,20331,4,150,7969,46994,53,-270,5508,26330,12,-210,33629,61326,7,-240,5364,24163,61,-300,3578,30329,60,210,5645,69991,27,300,3615,24330,2,180,13987,71657,41,-270,3603,23331,51,-330,2741,20331,32,330,8844,31163,43,330,3335,21497,5,150,5286,37828,11,-240,8358,31996,6,-300,4012,31163,50,-240,5906,23330,63,-150,35379,137149,40,-240,6010,21164,3.5,4.333333333
743662ed,3,2,2,26,2,16,2,60,210,3721,19330,1,1,43,390,5068,37995,1,1,53,390,8827,43827,0,0,9,270,5515,53827,1,1,59,360,3210,35496,0,1,48,360,6243,34496,0,0,54,300,25560,52993,0,2,44,360,5080,33663,1,1,2,270,5551,35829,0,1,40,270,5851,33329,0,1,38,390,1949,35829,1,0,11,390,3092,47494,0,1,62,330,6818,30329,0,0,31,300,4282,27330,0,1,57,420,5226,53327,0,0,49,240,7734,26663,1,1,28,300,7158,32163,0,0,10,360,6200,63825,1,1,46,390,5004,35495,1,0,36,360,4378,50994,1,1,63,300,4370,26664,1,1,50,390,5865,44661,1,0,5,390,4668,74824,0,1,1,180,22285,72991,0,1,61,360,2811,28497,1,0,22,330,2917,29496,1,0,55,120,17331,30663,1,1,52,420,3582,38662,1,1,23,390,4032,36996,1,1,56,360,3501,30496,0,0,27,300,5794,29330,1,1,45,390,4825,42995,0,2,13,240,5463,28496,3,150,7182,36495,42,210,4397,24997,26,150,6467,21330,34,180,30581,53660,41,-240,4790,25164,58,-120,4980,18831,8,180,6192,26664,18,90,6666,17831,21,-210,7359,26497,6,300,6311,96487,25,-180,6689,18664,30,180,7190,22331,4,300,6269,37662,39,180,4499,23331,20,-120,11621,39495,33,-180,6904,17998,24,120,5451,16498,47,240,5262,27497,19,-150,18865,37662,15,240,6385,27830,17,210,4881,23830,29,150,6285,19664,64,210,6411,26830,51,-270,4585,25164,32,-180,11123,23163,12,180,6522,23330,35,0,14882,15498,16,330,7990,37162,37,90,13368,32995,14,180,5971,24163,7,210,5567,28663,2.125,2
97bbe1d3,3,2,2,26,2,18,1,56,150,14,9499,1,1,29,390,3112,18998,1,1,36,210,3689,11499,0,0,9,210,3355,12332,1,1,21,150,6691,14832,0,1,5,360,4345,23330,0,0,2,390,5395,22330,0,2,3,330,5058,19997,1,1,59,180,4730,16831,0,1,55,120,6696,11332,0,1,18,210,4217,14998,1,0,12,60,4070,9832,0,1,50,90,5068,9832,0,0,15,150,3522,10332,0,1,54,90,6192,10999,0,0,62,180,3499,13165,1,1,61,210,3223,15665,0,0,34,240,3738,15665,1,1,24,330,2883,19331,1,0,40,-240,4251,12331,1,1,25,210,5086,13332,1,1,45,180,3097,11666,1,0,4,300,4955,21164,0,1,44,120,4005,8832,0,1,23,240,4564,15832,1,0,33,240,4132,15165,1,0,11,-60,5776,31663,1,1,6,30,7938,17831,1,1,49,180,9725,44660,1,1,30,270,3805,14998,0,0,19,150,4886,12498,1,1,41,180,3713,11332,0,2,60,180,3940,13832,20,150,3052,14665,13,-90,3398,17997,16,210,2913,12832,64,210,2794,12999,28,330,3225,23330,8,30,19071,42994,32,-180,4097,12499,52,210,3156,13665,31,-150,3634,10498,47,180,3421,11165,51,210,3067,13332,42,210,3419,11499,39,360,145,16997,7,420,3138,21998,35,390,2924,18331,17,150,3346,10832,26,330,3495,17331,38,300,2546,18305,58,210,3495,14831,14,270,3282,14998,22,420,2544,22331,63,240,2550,12998,43,180,2678,10332,1,240,16966,42328,10,270,3626,19830,27,390,3111,23997,46,150,3216,10499,53,420,3694,30329,37,300,2750,18998,57,180,4629,14665,48,150,5009,12999,,
eb5c646a,3,2,1,25,1,16,2,37,240,3416,19331,1,1,6,420,4253,32330,1,1,63,150,3747,9499,0,0,20,210,4563,26330,1,1,19,0,4759,4833,0,1,28,0,5637,18997,0,0,40,150,3329,10832,0,2,55,390,3378,27663,1,1,24,150,7922,16998,0,1,58,-60,11388,19331,0,1,54,120,8510,13998,1,0,62,180,4009,16831,0,1,60,240,5217,16998,0,0,32,0,5324,19498,0,1,8,-120,4942,25497,0,0,47,120,4407,10665,1,1,36,-90,10163,23997,0,0,12,150,4500,19664,1,1,16,-90,4961,14165,1,0,2,180,6363,27663,1,1,51,210,3651,15498,1,1,27,240,4691,17998,1,0,18,0,5762,7499,0,1,50,90,6521,23163,0,1,29,210,3290,13998,1,0,22,120,3222,9666,1,0,57,240,5687,17331,1,1,59,150,6115,14332,1,1,41,-120,4964,14165,1,1,64,150,3412,9832,0,0,35,150,3611,11999,1,1,11,210,6109,19831,0,2,10,90,9666,18831,1,240,8365,34996,23,0,18367,30162,13,0,8215,28996,5,120,9318,40162,44,0,6443,17831,48,0,13313,25997,53,150,3877,12832,4,0,4825,39828,33,0,11914,26497,9,180,6511,26830,61,30,22083,33662,52,360,13700,43994,43,150,3454,9499,39,240,3787,15665,17,120,4650,11832,56,-180,4559,24830,30,0,18510,30329,7,270,6699,25164,34,210,3875,15998,25,0,10918,25330,14,150,13468,28997,21,0,10922,25497,3,390,4498,28663,26,0,16269,16665,45,120,3482,9498,46,180,9364,44661,38,0,9126,24497,42,0,12345,21831,15,0,13306,35829,49,150,4780,11832,31,360,3081,21331,3.75,3.666666667
24d2226e,3,2,2,25,2,14,2,60,90,4214,9665,1,1,49,180,2247,14332,1,1,31,0,9217,19164,0,0,26,0,7880,36162,1,1,46,-90,5001,12165,0,1,1,0,46786,96154,0,0,43,-30,3940,8833,0,2,44,210,3638,19498,1,1,25,0,5296,6666,0,1,3,-90,10676,40661,0,1,54,-90,6025,13331,1,0,15,120,4606,15165,0,1,36,0,7935,17498,0,0,21,0,5425,21663,0,1,50,-90,4339,9832,0,0,48,0,9738,10665,1,1,42,30,8343,12165,0,0,4,180,5218,17998,1,1,45,-150,3231,21331,1,0,11,-90,3938,9499,1,1,62,180,4202,17831,1,1,38,0,7023,19998,1,0,39,90,2385,7999,0,1,17,30,11710,25664,0,1,34,0,21999,107986,1,0,14,90,2064,9832,1,0,51,-90,4817,11498,1,1,64,60,5002,25830,1,1,55,-120,475,10498,1,1,9,150,4442,16665,0,0,52,-90,3983,9666,1,1,63,120,6985,16498,0,2,32,60,2110,8332,22,-120,3373,8166,29,-120,9834,27497,16,-90,1844,8333,6,60,5366,17164,24,-60,2927,12499,8,-90,21922,29163,61,-210,4827,18497,53,90,7945,12665,33,-90,5125,13165,2,-210,14418,28663,7,30,7052,14832,56,60,4887,8666,19,0,8568,10665,58,-270,5715,22164,37,30,7938,27330,59,180,1002,14332,12,-90,1664,8166,18,30,4508,8499,30,-120,5644,15164,20,180,2856,13165,10,150,4695,17665,57,-240,990,16165,41,30,5368,17998,40,60,8659,14665,5,120,391,8499,13,-210,3449,14998,47,150,3710,11832,28,-90,17931,34995,35,-90,13797,19331,23,-90,5044,9832,27,-120,57629,65825,3,3.333333333
a297b230,4,2,1,29,1,12,2,9,-60,6167,28497,1,1,53,-240,12385,79490,1,1,39,-180,10028,26163,0,0,26,-210,5341,27829,1,1,49,-150,13509,51494,0,1,21,-210,7114,31496,0,0,46,-120,8858,24497,0,2,10,-90,5114,20331,1,1,32,-120,34371,52993,0,1,35,-150,4144,37329,0,1,42,-180,10645,34329,1,0,2,-30,19547,79490,0,1,56,-210,5383,29496,0,0,3,0,8170,8332,0,1,61,-180,8846,25497,0,0,15,-150,1403,19997,1,1,4,-30,4113,18164,0,0,18,-120,7600,23330,1,1,50,-120,48660,74657,1,0,31,-150,20592,93321,1,1,41,-180,14524,43828,1,1,58,-210,14560,33329,1,0,62,-210,7575,31829,0,1,16,-30,15201,22663,0,1,64,-120,5426,36496,1,0,57,-210,10798,42161,1,0,44,-180,6482,24663,1,1,20,-120,12419,31829,1,1,12,-150,9223,28996,1,1,51,180,10578,40328,0,0,59,-180,6611,33162,1,1,63,-180,5687,72158,0,2,47,90,6143,28997,25,60,4658,14831,6,60,6981,61826,19,60,6157,19331,1,0,1765,62826,38,120,30577,63325,52,120,11641,30496,13,90,8748,38496,14,30,10940,21497,11,0,6133,39328,34,90,16652,38995,45,60,6252,16165,24,30,7569,15498,54,180,5383,23664,33,60,12582,41995,40,150,17879,39328,29,60,6694,35495,17,0,5448,30829,55,120,8283,24163,30,60,31722,51327,7,90,1813,27830,22,90,7309,42328,60,150,8280,37162,43,90,52099,65325,28,60,16651,36995,5,30,6738,38828,37,90,55926,75491,23,30,5328,16331,8,90,5277,19997,27,90,4692,15498,36,60,7913,19498,48,90,5740,27663,2.625,2.833333333
db2e7b30,1,1,2,19,2,12,2,43,90,2516,15998,1,1,9,30,3521,8832,1,1,38,30,9527,16831,0,0,30,60,2238,7665,1,1,48,-210,6907,20331,0,1,35,60,11609,47827,0,0,58,-120,5485,14831,0,2,42,120,3818,21164,1,1,45,120,2834,12359,0,1,53,-180,7996,24330,0,1,57,-150,4126,12998,1,0,24,60,8730,20164,0,1,32,30,2816,8499,0,0,54,60,14633,20497,0,1,55,210,2713,15332,0,0,46,-270,5190,33995,1,1,27,-120,7364,25830,0,0,36,60,24226,30830,1,1,62,300,1878,21664,1,0,64,300,2796,15998,1,1,52,60,19193,29330,1,1,37,60,6926,12999,1,0,19,-30,6662,46327,0,1,2,0,17135,30163,0,1,21,90,3259,15664,1,0,39,60,11797,18831,1,0,61,-60,2869,15165,1,1,49,-270,6610,25164,1,1,51,-120,3506,22330,1,1,29,60,6200,17998,0,0,40,90,3754,17665,1,1,31,60,2550,6833,0,2,23,360,3460,27496,17,270,13341,31996,1,120,10106,52160,26,-150,4735,15498,6,30,5892,37829,56,420,3112,25996,7,60,3364,41328,10,-240,5730,39495,59,420,2401,31829,18,-150,4634,25830,34,420,2441,30829,3,210,4443,33829,4,420,3322,36495,20,300,8488,30329,15,420,5165,34662,25,420,4604,29330,28,-90,20852,31163,60,150,3307,20831,12,300,2971,20331,14,420,2821,25829,63,420,5521,29496,44,420,3900,28830,16,-300,7294,40995,33,420,9531,50993,22,420,3001,26663,47,420,4971,34662,41,420,3120,28329,13,330,2550,22664,5,420,2971,30829,8,300,3051,27830,50,420,12420,37828,11,420,2650,25664,2.875,3
7629f83b,3,2,2,27,2,16,2,57,-360,2668,17165,1,1,8,300,4629,49993,1,1,46,-420,1168,25330,0,0,30,-390,3417,22164,1,1,31,-390,3307,24830,0,1,56,-330,2968,21331,0,0,34,-390,7794,36663,0,2,36,-420,2384,25830,1,1,63,-420,377,24497,0,1,43,-420,2352,23830,0,1,18,150,4934,31829,1,0,52,-270,2728,15498,0,1,10,-300,6827,27663,0,0,2,0,6040,16828,0,1,40,-420,85,26330,0,0,9,300,7400,31663,1,1,24,-390,3049,22664,0,0,58,-300,697,18998,1,1,28,-420,1405,28663,1,0,19,-420,4365,31162,1,1,51,120,3186,11832,1,1,13,30,8159,41161,1,0,21,-420,3775,23997,0,1,64,-360,10735,29829,0,1,53,-300,2540,16997,1,0,16,-270,4078,31496,1,0,38,-360,2215,20498,1,1,48,-120,7203,18997,1,1,59,-300,28,16665,1,1,4,-90,7101,37328,0,0,3,-60,7706,36995,1,1,1,240,14590,55493,0,2,54,360,6282,25996,41,420,2496,26996,33,420,3289,35163,14,330,4084,36162,32,360,3016,28663,22,420,2890,30996,47,420,3200,26664,35,390,40,25497,61,420,4953,31162,27,420,2325,27330,42,420,2995,30163,55,420,3398,24497,60,420,2150,25830,6,420,5024,44994,5,420,14414,43995,7,420,5630,45328,25,390,3042,27496,20,420,3154,35495,49,360,2595,32995,23,420,3375,29163,50,420,3581,33995,62,420,11862,35995,11,420,4892,35829,29,420,3471,28830,45,420,4606,36995,37,420,3197,31163,44,420,580,25831,26,420,501,27996,17,360,5270,32163,15,420,3867,35662,12,420,314,31829,39,420,525,26496,3.625,3.833333333
689d3225,1,1,2,27,1,16,2,44,-60,4028,7666,1,1,52,-30,8554,13332,1,1,56,120,3990,18164,0,0,9,-180,3417,27164,1,1,8,0,8806,28497,0,1,31,60,2663,6166,0,0,50,90,2937,20997,0,2,18,90,3593,14831,1,1,14,180,2982,12831,0,1,33,-180,2651,11665,0,1,46,-60,4254,17998,1,0,53,-30,3022,7166,0,1,63,-120,3378,7833,0,0,12,0,4745,22830,0,1,30,-270,2650,16331,0,0,36,-300,3528,16664,1,1,7,-150,4662,25163,0,0,35,-120,3672,9499,1,1,39,-210,3186,15998,1,0,64,-390,2129,22497,1,1,45,-30,3769,33329,1,1,57,30,3970,7666,1,0,26,-240,2620,14331,0,1,10,0,16109,53326,0,1,48,-90,4380,9999,1,0,60,60,3198,6166,1,0,24,-390,3892,22497,1,1,34,-60,8262,12165,1,1,61,-360,279,15665,1,1,37,120,2847,8666,0,0,11,-30,6956,20664,1,1,25,240,2482,13165,0,2,42,180,2096,12332,51,240,2148,16332,55,180,2662,11166,59,420,1055,18665,15,420,2009,21164,23,420,1869,19997,1,270,35640,100486,22,240,2263,13332,49,300,891,15331,17,270,4398,15498,62,300,1762,14165,40,420,2721,23331,58,420,2714,23330,32,420,2861,21997,16,210,3879,13498,5,420,2974,22663,47,420,2401,18998,19,420,3556,25997,3,330,25700,49160,4,420,3324,22831,13,240,2180,20164,29,420,3540,21830,21,300,554,13332,6,360,3671,30830,41,60,3100,6832,38,420,2228,21664,20,420,1190,20331,2,60,29734,92155,28,420,3736,22997,54,420,1564,22830,27,420,2192,18665,43,420,105,18165,4,4.166666667
ca2e1fa8,4,2,2,27,1,18,2,57,300,11004,27830,1,1,7,-120,3777,10832,1,1,28,30,19619,40162,0,0,11,-210,3935,17331,1,1,60,-120,4317,12998,0,1,53,210,3536,21331,0,0,5,180,3762,35995,0,2,31,-90,4320,13332,1,1,6,90,4856,19997,0,1,15,-300,5201,22331,0,1,18,-150,3220,16165,1,0,25,60,10283,39828,0,1,29,150,5278,20331,0,0,40,30,6966,12665,0,1,44,-420,3864,32329,0,0,13,240,3978,21830,1,1,41,-120,3782,11665,0,0,58,180,4176,19997,1,1,36,-180,3802,16498,1,0,46,-150,4604,15498,1,1,17,-90,3189,15998,1,1,47,60,4967,11832,1,0,61,-180,4242,17331,0,1,55,420,5283,28996,0,1,42,90,5004,27330,1,0,33,-240,3624,17997,1,0,63,-90,8721,17998,1,1,16,-210,16484,30163,1,1,43,-270,10137,27497,1,1,51,30,5529,10499,0,0,4,30,4599,18331,1,1,10,120,6993,19831,0,2,30,-30,10694,15998,24,60,10244,43995,34,-60,3444,9665,14,-90,4499,12832,38,60,25059,44994,8,180,4186,23663,49,-30,4736,9999,9,-180,3967,16998,56,120,3324,16664,62,-30,4289,11999,48,60,3506,17998,32,-30,4429,10998,37,-30,12297,28164,27,30,5065,27330,50,180,3048,21831,54,30,9446,14998,22,-30,10032,20497,19,30,7376,15332,59,30,3271,18998,1,-90,4497,13165,52,-90,7840,16498,2,240,5463,30163,64,30,6741,16832,26,-30,9042,14498,23,150,35562,56326,20,180,4533,18664,21,-30,10396,15665,39,300,3525,26830,12,-90,11864,19997,45,30,5537,31496,35,30,2460,12999,3,-120,3651,10665,3,3
26f6228f,4,2,2,28,2,14,2,60,-300,6037,23330,1,1,3,-240,4090,16832,1,1,6,-300,4496,20331,0,0,44,-270,9441,26497,1,1,38,-300,5436,22330,0,1,27,-300,4561,17331,0,0,35,-300,4067,23663,0,2,25,-330,3324,20831,1,1,58,-360,8565,34829,0,1,28,-270,3975,18998,0,1,23,-360,6377,23997,1,0,7,-270,5289,20164,0,1,9,-270,4742,18331,0,0,15,-240,3637,19830,0,1,29,-300,4480,20664,0,0,18,-270,4815,23497,1,1,56,-330,3232,19664,0,0,50,420,20664,77824,1,1,40,-330,5434,20498,1,0,24,-360,5023,24330,1,1,32,-270,2667,19165,1,1,34,-300,7084,23830,1,0,59,-300,4780,23498,0,1,12,-300,3356,19664,0,1,17,-300,7526,31329,1,0,47,-360,3371,22664,1,0,45,-360,4915,24164,1,1,21,-300,6367,21997,1,1,55,-420,4708,30996,1,1,1,-240,8043,33495,0,0,14,-300,4349,47993,1,1,64,-360,3940,21664,0,2,5,270,4060,18498,10,270,4747,26996,20,390,7713,29829,4,390,4136,24664,53,390,7310,26830,2,420,5485,29829,57,390,5444,25163,30,360,3583,23497,36,390,3711,24997,26,360,6241,48494,43,390,7250,29163,49,390,12756,32163,19,330,4662,23497,41,420,3717,24496,42,390,4625,35996,8,390,6389,42161,63,330,7715,30329,62,420,4278,25664,48,390,4648,29163,33,330,7923,26830,46,390,7442,37995,61,420,3887,27163,11,330,4209,71824,37,390,6082,31329,31,330,4022,20164,52,390,25140,42328,51,390,15751,34829,54,390,5107,25663,16,390,5610,25164,13,330,4287,22663,39,390,4157,26497,22,360,4981,24497,3.375,3.666666667
bfb84f70,2,1,1,25,1,16,2,56,210,4851,47327,1,1,25,210,9210,52160,1,1,23,330,3413,39162,0,0,42,0,20737,24997,1,1,52,180,8914,46661,0,1,33,180,4535,26496,0,0,38,150,9203,38995,0,2,5,420,4165,40162,1,1,51,90,4151,28830,0,1,47,-120,6781,18165,0,1,28,-120,5028,49327,1,0,7,120,33769,54326,0,1,29,180,12753,40661,0,0,4,330,4238,65325,0,1,1,240,54573,163312,0,0,48,180,4525,42995,1,1,15,-120,4082,30663,0,0,61,150,5578,49994,1,1,59,-150,3774,29996,1,0,3,180,49728,102653,1,1,17,90,10525,37829,1,1,64,150,4970,47494,1,0,45,0,34278,39162,0,1,36,-90,5064,16165,0,1,37,0,21713,26997,1,0,35,-180,3101,24997,1,0,63,-210,4758,37495,1,1,22,-150,9885,57992,1,1,39,-180,7225,39161,1,1,9,300,3338,40662,0,0,32,150,7088,28163,1,1,53,120,7641,38828,0,2,10,0,25230,30829,40,150,3948,33663,41,240,4691,32495,11,120,4295,25830,34,270,2970,33995,26,0,25462,25497,54,330,8334,63159,31,420,2743,37662,13,210,4919,39662,8,-90,11009,30330,2,90,15652,43661,57,360,13738,85489,18,330,4821,43162,49,0,18320,33996,62,270,18869,65658,14,-210,4761,30496,55,120,12943,42662,24,120,4779,32829,27,180,3729,31496,58,390,5777,47328,60,120,18214,50160,46,420,3387,27497,50,240,3665,37829,12,210,5499,42661,16,0,21205,26330,20,-30,26872,27497,43,270,2761,33829,6,0,22116,38828,44,0,23587,28496,30,240,7857,47661,21,-60,6713,18498,19,120,3887,31496,3.625,3.5
720e820a,4,2,2,22,2,17,2,14,-60,4552,9998,1,1,40,150,4804,52160,1,1,6,420,5430,41662,0,0,2,-90,19297,27330,1,1,53,240,4085,20164,0,1,1,420,14665,64492,0,0,60,120,3346,14165,0,2,63,150,5873,30163,1,1,8,270,6122,29663,0,1,23,150,5055,21330,0,1,58,270,3276,24830,1,0,31,240,10783,29996,0,1,24,270,4705,29663,0,0,35,420,3703,32829,0,1,43,180,4490,18331,0,0,39,240,3902,24663,1,1,38,-60,5267,10498,0,0,57,180,5681,18831,1,1,37,-90,4631,16664,1,0,18,90,6150,14665,1,1,22,420,4260,40828,1,1,27,270,4478,23164,1,0,33,270,7207,26163,0,1,64,150,5704,18331,0,1,26,420,3143,35496,1,0,45,150,4128,31496,1,0,52,-30,8000,11998,1,1,29,420,5728,41661,1,1,55,90,5970,12498,1,1,54,420,4562,37996,0,0,16,-120,4432,15832,1,1,49,330,4405,55326,0,2,48,-90,3564,9332,10,390,4148,37328,4,-240,4152,25163,11,90,5077,15498,50,120,3787,10665,51,-120,2989,29829,7,-240,3980,20331,15,-420,2491,27163,62,-120,4967,14998,21,90,3771,13165,19,420,3866,35995,12,150,4980,14498,46,-150,3116,12332,28,210,3205,22331,41,210,3394,21831,34,-330,3088,18997,30,-90,4308,22998,42,-210,3407,15831,61,-90,3641,12832,47,-90,5975,10499,36,210,3438,17997,13,-270,3694,21165,3,120,8604,27664,59,150,3001,11832,20,150,3598,13165,44,-90,3526,8332,9,-420,3128,28330,32,420,6595,36329,56,210,3613,23164,17,-150,3871,13331,5,300,4602,28996,25,-210,4514,17498,3.25,3.166666667
e16a4ca7,3,2,2,23,2,17,2,20,-120,3926,174977,1,1,6,30,30062,41995,1,1,40,-150,3869,60659,0,0,64,-90,6824,15665,1,1,10,-30,6119,21664,0,1,12,-90,5556,20331,0,0,36,270,4885,28997,0,2,7,-90,3721,20164,1,1,13,30,2143,9666,0,1,30,-90,10278,26997,0,1,62,-60,7069,21663,1,0,51,120,1886,15331,0,1,27,90,4696,66158,0,0,59,60,2609,13999,0,1,2,-30,12692,21164,0,0,47,0,2292,5999,1,1,19,0,6577,42494,0,0,31,60,6795,21330,1,1,21,30,10805,31329,1,0,37,240,5856,32662,1,1,50,-60,8534,16665,1,1,28,-30,34475,52827,1,0,23,-30,4145,13498,0,1,15,-90,9861,18998,0,1,45,-120,5021,17498,1,0,22,30,2273,11165,1,0,38,-150,6550,74657,1,1,16,60,5808,19331,1,1,11,-270,3889,35496,1,1,4,60,5820,19831,0,0,26,-60,721,10166,1,1,25,-30,11000,24496,0,2,44,360,9543,40161,33,240,9269,37828,34,300,9568,61325,55,-90,2774,16165,17,360,3564,32496,41,180,5791,27330,32,300,3984,28662,57,120,3616,15998,3,240,6135,37329,1,240,13826,58992,58,60,3111,23331,35,270,5688,35329,53,180,4557,29663,61,270,6188,30663,29,330,2675,60992,49,150,9460,33829,24,150,2789,18165,8,-270,7421,56659,39,330,3644,34329,54,60,3268,11665,43,150,7969,26497,63,270,5536,28829,9,90,5409,19164,18,330,5470,32996,42,-120,6892,19497,5,270,5699,40995,14,270,1488,27663,48,90,1460,15331,60,270,1720,28829,46,-390,2782,44994,56,270,3454,32496,52,210,4680,27496,3.25,3.5
3101b2c8,1,1,2,20,1,14,2,50,-90,10039,21497,1,1,23,0,6693,19331,1,1,53,-30,15110,39662,0,0,38,-120,3072,15498,1,1,30,-60,3905,13665,0,1,31,-240,4407,20164,0,0,57,-150,3676,24330,0,2,26,-60,5564,36828,1,1,14,-60,4869,15998,0,1,18,150,6891,22497,0,1,54,-210,5177,26497,1,0,63,-120,4331,21997,0,1,19,-90,8909,20997,0,0,12,0,10462,31496,0,1,2,-210,5720,49661,0,0,51,-60,12582,25330,1,1,52,-120,13003,30830,0,0,60,-90,4760,24664,1,1,59,-300,3762,27497,1,0,27,-360,3022,38661,1,1,49,-60,3000,14998,1,1,40,-150,3709,37829,1,0,46,-120,3149,14331,0,1,20,-150,3947,15331,0,1,1,-120,25490,68491,1,0,32,-330,3100,20664,1,0,13,-180,4667,23331,1,1,6,-90,4771,20997,1,1,4,-330,4292,89322,1,1,16,0,3265,24830,0,0,3,-90,8333,97821,1,1,41,-90,3556,16164,0,2,17,90,5935,18997,22,150,5796,17498,34,120,7463,45328,28,90,6968,19164,10,120,10698,28163,21,120,6025,16498,44,150,4941,41827,64,120,7035,24997,15,120,6089,17664,43,60,3309,11998,39,180,2289,20831,35,150,2708,18997,29,180,4228,22997,25,120,4085,16164,55,120,7011,22331,37,120,10576,21831,9,90,5891,71824,45,180,4384,61992,11,150,6027,38829,5,120,4745,24331,58,150,3728,24830,61,210,6419,23830,24,120,7013,17831,7,210,11692,52327,48,150,7200,21164,33,180,4917,29996,62,270,4541,27163,47,120,6089,58659,42,120,2690,37995,8,240,7299,65158,56,270,5356,28163,36,180,6565,26164,4.25,4.666666667
0c0829e8,4,2,1,26,1,16,2,41,210,4950,15498,1,1,27,60,3734,7499,1,1,64,60,3199,6500,0,0,34,-90,9926,13832,1,1,15,-30,4187,7499,0,1,56,-120,3964,9332,0,0,59,60,6195,9832,0,2,35,0,14060,29829,1,1,23,30,3088,18998,0,1,58,-60,4123,8666,0,1,10,-30,14500,18998,1,0,36,0,9058,12665,0,1,7,-30,11911,18998,0,0,48,60,6333,8165,0,1,24,-60,3997,7665,0,0,60,-60,5321,9832,1,1,13,0,7710,17498,0,0,50,-60,4357,7333,1,1,37,-60,3308,10332,1,0,51,60,3909,6166,1,1,22,30,36133,39328,1,1,47,60,6798,9832,1,0,63,-30,6301,9999,0,1,61,60,6570,11665,0,1,62,-120,3659,9165,1,0,9,-60,4260,9666,1,0,6,-30,3933,9499,1,1,45,-30,11396,48660,1,1,14,30,5167,14831,1,1,1,30,83337,138816,0,0,21,0,15759,50161,1,1,57,60,4488,7332,0,2,3,-30,20782,47993,31,90,10765,14832,18,60,16100,21331,32,60,8478,12499,19,30,5200,7665,20,0,8782,26663,28,0,14963,14998,5,60,24390,39328,29,60,12827,17165,33,60,10620,14331,2,60,41792,54160,42,0,8287,8499,55,30,5306,6499,4,90,16406,24497,26,-30,7112,10665,16,0,13067,14332,39,-30,11067,14832,8,-30,14610,20331,52,0,5337,6166,53,60,6539,9499,11,60,6339,11165,49,60,7085,9998,12,-30,4525,13832,30,0,20492,40328,44,90,5145,9166,40,90,5076,9332,25,0,15933,15998,46,60,10106,13332,54,30,5845,8832,38,60,19579,23330,43,120,5039,10165,17,0,6566,24497,3,2.833333333
c26d2cbd,1,1,1,19,1,13,2,6,60,6892,16831,1,1,9,180,4470,35328,1,1,43,0,12766,34329,0,0,46,90,10858,24163,1,1,42,60,2525,47494,0,1,33,150,9018,22331,0,0,35,150,5587,16331,0,2,34,90,5262,13332,1,1,56,210,5389,31829,0,1,7,150,6509,22164,0,1,22,150,4722,15664,1,0,45,90,12628,25497,0,1,19,150,5650,17164,0,0,8,120,3831,17331,0,1,13,-90,7487,22330,0,0,16,90,4743,14165,1,1,44,90,49987,55826,0,0,32,0,6306,15998,1,1,11,0,15012,30330,1,0,2,0,6648,48494,1,1,26,120,8524,31496,1,1,27,150,6719,24330,1,0,25,120,5521,17164,0,1,62,150,7881,14831,0,1,38,150,5909,10665,1,0,4,-90,9916,41161,1,0,1,-90,21439,111152,1,1,31,90,11127,23664,1,1,10,60,5269,13332,1,1,51,90,14291,30663,0,0,54,240,2562,15165,1,1,30,60,10342,17831,0,2,28,60,20150,44328,21,0,2733,10165,40,90,7685,25330,58,210,2896,13498,29,90,41283,49327,12,180,5412,38662,61,60,675,17997,48,120,28436,32996,15,90,6483,18664,57,120,9471,33996,39,150,10218,21664,63,0,7187,22164,37,60,67124,73324,18,60,16190,39162,53,30,40632,49994,3,120,5949,31830,60,-120,55,8999,24,120,728,23330,49,60,6554,13831,41,120,6566,16831,14,120,49662,63325,47,120,9139,22164,23,0,14965,22830,20,210,9982,26330,59,150,7545,16664,55,120,438,6499,17,150,12649,32996,52,0,13929,41661,50,0,21637,29330,64,90,11401,15498,5,120,10039,47161,36,0,8030,17831,3.625,4.166666667
af6e8cf0,1,1,1,17,1,10,2,16,30,4843,10498,1,1,14,60,3238,14831,1,1,20,120,4400,21830,0,0,51,-30,5451,16165,1,1,26,30,4752,12665,0,1,56,30,3854,8832,0,0,44,60,3106,9165,0,2,50,0,5542,12165,1,1,12,90,4431,18165,0,1,13,30,4740,11165,0,1,58,0,5411,11665,1,0,53,0,6383,27497,0,1,23,90,4613,20664,0,0,48,0,4262,11499,0,1,61,-30,5635,15498,0,0,30,60,4709,34662,1,1,40,0,5449,16851,0,0,24,60,4763,25997,1,1,31,30,4617,10332,1,0,38,30,3917,13831,1,1,15,30,3528,8998,1,1,9,60,4679,17831,1,0,35,30,4679,9665,0,1,64,0,5777,12665,0,1,25,60,3153,10665,1,0,52,-30,5571,16331,1,0,46,-30,4798,14331,1,1,8,60,4223,10665,1,1,39,0,6550,18331,1,1,45,60,4291,19164,0,0,57,0,5452,12165,1,1,6,90,4244,15998,0,2,19,150,3648,16331,32,150,4233,19164,63,90,3903,14331,47,60,3483,8665,7,120,3914,19164,33,90,4337,14498,18,120,5385,16165,37,120,3945,17998,5,180,3935,18164,11,120,3771,17664,60,90,4279,14998,3,60,4521,9832,41,120,3859,17331,17,180,4484,23497,36,120,4484,26497,28,120,4287,14998,62,60,6667,13498,42,90,4108,13165,2,150,5418,23331,1,120,14000,51493,22,120,5381,15498,27,120,4737,17831,59,60,2493,9165,4,210,4720,27830,21,150,4328,20664,54,60,5026,12499,10,150,4045,16831,49,60,3421,10332,29,120,5200,16331,55,60,3726,9499,43,120,5474,13831,34,90,4191,19664,3.625,4
edac26e7,3,2,1,17,2,11,2,47,360,11192,61658,1,1,51,210,8113,57659,1,1,16,240,8774,51660,0,0,25,210,10891,36995,1,1,22,300,9466,65658,0,1,50,210,49321,146314,0,0,4,120,6273,27496,0,2,17,270,9974,44994,1,1,15,150,11810,30996,0,1,8,120,10124,30830,0,1,36,210,32087,88488,1,0,14,180,3532,35329,0,1,34,330,10107,35663,0,0,18,300,11557,56826,0,1,56,150,21095,40828,0,0,48,270,5727,82156,1,1,30,240,167603,247468,0,0,11,270,958,47160,1,1,24,180,8045,44994,1,0,13,150,3818,30496,1,1,62,360,5263,50493,1,1,23,240,4217,54826,1,0,49,210,7549,40995,0,1,2,60,11982,47494,0,1,45,330,5015,43661,1,0,57,270,3617,32663,1,0,64,270,6050,60493,1,1,37,240,7159,76823,1,1,3,240,14122,53326,1,1,19,330,8975,87488,0,0,27,240,15665,49994,1,1,40,270,11010,78657,0,2,33,270,9258,35995,9,420,3599,33829,5,360,4147,44494,61,240,7833,48327,43,270,93624,154480,58,180,10705,41161,35,330,14857,62825,63,240,10474,44827,38,270,7376,41328,6,180,6813,42494,55,270,8757,55160,32,240,17850,48993,60,270,7737,44328,59,360,9868,59159,20,300,8638,37162,53,240,6602,43162,54,210,12278,40995,7,210,14203,71491,46,90,13880,40662,12,330,7235,40661,26,210,5354,56992,52,150,7183,46994,44,150,8244,42161,29,210,10150,149480,28,210,14381,61992,1,240,12940,103820,42,240,11592,59659,39,300,27059,72157,10,270,10053,61992,41,240,9413,87155,21,330,10269,67991,31,210,11213,59659,3,3
e13f1604,1,1,1,18,1,12,2,53,0,3303,11332,1,1,32,0,4254,9332,1,1,10,90,4098,18831,0,0,52,0,2928,10165,1,1,14,0,25824,44495,0,1,51,60,9306,37328,0,0,41,0,3355,16832,0,2,60,0,3660,16831,1,1,2,0,10843,27497,0,1,18,120,62362,72657,0,1,34,-30,14175,29996,1,0,48,30,4581,20997,0,1,47,90,19811,26997,0,0,8,60,7362,25497,0,1,31,0,12477,25830,0,0,20,0,5391,21664,1,1,15,0,26082,47660,0,0,25,30,5790,25497,1,1,45,150,3236,25497,1,0,5,0,6972,28497,1,1,44,0,13720,17831,1,1,35,60,32612,47494,1,0,40,-90,11207,22163,0,1,3,120,4893,50826,0,1,37,60,12972,21664,1,0,29,0,5082,18997,1,0,19,30,7662,36496,1,1,46,0,7647,23163,1,1,6,30,17365,22664,1,1,23,0,12464,12832,0,0,42,60,1947,17332,1,1,21,60,5233,15331,0,2,17,270,36955,55160,56,240,7113,19997,16,210,10177,36496,64,180,6206,17164,7,150,3773,15498,54,180,3185,12998,22,270,9403,25497,9,150,5229,14998,27,360,3021,26830,55,210,13441,38328,62,300,6533,38495,4,270,3585,22330,43,150,9563,27663,26,150,5648,16331,24,420,3487,31663,11,390,2391,23997,39,210,5129,60159,58,240,1971,13832,12,300,7191,45161,61,180,9270,22664,28,240,4401,23997,49,360,41592,67659,57,420,4267,23164,30,180,8276,31496,13,360,3442,29996,50,300,2855,63325,38,150,5490,20997,59,300,4750,22997,33,180,2759,12332,1,300,11562,43828,36,330,4802,50660,63,150,6466,23331,4.125,4.166666667
e51bb47c,1,1,1,17,2,10,2,35,330,318,28496,1,1,40,300,4248,25164,1,1,52,360,2205,28496,0,0,58,180,6956,20664,1,1,22,300,4416,37662,0,1,29,300,1533,36828,0,0,21,300,4843,54993,0,2,41,300,6998,27496,1,1,51,420,3597,33829,0,1,5,240,3913,34662,0,1,30,0,10048,15498,1,0,13,300,5359,37328,0,1,53,360,3162,26329,0,0,61,240,9610,29996,0,1,56,240,2066,16164,0,0,7,270,5484,34829,1,1,57,300,65,23997,0,0,10,300,10232,45827,1,1,3,210,3588,31330,1,0,54,90,4743,15165,1,1,39,300,5753,31662,1,1,37,330,12616,45494,1,0,46,300,2460,23330,0,1,6,270,4780,29996,0,1,36,330,3949,30663,1,0,4,210,3942,31996,1,0,2,0,21585,70658,1,1,63,270,14447,34163,1,1,14,300,3716,34162,1,1,20,330,4733,36829,0,0,15,300,8972,31996,1,1,34,300,3074,28330,0,2,59,-270,2239,13165,32,-150,570,17331,42,-300,7769,25997,50,-210,3085,13165,27,-270,1238,15665,25,-180,4245,17998,64,-300,1,14832,17,-300,2804,30996,28,-240,2234,17498,16,-270,6387,26163,1,-150,8066,61992,8,-210,4289,36662,62,-240,2738,14498,60,-180,3488,33162,43,-270,4133,17664,19,-420,3168,26497,11,-240,4385,28018,9,-210,3822,25663,33,-300,1153,27996,45,-420,8568,31663,55,-240,7942,25663,49,-420,3716,36162,31,0,9659,9999,38,-270,5080,23664,47,-120,1717,10166,24,-120,10593,36162,18,-420,653,23164,12,-240,5047,34496,48,-390,2265,23163,44,-240,4109,16165,26,-210,3375,13498,23,-420,4194,33831,2.375,2.5
bd2a6b36,4,2,2,19,2,,2,29,270,9440,55160,1,1,10,270,33920,79323,1,1,43,-60,18655,36829,0,0,1,360,30468,118985,1,1,47,210,14095,114152,0,1,40,-90,8173,30996,0,0,13,240,5366,40495,0,2,25,270,73183,370618,1,1,60,-330,21868,61492,0,1,20,210,15302,60492,0,1,54,-270,10085,40828,1,0,4,-90,14205,50327,0,1,26,-240,24180,72157,0,0,27,240,24881,67824,0,1,38,-180,5709,101320,0,0,61,-270,6339,43494,1,1,63,120,7330,36162,0,0,16,420,14251,65658,1,1,23,390,7144,67491,1,0,15,-420,7118,45161,1,1,28,-150,27147,72324,1,1,19,-210,27724,82823,1,0,3,-30,17528,81989,0,1,18,-210,7425,91155,0,1,62,-210,19578,55993,1,0,58,60,65991,83322,1,0,12,-180,35510,76990,1,1,49,420,6102,82989,1,1,36,-180,15593,38329,1,1,31,330,11762,145815,0,0,57,150,14399,78156,1,1,56,-120,24527,49327,0,2,7,270,13688,63325,50,-30,30207,59826,42,180,8689,98488,21,-150,7794,49660,44,-90,11730,60658,14,300,6203,43661,37,-270,17985,86322,30,240,8534,52326,8,270,13594,66325,34,-270,8756,71658,35,-420,37062,99987,46,-90,35469,69991,2,90,31621,80990,5,120,11366,66491,9,330,26873,82489,17,-180,16310,100153,39,-420,10628,92322,24,-210,136699,285296,53,-420,9657,56660,11,-240,12895,58160,32,-270,35475,90822,51,300,16719,62325,55,120,100437,144647,48,180,11143,36162,64,420,7138,45494,45,390,5993,67657,22,-120,29035,67658,41,420,6557,54992,52,330,9568,43328,59,-420,50666,91655,6,300,21709,86989,33,-240,12327,61826,3.875,4
4519024a,3,2,1,18,1,11,2,10,210,8013,23497,1,1,18,30,5920,19164,1,1,8,60,4330,15831,0,0,17,60,5028,29830,1,1,14,60,5531,18664,0,1,25,150,8341,19497,0,0,2,150,10216,34496,0,2,5,210,11773,56493,1,1,19,90,8678,22164,0,1,9,90,14699,45327,0,1,20,180,6947,22498,1,0,3,120,5515,24997,0,1,22,330,2746,17665,0,0,15,240,6522,31497,0,1,21,30,3777,10999,0,0,23,60,6709,24330,1,1,16,60,4154,14498,0,0,1,300,13083,40661,1,1,13,210,3433,15665,1,0,4,210,6391,26497,1,1,24,0,23200,28164,1,1,12,120,4058,16332,1,0,11,420,5905,28996,0,1,7,360,9434,34162,0,1,6,60,5211,18997,1,0,,,,,1,0,,,,,1,1,,,,,1,1,,,,,1,1,,,,,0,0,,,,,1,1,,,,,0,2,,,,,,,,,,,,,,,,,,,,,,,,,,,,,,,,,,,,,,,,,,,,,,,,,,,,,,,,,,,,,,,,,,,,,,,,,,,,,,,,,,,,,,,,,,,,,,,,,,,,,,,,,,,,,,,,,,,,,,,,,,,,,,,,,3.125,3.166666667
e3e9c7c9,4,2,2,28,2,12,2,41,-150,2880,10166,1,1,39,-90,4110,11498,1,1,30,-120,2776,10165,0,0,62,-60,5834,14998,1,1,33,30,5612,16331,0,1,28,-150,2610,9832,0,0,54,30,8656,13499,0,2,29,-60,2908,7832,1,1,64,-120,3317,10665,0,1,45,-60,14737,18664,0,1,63,0,8628,20998,1,0,26,-120,3099,12831,0,1,6,-270,6461,22331,0,0,19,-150,3299,10832,0,1,10,-180,3117,16331,0,0,13,-90,2825,11332,1,1,25,-60,4244,8832,0,0,42,-90,2622,8833,1,1,56,-150,3049,11332,1,0,36,60,3474,8832,1,1,46,-90,2925,7833,1,1,16,-120,3449,10999,1,0,18,-120,2997,10999,0,1,8,-150,4133,12331,0,1,27,-120,2788,10665,1,0,53,30,6656,11832,1,0,9,-150,3160,11332,1,1,15,-120,3727,11665,1,1,40,-150,3102,10498,1,1,2,60,11087,27497,0,0,44,-60,2896,9166,1,1,3,60,6067,25164,0,2,57,-150,3328,12998,51,-60,3362,10332,48,-60,5451,10499,1,90,23094,48161,49,-60,4407,9999,31,60,3062,7666,4,-120,19859,46494,35,60,8435,16498,23,-90,3464,10165,55,60,5230,9665,7,-150,8038,26164,20,-60,5711,10665,37,60,5238,13164,17,-120,5846,13999,11,-120,6294,15165,24,-60,4379,8998,22,-60,4092,8999,61,30,5647,11666,38,60,3452,9832,32,60,3554,12332,60,-90,2581,11832,43,-60,6777,12832,58,-60,3540,8832,47,-90,5745,10498,50,-120,5980,16831,52,-90,5491,10332,21,-90,3550,8666,12,-120,4100,12499,5,-60,11132,21164,14,-90,7218,18331,34,60,11272,15831,59,-90,20,6999,2.375,2.5
f78e39b7,4,2,1,24,1,12,2,45,0,5338,14664,1,1,22,-60,4412,5999,1,1,61,30,13917,16831,0,0,36,-30,6979,8832,1,1,10,0,45136,45161,0,1,46,0,4511,14832,0,0,47,0,5865,17331,0,2,17,-90,5872,10832,1,1,35,0,3918,6833,0,1,11,-60,13666,44828,0,1,44,0,5092,14498,1,0,40,-420,3309,29829,0,1,43,0,8325,8333,0,0,8,-120,38209,143815,0,1,58,-60,6258,10165,0,0,55,180,5807,10999,1,1,29,-60,1695,8333,0,0,60,30,13881,19331,1,1,26,-30,9511,11332,1,0,49,-60,11506,19331,1,1,39,-240,3454,15832,1,1,2,0,20493,65991,1,0,57,-60,3827,6666,0,1,24,-30,6780,8166,0,1,15,-90,3754,9999,1,0,53,-60,5340,8166,1,0,28,-120,10759,18998,1,1,1,120,66822,90821,1,1,34,-30,3753,6332,1,1,13,-420,7987,112153,0,0,38,-30,5066,7499,1,1,59,150,16053,26163,0,2,63,30,9616,12165,25,-60,6959,9332,30,-60,16640,27996,41,90,5981,8999,14,-120,9904,19831,52,-60,5828,10166,5,-180,152504,205307,9,0,8258,25663,7,-60,77482,296796,62,0,14226,15831,31,-30,34151,37329,50,-30,10878,15664,33,-60,5239,7833,42,0,3860,4666,12,0,9486,31496,54,-120,6124,13332,48,0,8568,23497,6,-120,72816,84989,27,-30,9933,17165,23,-30,5528,6833,3,0,82629,318126,18,-90,5373,9999,4,0,98682,99654,16,-90,4576,9332,20,-120,5484,10498,21,-60,4362,7166,56,-30,6042,8332,51,-60,8306,11499,64,60,7455,11332,19,-60,8598,13331,37,-30,5101,6332,32,-60,5137,9832,3.5,4.333333333
3504f8ab,3,2,1,20,1,12,2,50,30,5627,10499,1,1,54,330,3782,72991,1,1,2,360,4444,51994,0,0,21,0,9341,55326,1,1,61,30,5065,8999,0,1,45,-60,3177,8499,0,0,34,0,7663,7833,0,2,23,90,5691,22331,1,1,31,30,4594,10332,0,1,20,0,4802,26497,0,1,19,0,9065,51827,1,0,41,-60,5646,13332,0,1,32,-30,4269,32995,0,0,18,0,6645,98487,0,1,62,-30,6587,14332,0,0,29,-30,29951,75324,1,1,27,0,5783,41495,0,0,63,0,20530,20831,1,1,8,-180,5144,23330,1,0,55,-60,10388,16498,1,1,3,150,9165,30996,1,1,30,0,40131,78824,1,0,25,30,4123,21997,0,1,53,-30,3342,7665,0,1,33,0,36104,116319,1,0,7,-270,4930,20330,1,0,15,270,6314,43161,1,1,12,60,4934,11832,1,1,42,0,11920,24996,1,1,52,0,47797,60159,0,0,1,210,21665,87489,1,1,10,0,4916,5832,0,2,37,0,6911,14665,48,-30,9811,15831,43,0,7888,39829,35,0,10741,31329,49,-30,12184,18831,28,-30,4325,10665,40,0,8325,26330,46,-180,7987,26830,39,0,8278,40994,57,0,8032,43994,60,0,6946,24830,47,-60,12264,20497,24,0,5959,130150,14,0,18571,66991,38,0,6764,28496,56,0,10938,29163,6,0,13212,58659,17,0,116486,132816,4,-60,9232,69491,59,0,17764,36162,22,0,13603,14998,44,0,7115,50327,16,0,16953,55826,64,-30,19304,24331,58,0,9219,53660,13,0,10489,88988,51,30,22516,33829,9,30,5654,59992,26,0,10548,11166,5,0,46466,52827,36,-30,5470,9332,11,60,5859,17831,3.625,3.833333333
d521a075,1,1,2,22,1,16,2,28,-360,2835,22664,1,1,20,-210,3590,13665,1,1,16,0,36489,85489,0,0,49,-420,1788,25997,1,1,27,-420,2601,23497,0,1,50,-420,424,25830,0,0,30,-210,4372,38828,0,2,7,-210,3347,26663,1,1,6,-210,3100,15831,0,1,55,-420,3018,26497,0,1,56,-210,1375,11998,1,0,9,-150,4420,15165,0,1,64,-90,3720,14498,0,0,14,-150,3860,10832,0,1,40,-420,28,23664,0,0,63,-300,4210,18497,1,1,59,-420,4375,34496,0,0,2,-180,8140,61492,1,1,47,-240,2300,14165,1,0,61,-420,43,30662,1,1,34,-360,29,18498,1,1,19,-120,3215,10165,1,0,10,-360,3122,25830,0,1,42,-420,172,22831,0,1,43,0,12482,37329,1,0,46,-390,2202,23997,1,0,11,-300,4527,21331,1,1,53,-240,9560,26997,1,1,13,-330,3657,28497,1,1,31,-90,1288,11999,0,0,45,-330,4482,30996,1,1,24,-180,3407,14331,0,2,1,150,29331,111986,23,240,2993,16332,52,240,2714,16831,4,180,13833,33663,57,120,2897,9332,21,360,2413,28663,29,30,6181,27664,32,0,12250,24997,35,90,3667,8166,39,360,1350,20164,41,240,614,13498,17,180,5733,14665,33,210,2761,13665,60,120,8813,23664,5,360,3926,28163,36,0,13459,25330,62,0,3955,39328,54,0,9319,17332,18,90,5882,17664,51,270,3191,17165,38,210,3853,14831,22,420,2915,25663,58,0,10745,37495,26,0,5889,12165,3,120,4625,13831,44,420,3750,25330,37,120,5996,11832,15,60,152,44994,8,180,3697,17331,48,150,228,11499,12,210,6549,19830,25,120,3277,14665,3.875,4
2489aff0,1,1,2,30,2,18,2,46,210,2862,14498,1,1,2,-180,6652,33829,1,1,50,270,3339,18831,0,0,61,60,8287,18498,1,1,36,-240,3249,18998,0,1,19,-210,4101,27997,0,0,38,180,3198,14331,0,2,22,420,4875,27330,1,1,1,0,53841,89656,0,1,35,-420,3933,31663,0,1,58,150,3603,14331,1,0,15,420,3417,22830,0,1,43,-120,9116,19830,0,0,13,120,3721,18665,0,1,42,-420,3752,31496,0,0,55,0,6569,15165,1,1,40,-330,3077,24496,0,0,34,-360,3094,27330,1,1,16,-420,3881,27663,1,0,10,-420,4273,32995,1,1,54,0,7080,17998,1,1,17,180,5035,16831,1,0,47,300,4833,22664,0,1,9,-210,4429,28996,0,1,30,420,2552,21997,1,0,23,420,3965,25330,1,0,51,-420,2915,33663,1,1,39,-240,5318,23663,1,1,62,-390,3220,38829,1,1,18,420,2527,21163,0,0,5,150,4271,20664,1,1,59,420,3252,24663,0,2,33,-240,7813,26663,45,-90,3956,10832,7,300,5756,24497,31,240,4046,16498,8,360,6701,30996,60,420,3194,27997,24,60,8066,12832,53,330,4543,23330,48,360,3990,23163,28,150,2993,11832,25,0,9542,29330,14,240,7234,23497,57,330,2760,19997,52,-150,6000,17498,49,420,2268,28830,27,270,3552,20664,41,330,4768,24997,63,-90,6129,11999,11,180,5172,31663,56,420,3112,32163,37,0,4800,20331,12,0,6923,27663,32,420,2799,25497,44,30,6460,12665,64,30,4689,10332,6,420,3938,29163,29,420,2802,31496,3,360,6644,40828,21,420,2971,22330,26,90,7167,15165,20,150,5258,17331,4,420,3370,31496,4.5,4.666666667
972ec704,1,1,2,21,1,15,2,20,120,2717,8499,1,1,49,30,3594,10498,1,1,32,150,5038,15498,0,0,16,-90,3726,13165,1,1,40,60,3523,8999,0,1,12,0,4831,36829,0,0,59,240,3685,25330,0,2,39,180,3085,13999,1,1,21,-30,3101,12331,0,1,43,-150,3543,15831,0,1,34,-60,3664,9999,1,0,28,-120,3037,13832,0,1,8,-90,4832,30330,0,0,61,0,10527,45161,0,1,29,-60,3340,35329,0,0,10,30,3746,8499,1,1,64,-270,1887,13498,0,0,54,0,7633,28330,1,1,18,-60,7647,20497,1,0,50,-120,3528,13831,1,1,48,-30,3269,12498,1,1,33,30,11801,21331,1,0,60,-120,2897,11665,0,1,2,-120,7165,33329,0,1,38,60,3015,11832,1,0,30,120,3114,9666,1,0,45,-270,2718,19831,1,1,46,-30,9361,14831,1,1,14,-390,3430,22830,1,1,1,270,17669,50993,0,0,4,-180,7116,28829,1,1,63,-30,5055,13498,0,2,44,-60,6953,12665,62,150,4332,16831,58,60,5789,33662,24,-30,9882,17997,13,270,3980,23164,31,30,7316,15331,51,-60,6142,10165,57,-180,5106,17664,56,270,3060,16831,7,-90,4120,10332,26,330,3482,23831,9,150,3703,17998,42,-30,3346,9666,55,30,5614,9832,19,360,3168,24997,11,120,4418,20331,47,-90,4641,10166,22,-90,3692,10832,23,-120,5640,13999,25,240,3475,15664,3,300,5197,42995,52,330,4137,26997,27,-120,5561,10498,15,90,5547,11165,37,30,3461,12664,41,60,5749,10665,5,90,4814,14831,36,-120,3019,9332,17,-120,3392,10666,35,-90,6046,16997,6,240,3393,20331,53,-120,3261,9499,4,4.5
4bb1934d,2,1,2,21,1,,1,49,-30,3028,7999,1,1,45,30,3774,10332,1,1,30,-60,4366,14498,0,0,13,-90,2795,12499,1,1,62,-30,2859,10665,0,1,48,-210,2298,17497,0,0,63,120,5068,15165,0,2,59,60,4739,18997,1,1,25,30,2486,40494,0,1,8,-210,5074,31996,0,1,16,-90,5815,12998,1,0,47,-30,7286,16832,0,1,56,-90,4085,10165,0,0,37,-30,3673,8333,0,1,6,-420,2904,37995,0,0,19,-60,3866,20664,1,1,42,-180,3244,14665,0,0,3,-90,13920,24498,1,1,46,-270,1576,21498,1,0,20,-30,4325,16165,1,1,38,-30,2987,10998,1,1,54,30,8164,18331,1,0,5,-330,3110,26664,0,1,35,-90,3827,8666,0,1,21,30,5531,22997,1,0,60,-90,496,12332,1,0,22,-90,945,13165,1,1,7,-420,4052,32662,1,1,44,-150,2841,29663,1,1,11,180,8221,24497,0,0,15,-150,3246,14665,1,1,18,30,3690,13332,0,2,12,-30,4403,18331,4,240,5589,24496,24,90,4141,13832,43,150,3176,16997,23,-30,11830,18664,40,-150,9737,34828,17,-30,4448,14998,32,-420,7149,41494,50,-30,10766,18664,55,-90,3394,8833,64,30,20691,32663,52,180,8097,24497,33,-210,5715,18165,61,-150,14378,31996,58,420,2649,31996,28,-30,22661,32496,41,-180,2782,12832,34,210,2731,16497,1,180,13425,42828,9,-60,3382,32996,26,120,5359,16998,51,420,3933,32829,57,420,3931,31496,53,150,3891,38828,10,150,2897,25330,36,420,3948,30829,39,-420,1390,25830,14,180,3126,17831,2,420,4064,35828,29,210,3126,22331,31,-30,4605,23830,27,-60,3778,13498,2.25,1.666666667
3df1c846,1,1,1,19,1,10,2,41,420,8604,34829,1,1,18,420,3996,35996,1,1,60,420,27505,49160,0,0,51,420,13812,34663,1,1,46,420,7045,31829,0,1,28,420,6366,35329,0,0,5,420,6432,36662,0,2,53,420,5214,30996,1,1,20,420,5854,38828,0,1,9,420,8230,39662,0,1,24,420,4642,28497,1,0,45,420,7438,32996,0,1,56,420,6486,34662,0,0,38,420,6371,29329,0,1,44,420,9215,33162,0,0,59,420,2460,27329,1,1,26,420,5167,32329,0,0,52,420,6379,28830,1,1,55,420,4222,27996,1,0,19,420,1744,30996,1,1,11,420,4964,38329,1,1,29,420,5457,28829,1,0,16,420,4885,30163,0,1,23,420,14000,36162,0,1,58,420,3525,27163,1,0,3,420,6442,56993,1,0,34,420,11243,40328,1,1,42,420,8438,34162,1,1,13,420,3173,32496,1,1,54,420,3138,28496,0,0,22,420,4743,34329,1,1,21,420,7527,43327,0,2,50,420,5423,29996,33,420,6500,30829,7,420,3758,32495,6,420,4028,31996,1,420,18898,40995,36,420,8326,33496,35,420,8963,37496,12,240,7722,27663,63,420,4109,25830,10,240,4179,32329,30,420,5852,30997,2,420,9704,32496,48,420,6841,33496,31,420,6403,28663,40,420,6704,27663,4,420,5960,31162,57,0,8285,9499,25,420,6020,30829,47,420,13327,37329,62,420,5717,35496,49,270,8231,42495,27,420,6058,25497,8,420,5590,37995,14,420,3128,25163,43,420,8145,35663,15,420,3121,26330,37,420,7217,31330,39,420,8728,30996,64,420,3109,25164,61,420,11676,34829,17,420,1030,36829,32,420,6590,28496,3.25,3.166666667
bcd864bb,1,1,2,17,1,10,2,13,-120,4633,15498,1,1,5,180,4933,25830,1,1,20,330,2493,31329,0,0,4,90,8496,28330,1,1,16,-90,3334,14998,0,1,35,-30,3635,16332,0,0,54,150,2943,16998,0,2,27,-30,18713,32996,1,1,1,210,16271,62325,0,1,39,-120,36,12665,0,1,9,-150,4100,16498,1,0,48,180,2994,18164,0,1,34,-120,4193,18164,0,0,55,120,2822,13165,0,1,51,210,3093,26829,0,0,3,-120,5191,28830,1,1,46,-120,3027,15331,0,0,36,90,2721,14665,1,1,53,-150,3654,15998,1,0,28,-30,5311,17165,1,1,18,-30,6974,35495,1,1,15,120,5713,37329,1,0,29,150,2583,32662,0,1,24,-90,5815,17831,0,1,26,-120,2766,17831,1,0,56,120,2954,11832,1,0,47,-330,3023,32663,1,1,64,120,18821,51493,1,1,50,-120,9699,29163,1,1,7,120,5296,25164,0,0,12,-180,4500,20664,1,1,33,180,2494,17165,0,2,42,330,3471,39328,19,90,4653,21497,30,420,3132,40495,59,300,7799,47494,23,90,2699,27830,52,420,3845,41995,8,210,5163,24663,17,180,9231,26664,49,330,3121,36329,21,180,9422,27497,44,360,5241,36662,14,180,5609,23164,32,270,3422,25996,38,180,4049,26330,11,150,4913,22663,31,330,3794,30829,57,420,3520,41161,43,180,7770,46327,58,360,3174,42995,63,270,6023,33496,22,150,4362,18831,6,240,6359,32996,2,180,15553,37828,61,270,2795,25997,41,390,3696,35996,60,360,4539,34495,25,90,3177,11999,45,270,5646,33162,10,180,5646,22497,40,150,4353,23164,37,390,3392,36162,62,300,3052,27663,4.5,4.833333333
24ca3796,1,1,2,17,1,11,2,51,-90,6842,35495,1,1,5,60,11453,36995,1,1,30,120,3344,26997,0,0,50,0,24713,36829,1,1,25,0,26609,43661,0,1,18,90,12493,34828,0,0,42,150,3255,38328,0,2,59,-60,9870,22830,1,1,40,0,13828,41662,0,1,61,0,5270,16665,0,1,60,120,3021,21664,1,0,47,120,4572,13999,0,1,55,90,3825,12665,0,0,21,30,9497,35829,0,1,16,150,9024,42828,0,0,20,60,6496,31996,1,1,32,-60,16282,24330,0,0,17,0,9949,29163,1,1,37,0,15191,27496,1,0,34,-120,5278,20997,1,1,64,0,10030,19497,1,1,1,0,14875,77990,1,0,49,90,7960,20831,0,1,43,0,12236,31663,0,1,63,0,11807,22330,1,0,46,60,2886,13831,1,0,54,-120,4893,25663,1,1,41,90,11390,35662,1,1,38,0,20800,33663,1,1,33,90,5106,14832,0,0,39,0,21531,46661,1,1,23,120,4768,25163,0,2,45,180,4525,19164,35,90,4343,17165,19,0,11507,25163,57,-120,4434,19664,26,120,3680,24330,9,0,7535,11165,2,180,7520,96654,6,330,3592,40995,10,90,7176,70990,8,60,11721,24997,7,90,3992,16498,56,180,3273,26330,27,240,2484,24830,44,0,35881,37329,3,210,8792,31662,15,-90,4736,27997,29,-60,5388,15665,14,-30,38926,65991,22,0,13143,48827,58,150,3764,16831,53,0,12710,23831,13,300,3215,31163,24,0,21467,23164,12,150,4525,26663,28,-90,8214,24830,52,90,14647,23831,11,0,21675,46161,31,-150,4771,25496,62,120,4070,28330,4,120,6358,39162,48,-60,4108,11166,36,30,3491,10333,3,3.333333333
f8be25b7,2,1,1,20,1,12,1,42,30,7193,28163,1,1,22,-30,7591,41994,1,1,2,-30,6295,99154,0,0,18,-90,3661,10498,1,1,35,-120,5264,53493,0,1,29,-210,65981,77157,0,0,41,-180,2725,13332,0,2,54,420,8145,30996,1,1,60,-60,6814,9999,0,1,5,0,6762,12165,0,1,25,-150,4134,11165,1,0,23,390,3904,22664,0,1,34,-150,4829,23663,0,0,21,390,5105,41661,0,1,28,-180,1785,15331,0,0,9,30,8195,12665,1,1,52,420,6677,30163,0,0,11,-120,6948,23663,1,1,58,-120,4729,20997,1,0,3,-150,6718,31163,1,1,8,420,4975,27497,1,1,48,-180,53144,295962,1,0,30,-180,8641,27330,0,1,46,330,94187,109486,0,1,13,0,5709,35996,1,0,36,-90,2262,6999,1,0,61,-90,4999,30496,1,1,40,-120,3125,20998,1,1,15,-120,23288,31163,1,1,59,-90,6285,10832,0,0,37,90,4740,8499,1,1,31,-180,1205,30663,0,2,47,390,39032,54493,19,420,1573,21831,53,420,41858,65658,38,270,2872,16998,62,360,7477,28996,26,360,3033,18498,4,420,2576,24330,17,390,3327,20997,24,420,4751,22664,12,330,3835,21664,7,240,4281,13998,16,330,6858,28996,64,390,3501,20497,6,420,9296,46661,51,420,30151,46994,1,420,13866,38995,39,420,5468,22830,50,420,3283,17998,45,420,64814,83489,56,330,5034,23330,27,360,5220,38662,44,390,47809,67491,14,240,4307,26330,32,360,2763,19497,20,360,8053,39495,55,390,6694,27496,10,420,3239,19498,63,390,1975,16831,57,360,12648,28496,33,390,4715,30663,43,420,39880,81989,49,360,2445,15498,2.875,3.166666667
7fa2f480,3,2,2,23,1,16,2,11,-330,3193,20164,1,1,26,-390,3990,21164,1,1,37,-360,2996,21664,0,0,1,-360,5524,32163,1,1,55,-390,3275,22164,0,1,64,-390,3250,20331,0,0,24,-270,3290,19331,0,2,63,-240,3431,13998,1,1,29,-330,7547,44994,0,1,57,-360,3622,19998,0,1,42,-300,4436,19664,1,0,23,-270,3191,16997,0,1,5,-270,5152,22330,0,0,15,-360,7113,25330,0,1,52,-360,3318,19497,0,0,49,-360,3088,19831,1,1,59,-360,11005,31329,0,0,21,-360,3934,19664,1,1,4,-390,3739,26330,1,0,6,-330,4678,25830,1,1,22,-360,3277,20830,1,1,61,-240,11744,24830,1,0,62,-390,3631,21497,0,1,51,-360,3917,21997,0,1,50,-210,3679,13665,1,0,34,-270,5370,25163,1,0,3,-390,4612,24997,1,1,33,-330,3957,20164,1,1,18,-360,3700,20998,1,1,47,-180,2981,20831,0,0,27,-330,3203,20997,1,1,39,-330,3110,17331,0,2,46,330,6390,26996,14,330,6622,30996,35,300,7804,30829,30,300,4044,25997,13,330,13830,37162,58,330,3939,23831,28,300,6437,27497,44,150,3493,13998,60,300,5529,27497,10,360,7380,30829,45,300,3660,21830,38,270,5713,25330,9,330,8259,27830,40,330,6566,34662,2,330,4711,24663,56,360,3815,24330,16,330,5825,24664,53,240,6492,21497,36,330,5549,26663,19,330,3446,24164,41,330,5609,31329,48,300,5994,23997,8,330,5305,28663,43,360,3163,24331,54,300,3335,20997,7,330,4690,30829,32,300,6863,27663,31,330,8198,34496,12,330,7969,35996,17,360,5116,29663,25,300,4233,26830,20,300,3714,28663,2.375,2.333333333
c9aa36e5,4,2,2,32,2,14,2,21,-60,2820,10499,1,1,20,-60,3421,8999,1,1,12,-300,2930,18665,0,0,15,-120,2129,12998,1,1,31,-180,3011,13665,0,1,53,-60,3543,100153,0,0,17,-150,2835,11999,0,2,29,-390,3381,19830,1,1,42,-60,5063,9999,0,1,27,-360,2912,17998,0,1,34,-270,2783,14665,1,0,26,-360,2269,18831,0,1,24,-90,3496,12498,0,0,45,-240,2612,12331,0,1,1,-240,19469,49661,0,0,38,-360,2990,19164,1,1,3,-180,4349,17332,0,0,37,-270,3368,15165,1,1,11,-360,3270,19831,1,0,49,-180,4304,14665,1,1,43,-30,4145,12332,1,1,40,-90,3045,10332,1,0,30,-360,2889,20498,0,1,25,-90,4034,12332,0,1,22,-300,2038,14832,1,0,2,-30,20382,58326,1,0,52,-90,2872,9166,1,1,23,-120,4063,12165,1,1,19,240,2559,17164,1,1,32,360,4704,22164,0,0,4,270,2617,23164,1,1,35,210,3167,13998,0,2,16,240,2625,18164,10,330,2691,23830,28,270,3269,17998,48,240,3710,15665,41,90,5564,11498,46,90,5921,11665,7,330,2834,26330,47,270,3550,15831,14,270,2753,19831,39,90,5754,10499,18,240,2861,17998,13,420,3050,25830,33,210,3714,15998,9,300,2679,23664,36,300,2993,17664,5,240,2467,19331,50,150,4410,12998,44,90,7305,12165,6,240,3114,22497,51,180,2873,12498,8,330,2488,24996,,,,,,,,,,,,,,,,,,,,,,,,,,,,,,,,,,,,,,,,,,,,,3.875,4.166666667
b4567f51,4,2,1,24,1,16,2,40,150,8906,24997,1,1,28,150,6956,17831,1,1,17,-90,4679,9832,0,0,12,90,6664,17831,1,1,55,240,4808,26997,0,1,43,120,3145,12628,0,0,57,180,12193,24497,0,2,45,180,5063,17165,1,1,18,-60,7360,11499,0,1,33,150,4145,10999,0,1,27,150,10520,17164,1,0,5,30,4021,8832,0,1,38,180,5909,21164,0,0,16,120,4636,10832,0,1,4,30,6802,10998,0,0,41,150,3026,14332,1,1,11,90,7092,16832,0,0,22,-90,6339,14832,1,1,15,90,4433,12331,1,0,24,150,4247,11332,1,1,61,180,2809,14664,1,1,47,150,6192,24997,1,0,59,210,4327,15831,0,1,54,150,6231,20497,0,1,34,150,3563,11832,1,0,2,150,8226,26330,1,0,8,60,8597,12332,1,1,19,120,4615,10999,1,1,42,150,5431,16498,1,1,48,210,3162,18165,0,0,44,150,4611,14332,1,1,52,-120,1760,13665,0,2,29,90,6172,12332,35,150,4232,11998,37,210,3281,29830,30,150,2988,15332,50,180,4699,21164,3,60,5021,14832,53,210,3688,25997,46,210,4396,19997,62,180,3519,17332,63,180,3735,17831,36,150,3569,11499,25,120,4925,12165,39,210,16742,33329,32,180,2447,9166,56,180,4045,18664,60,150,3111,16498,26,120,4551,12498,20,90,5947,13665,49,150,3989,18498,51,180,11069,27996,1,90,29622,54160,6,120,4936,12998,21,150,4923,13998,13,120,6712,21664,9,120,61740,68441,64,210,3932,17998,7,120,3189,11498,58,150,3441,14164,14,120,7238,17164,31,120,6359,14665,10,90,10403,16164,23,150,3871,12165,,
20dee672,1,1,1,27,1,,2,42,120,2984,9166,1,1,25,180,3023,15164,1,1,53,210,6770,19664,0,0,12,60,4677,8999,1,1,58,180,4270,12498,0,1,17,270,4816,19997,0,0,19,150,4257,12498,0,2,13,90,3873,9999,1,1,43,90,4704,9665,0,1,26,300,4463,23331,0,1,40,120,5075,10998,1,0,55,90,9399,18331,0,1,32,180,4077,13910,0,0,31,120,7298,13331,0,1,64,180,4867,14498,0,0,5,90,9485,19498,1,1,29,180,5214,12998,0,0,4,150,5450,14665,1,1,59,330,2464,18497,1,0,6,60,6778,12332,1,1,18,210,3952,16832,1,1,46,180,6414,15331,1,0,2,300,5743,23497,0,1,47,270,5052,18165,0,1,27,150,6323,13165,1,0,61,150,9282,15998,1,0,22,-90,4692,10165,1,1,56,180,5041,14331,1,1,39,240,3692,15332,1,1,38,180,3927,16164,0,0,57,120,6637,13165,1,1,34,180,3259,11832,0,2,62,180,7341,17831,30,90,6413,11498,45,90,5282,11332,3,120,7349,19331,15,120,6695,12165,36,60,3750,8499,7,0,13124,23997,11,210,5522,15831,52,120,3860,11165,14,30,3802,7999,35,90,6911,11998,16,150,6283,14665,24,120,4115,9832,20,60,14460,18498,33,90,7040,14165,1,180,10489,47493,10,150,3950,12832,23,60,4110,8499,51,60,3659,7665,8,60,12971,18664,63,120,1513,11332,50,60,7376,12332,48,120,6592,12332,28,90,6995,12165,21,90,4253,9665,37,120,3549,10666,9,90,5521,11332,41,60,6038,10999,54,90,4469,23164,49,120,3904,8832,44,120,6830,12165,60,60,3868,7833,3.75,4.166666667
9b94d9cf,1,1,1,20,2,12,2,46,0,17459,43161,1,1,4,0,24695,59992,1,1,57,-150,3895,16665,0,0,61,0,12597,19331,1,1,49,0,7873,49661,0,1,33,0,25657,35495,0,0,31,0,17409,19498,0,2,54,0,22369,28996,1,1,1,0,54584,107653,0,1,25,-330,9252,34829,0,1,27,-90,3880,15665,1,0,39,0,8815,16831,0,1,38,0,414,9166,0,0,53,0,5182,11998,0,1,34,-390,3728,28329,0,0,2,0,46865,72490,1,1,3,-120,4058,24330,0,0,47,0,16353,24664,1,1,50,-270,3106,17498,1,0,13,0,9453,26663,1,1,55,0,15570,20831,1,1,11,90,5447,51994,1,0,29,0,5021,22664,0,1,37,0,12120,23997,0,1,43,0,30735,32162,1,0,36,-150,4615,19164,1,0,63,-180,12894,30496,1,1,40,0,21601,28663,1,1,21,-420,4192,66825,1,1,23,0,10077,28329,0,0,51,0,4832,12498,1,1,62,0,4389,9499,0,2,64,420,6939,38995,17,420,6996,58159,7,420,1831,37828,15,420,8802,57493,48,420,28849,79989,30,420,3357,49160,26,420,3530,44827,9,420,1708,38329,20,420,3444,56159,56,420,760,33162,18,420,5839,52660,59,420,13633,50827,6,420,2991,43161,42,420,17824,81656,45,420,5051,58659,22,420,2678,46827,58,420,2471,28663,14,420,6374,50660,24,420,4855,46994,12,420,1288,37995,35,390,7059,42327,52,420,4968,38495,5,360,5794,50827,10,420,3523,44494,44,420,11600,75990,19,420,5177,58993,60,420,14326,47994,8,270,3933,30996,16,420,6143,49827,32,420,5047,53827,28,420,6246,44994,41,420,3278,40828,3,3.166666667
dc90ccf2,1,1,2,20,1,14,2,29,150,3306,12998,1,1,42,60,5284,15165,1,1,34,90,4193,9165,0,0,43,120,2553,12998,1,1,39,120,3224,12165,0,1,60,300,3217,23830,0,0,56,210,3912,15331,0,2,23,60,10901,16498,1,1,7,330,2859,24996,0,1,32,60,8510,18164,0,1,3,210,4810,21831,1,0,41,270,3028,18497,0,1,6,420,4235,34329,0,0,59,120,4332,13499,0,1,20,270,3231,23164,0,0,47,90,3739,12332,1,1,25,-30,5405,17164,0,0,15,240,3196,21497,1,1,4,120,4377,17162,1,0,12,210,3379,19665,1,1,36,-60,5088,17497,1,1,19,-30,4379,12332,1,0,24,90,4227,15831,0,1,64,60,4884,14498,0,1,16,300,2816,23330,1,0,55,270,2584,19164,1,0,9,-150,5302,22830,1,1,57,-30,5045,9333,1,1,2,210,6016,21830,1,1,21,390,2587,30162,0,0,14,210,2914,16498,1,1,50,270,3402,21997,0,2,31,30,3838,8333,37,90,8342,22663,54,-30,4192,8832,40,30,6780,11665,11,-270,2766,20498,5,-60,5613,11832,49,-60,3511,14332,38,-120,3105,13165,10,180,5160,16831,26,30,13609,18331,22,30,7439,16832,44,60,4726,14332,61,30,4831,9332,1,120,18608,40328,35,-30,4727,9332,8,-30,8304,13332,51,-30,4180,8665,45,-30,4135,10499,13,-90,4225,10165,33,0,6366,42662,46,30,5077,9499,17,-210,5407,16998,62,180,4019,19497,18,90,4046,14998,30,-30,5036,9666,63,120,3848,15998,53,0,3975,13331,52,0,10041,26163,27,-90,5660,11998,28,60,3771,9498,48,-30,5078,9665,58,-30,4153,9165,4.5,4.5
21129f53,3,2,2,28,2,15,2,61,0,7849,19998,1,1,13,300,2999,26997,1,1,63,-420,2831,30329,0,0,53,-90,3753,11665,1,1,14,300,4022,22830,0,1,40,-420,2753,25663,0,0,49,-60,7171,15998,0,2,15,330,9945,30496,1,1,19,-30,5600,25997,0,1,10,0,14576,21164,0,1,29,0,7080,11998,1,0,48,420,9269,39995,0,1,31,0,7498,14165,0,0,38,270,2332,18498,0,1,45,-90,4592,10665,0,0,12,0,8385,28330,1,1,24,-180,4076,19498,0,0,39,0,6298,6999,1,1,30,0,6996,11832,1,0,4,0,7971,18831,1,1,42,0,8499,8499,1,1,36,-120,9693,21331,1,0,32,-420,4390,40828,0,1,56,0,6827,10665,0,1,8,0,10391,17831,1,0,34,-420,3195,32496,1,0,2,0,33130,33329,1,1,33,-90,6205,12498,1,1,6,240,10618,31329,1,1,9,420,3141,32163,0,0,16,0,6246,10998,1,1,57,-180,3256,19164,0,2,28,420,4379,32996,46,0,5081,9665,25,0,9340,15831,44,30,13827,38162,22,0,16509,23830,17,300,3643,19997,47,0,11093,15831,50,420,4564,32662,27,420,3737,30329,62,420,4987,32163,18,420,4059,30663,21,210,9610,27663,7,420,5528,34163,23,150,10764,31662,20,0,8058,12999,35,0,7392,12498,52,210,4623,18164,54,0,4692,8998,26,420,8882,33496,5,0,4704,32163,64,-120,11333,24497,51,240,8785,26496,58,-420,16025,44661,41,0,6419,10831,60,-360,5408,32995,43,-150,4338,16831,3,420,3122,65325,11,0,7443,12332,37,150,10721,27496,59,390,48963,96821,55,0,7210,11332,1,420,93,99653,3.625,3.833333333
37538052,1,1,1,28,1,16,2,41,-210,1705,11832,1,1,25,180,2220,32329,1,1,8,0,5889,27497,0,0,9,-420,1691,23663,1,1,18,-420,2237,21164,0,1,49,0,17161,26497,0,0,43,0,4654,4999,0,2,28,0,5800,19165,1,1,10,-420,373,21831,0,1,23,-420,50,21831,0,1,54,-180,2883,13165,1,0,31,0,12659,28829,0,1,19,90,7607,28830,0,0,5,-180,2418,11831,0,1,47,-420,2409,21164,0,0,20,-300,572,14331,1,1,17,-420,545,23664,0,0,42,-420,191,20831,1,1,24,-120,2873,26997,1,0,22,-60,2491,7165,1,1,39,120,3221,12665,1,1,32,30,9194,40829,1,0,53,30,5324,9999,0,1,48,-210,10434,22331,0,1,15,90,5314,10332,1,0,64,90,2353,8999,1,0,59,-420,2907,26663,1,1,44,60,8362,16998,1,1,58,-120,1959,9166,1,1,30,120,4416,14665,0,0,33,-420,194,21498,1,1,46,0,3847,15332,0,2,56,60,3368,15831,6,270,1268,18165,3,60,19491,28163,40,-90,1975,6666,12,-90,3426,8666,61,240,2457,16664,62,0,3644,4000,63,300,2455,26163,21,420,621,25496,38,150,4327,15332,57,0,13641,32829,35,60,650,6332,11,180,1483,12998,13,120,151,8666,29,420,749,23497,14,420,66,27663,45,60,3388,10665,27,-120,2072,6000,26,60,3405,20664,1,120,8814,45327,37,420,2264,30329,55,420,372,43161,2,0,6948,20164,7,150,404,9332,52,180,1209,37662,51,60,2611,8166,60,90,2885,15498,50,60,6291,38661,4,270,2379,20498,16,-120,4749,10666,34,120,2068,8999,36,150,2024,12332,4.25,4.333333333
d8b269b1,2,1,2,22,1,14,2,13,-120,6633,30829,1,1,33,120,5419,22663,1,1,45,-90,8735,36329,0,0,27,-120,4088,18164,1,1,47,-90,4396,18331,0,1,19,-270,3915,32496,0,0,46,60,9557,21831,0,2,15,0,16981,69824,1,1,37,0,62314,85823,0,1,26,-180,4212,19998,0,1,44,-120,5425,21830,1,0,43,-120,3918,25163,0,1,54,90,5166,20497,0,0,7,0,43325,77656,0,1,20,-360,3613,24664,0,0,49,0,3024,103487,1,1,52,-150,76,32163,0,0,56,150,4487,18831,1,1,34,-120,4097,12332,1,0,24,0,8794,64325,1,1,22,-90,4671,21497,1,1,5,-90,5863,25663,1,0,63,-120,6040,21164,0,1,40,-120,12920,35329,0,1,57,150,2989,26829,1,0,8,-120,5285,18998,1,0,3,-180,4925,22330,1,1,62,-90,9463,25330,1,1,1,-120,12363,91655,1,1,6,0,11192,36995,0,0,61,0,586,53993,1,1,53,90,3790,19497,0,2,48,0,6199,31829,29,150,3552,52993,4,210,4439,18664,31,150,3498,20998,16,240,4334,23163,55,150,4073,22330,10,270,3858,30162,14,270,2965,28997,28,120,12365,25164,12,210,4522,22330,23,90,3718,12999,64,120,4367,23664,11,420,4230,34329,60,60,3029,22831,2,150,5965,29663,39,90,6306,15498,35,-90,5415,19997,36,0,13649,35663,25,150,6112,19497,58,150,1284,26164,18,330,4301,35662,17,360,3085,31329,59,-120,5194,26496,50,-90,6495,25496,21,150,5073,27996,42,150,5499,29829,30,180,9260,26663,41,30,14983,27163,51,270,442,25664,32,120,4308,34996,38,90,10044,26830,9,180,5331,26830,3.75,3.833333333
d49af232,1,1,1,22,2,12,2,58,0,3608,3832,1,1,7,0,4381,22664,1,1,55,-60,883,4500,0,0,27,-30,749,3500,1,1,46,-90,2258,5999,0,1,40,210,4432,19831,0,0,21,-60,1459,8833,0,2,54,60,2695,5499,1,1,2,-120,5243,19165,0,1,31,-90,2889,6500,0,1,48,0,2607,10498,1,0,16,-60,2616,5833,0,1,18,-90,4394,8666,0,0,11,-60,2273,5999,0,1,52,-60,2203,4999,0,0,47,-60,2776,6499,1,1,63,-90,2482,5999,0,0,8,-60,2164,8165,1,1,25,-60,2493,5665,1,0,30,-90,204,5999,1,1,49,-60,2360,5499,1,1,13,0,3493,21997,1,0,43,-150,3033,9666,0,1,5,0,4529,12499,0,1,53,0,1438,1500,1,0,6,-60,2250,6333,1,0,35,-90,2774,9832,1,1,9,-120,2789,10998,1,1,60,-90,1998,5833,1,1,10,-150,2734,9832,0,0,62,0,2388,2500,1,1,50,-90,2526,4333,0,2,15,180,1499,9833,36,60,1766,5832,33,180,1678,17498,22,90,2622,6999,12,120,2385,9999,32,90,94,4833,38,180,4474,13665,20,60,2627,6999,29,90,3566,6166,64,150,134,9333,39,180,966,9332,57,150,1777,11499,23,150,2069,10165,4,90,4817,15832,28,180,2475,13165,26,150,2145,9166,42,0,6080,6999,14,90,73,7499,1,150,18192,43994,3,120,2954,11498,37,150,41,10332,34,210,4166,16498,19,150,2889,10832,45,180,4219,14831,44,120,3461,9166,56,210,154,12332,61,120,3326,6999,51,150,1962,8166,59,150,1570,7832,41,300,485,12332,24,60,2551,5166,17,150,371,13665,2.5,2.5
a759648e,4,2,1,27,1,16,2,22,0,5501,12665,1,1,21,0,3681,9166,1,1,37,0,4052,8499,0,0,8,0,3343,9165,1,1,64,0,7781,13998,0,1,48,-30,5488,6665,0,0,45,0,2779,2833,0,2,39,30,4577,4833,1,1,33,0,3307,8999,0,1,59,0,5477,18665,0,1,49,0,3466,3999,1,0,19,0,13499,20997,0,1,1,60,42817,57826,0,0,10,0,7632,13165,0,1,20,-420,3092,29830,0,0,63,0,5166,9998,1,1,27,-240,2655,18498,0,0,3,0,6188,16332,1,1,51,-330,3943,22830,1,0,38,-240,3397,23997,1,1,28,0,4551,8666,1,1,14,0,6106,6666,1,0,18,-210,4419,22331,0,1,36,0,12593,12665,0,1,62,0,4301,10998,1,0,9,90,3155,8166,1,0,52,-240,6166,21830,1,1,4,0,9380,16332,1,1,32,0,3733,3833,1,1,44,0,4540,8998,0,0,55,0,1994,7666,1,1,26,0,7586,13665,0,2,54,210,9041,20664,53,390,2477,24164,35,120,3079,14665,50,210,2908,13165,41,240,2482,16165,12,180,3098,15164,58,240,2891,17998,61,-90,20370,31496,24,270,14804,34163,60,240,5200,20331,47,240,2613,13832,6,180,3513,21497,42,420,411,26996,34,180,8982,22164,30,300,2507,20997,13,420,3794,34162,46,300,160,17165,40,240,2635,18331,11,330,3401,23163,29,300,3929,21164,15,60,2844,7999,57,120,4615,10332,25,240,4186,23163,31,270,2854,19664,17,180,4753,18331,23,210,4107,20331,56,270,859,15665,7,270,3196,19664,2,210,8013,35162,43,330,6539,34162,5,120,3972,19830,16,0,9106,19664,3.75,4
5c8a0a20,1,1,2,23,1,16,2,10,0,5022,11832,1,1,33,0,3740,13998,1,1,34,30,6201,29663,0,0,39,30,4063,11165,1,1,58,30,7773,15498,0,1,42,30,2259,9498,0,0,56,30,7445,14165,0,2,4,30,3573,13832,1,1,48,30,9145,18664,0,1,23,30,6721,14165,0,1,31,30,3326,8832,1,0,61,30,3901,11832,0,1,35,30,5344,16165,0,0,64,30,2505,9498,0,1,29,30,3246,10832,0,0,27,30,4377,10665,1,1,14,30,15332,23164,0,0,63,30,6206,16998,1,1,30,30,3950,9165,1,0,32,30,6537,13499,1,1,8,30,4668,13832,1,1,44,60,10999,18164,1,0,2,30,6433,22830,0,1,54,60,2991,9999,0,1,37,30,2696,8332,1,0,36,30,4904,13331,1,0,52,-90,6692,52827,1,1,9,0,15495,58826,1,1,38,30,2802,10832,1,1,6,30,5082,30830,0,0,15,30,11259,15331,1,1,60,30,10932,17498,0,2,26,0,9948,15498,50,0,7457,12665,11,-30,5246,27164,17,0,3625,9498,7,-30,6794,19997,40,0,4432,9999,45,0,12399,23997,1,0,29765,61492,19,0,9511,18664,5,-30,6531,20830,41,0,10628,10666,49,0,7795,14331,12,0,44512,70658,3,-30,4828,14165,22,0,9189,13164,55,0,5746,10498,21,0,11190,15831,47,0,7926,14331,18,0,3954,28496,43,0,4595,4666,24,0,8650,14831,46,-30,9131,31830,62,30,8250,17331,51,0,8149,13165,20,0,10685,23664,57,0,8651,13165,25,0,13279,13332,13,0,13743,13831,16,0,10262,21331,59,0,11354,15664,53,0,9120,13831,28,0,8192,12831,4.25,4.666666667
edd44a87,1,1,1,21,1,15,2,29,0,9358,21831,1,1,54,0,4605,13331,1,1,15,0,7498,16331,0,0,57,0,8315,27497,1,1,47,0,6874,18164,0,1,45,0,6398,29163,0,0,60,0,7361,19331,0,2,2,90,5829,37162,1,1,48,0,6967,16498,0,1,64,0,7543,19831,0,1,34,0,9510,25830,1,0,59,0,5481,19664,0,1,21,0,5402,13498,0,0,40,0,7687,15331,0,1,23,30,10016,16665,0,0,13,0,8095,34662,1,1,31,0,6059,20164,0,0,33,30,8186,29330,1,1,37,0,3133,16165,1,0,49,30,5011,15165,1,1,62,0,5015,17665,1,1,27,0,7115,22830,1,0,14,0,4748,24497,0,1,26,0,4606,18664,0,1,46,0,5505,15164,1,0,41,0,4351,12665,1,0,39,0,8320,40661,1,1,22,0,5020,20997,1,1,7,0,10994,42661,1,1,58,0,4854,16998,0,0,32,0,4174,17664,1,1,16,0,12280,41162,0,2,35,60,6171,13498,30,90,7552,30997,19,-30,5648,8999,55,30,861,8665,61,60,38341,47494,11,30,3767,11165,1,30,29519,96155,9,-30,4511,9666,56,60,3053,8832,28,-30,6634,13165,20,60,3822,18164,50,-30,5926,16665,53,60,5706,15164,4,60,8788,32662,17,60,3579,11499,63,0,7600,15664,5,90,4387,28164,3,30,63857,130150,38,60,3292,9665,10,-30,5762,10332,42,60,6511,11832,12,60,10243,17498,51,30,3162,10165,8,60,4354,12831,24,60,2927,11499,18,-30,4088,12832,43,-30,3689,13999,44,30,4862,12498,36,60,3687,14665,52,60,3447,11332,6,60,4118,21331,25,30,4522,10999,3.5,3.666666667
0b26300e,1,1,2,17,2,11,2,42,240,19441,53993,1,1,39,300,5380,31329,1,1,9,0,37857,45161,0,0,60,0,16070,19498,1,1,34,-120,6057,22830,0,1,29,-180,2772,18831,0,0,50,210,2721,27497,0,2,20,210,4572,31663,1,1,10,180,5099,22831,0,1,21,-420,5216,34329,0,1,2,0,23493,59159,1,0,31,210,5203,21164,0,1,40,210,3818,26663,0,0,32,-210,2906,24330,0,1,64,0,22033,30996,0,0,15,240,3583,19831,1,1,24,-240,13903,31996,0,0,58,90,8735,23997,1,1,43,-420,3428,31163,1,0,18,210,4108,18664,1,1,56,60,15951,25664,1,1,14,210,5124,34995,1,0,48,90,4190,14498,0,1,33,180,22652,40162,0,1,57,300,3284,24663,1,0,61,-240,2939,17664,1,0,63,-240,10122,29496,1,1,51,-240,3288,22331,1,1,3,-420,4701,40495,1,1,62,300,2729,25331,0,0,7,0,40051,71991,1,1,11,180,5746,21997,0,2,36,420,2871,40329,54,120,3404,23497,23,420,3578,37329,8,420,6387,46494,16,420,7539,42327,1,420,18369,53660,41,420,9316,35662,13,420,3459,41828,4,420,32917,73657,19,-210,4965,23830,27,420,3469,33829,30,420,3205,34829,28,420,6594,31996,55,-150,2818,42661,22,420,13468,42161,35,420,4871,42328,44,-240,4140,22831,6,420,29860,75157,26,-240,3489,17331,47,-240,4940,24330,25,420,3211,29663,53,420,2858,29163,52,420,2535,31663,17,420,3680,42495,49,420,3021,30496,45,420,3197,30830,37,-240,3903,29996,5,420,12381,45661,12,420,3550,33829,38,420,4011,41328,59,420,3092,30996,46,210,5451,33829,4.375,4.666666667
d7a6ce32,3,2,1,23,2,12,1,26,60,7585,23997,1,1,58,60,9539,29329,1,1,45,60,6009,24664,0,0,40,30,10812,38661,1,1,22,-60,4036,29996,0,1,13,0,24480,56326,0,0,1,30,9598,158147,0,2,34,30,7296,19497,1,1,62,0,19655,37829,0,1,35,0,21946,31996,0,1,60,60,10620,24330,1,0,41,60,3808,23497,0,1,59,0,27584,44328,0,0,50,60,3737,16665,0,1,56,-120,4729,30829,0,0,24,0,20484,48160,1,1,15,-90,5027,33329,0,0,11,90,7214,39995,1,1,63,-60,8810,21164,1,0,31,-150,10525,56159,1,1,57,60,4913,16831,1,1,47,0,19020,73158,1,0,46,60,5087,37495,0,1,61,0,19652,71824,0,1,52,150,4149,44994,1,0,44,-60,5027,25996,1,0,7,120,5679,42494,1,1,20,120,8219,29663,1,1,29,90,8655,33163,1,1,64,0,8100,33662,0,0,33,90,11194,46494,1,1,17,90,6442,27997,0,2,32,90,3164,19831,51,90,2702,21164,53,90,2702,20831,39,90,2385,24497,30,120,6200,36662,8,210,7625,24497,4,120,8727,20497,14,-180,2878,49327,43,120,5116,29997,10,-60,3605,16665,48,60,3408,62992,25,150,3268,27830,49,120,7691,34995,27,90,10406,30829,16,210,2842,32662,42,120,315,24497,9,-120,3119,36995,2,180,53392,120151,19,270,4537,39495,23,240,3277,24663,54,60,3092,15998,55,240,828,30496,36,90,7431,27497,21,180,6127,39328,37,120,5452,31329,38,210,3584,32830,28,210,4877,30329,18,180,9085,58659,12,210,4753,25830,3,210,8665,33662,5,330,7824,38662,6,210,11306,65491,3.125,3.166666667
1f70b20a,2,1,1,23,2,14,2,54,-90,3460,8666,1,1,10,60,9988,16498,1,1,6,60,6826,15498,0,0,64,60,8048,13331,1,1,30,-60,19322,22663,0,1,53,30,5291,9998,0,0,9,0,9234,28663,0,2,3,60,8124,18165,1,1,38,60,5279,8999,0,1,43,30,11392,26330,0,1,29,120,5043,9332,1,0,2,30,27283,49660,0,1,5,-120,7049,18664,0,0,48,-150,4064,11166,0,1,27,-90,4540,9832,0,0,59,-120,5457,13665,1,1,46,-60,3521,10665,0,0,20,0,5217,13331,1,1,18,-30,3717,35329,1,0,24,30,8219,22664,1,1,16,60,4922,10665,1,1,35,30,4588,7832,1,0,23,-30,9557,13164,0,1,44,-60,6504,9998,0,1,36,30,5036,6665,1,0,61,90,4767,10165,1,0,51,-90,4334,9665,1,1,41,60,5362,8999,1,1,7,30,5311,14331,1,1,62,60,5819,9999,0,0,56,-60,9564,14331,1,1,15,-30,9587,40994,0,2,52,-30,6126,17164,58,120,4084,12165,13,120,5151,13331,28,-90,3671,7665,11,60,6211,12832,45,60,4158,8666,31,-60,3900,6500,25,-60,5160,9332,32,60,3794,7166,22,-90,3889,7499,4,90,5547,19164,50,60,3618,7999,42,-120,3451,9332,40,-90,3833,8332,14,90,7164,17497,37,-90,4318,7999,60,-90,3966,11332,34,-60,3784,6333,33,-60,3812,4832,21,90,4474,9166,55,240,4469,16164,8,60,5541,12499,26,30,11377,15165,1,30,15316,62992,17,60,7472,12831,49,120,4712,13832,63,-60,3880,8499,57,60,8054,17665,47,90,10501,20164,12,-120,5420,12332,39,60,4679,8666,19,30,5005,10831,3.875,4.333333333
9a4171ef,2,1,2,22,2,14,2,49,210,4388,20997,1,1,13,300,5691,41828,1,1,44,150,40161,49660,0,0,53,0,59822,169145,1,1,52,180,26740,65658,0,1,27,330,21049,40995,0,0,47,240,6737,26330,0,2,32,30,64713,69657,1,1,7,360,4884,33162,0,1,35,0,13297,14499,0,1,2,0,9129,53659,1,0,8,-210,4323,20331,0,1,18,330,7358,34496,0,0,17,360,22033,46494,0,1,55,0,20332,72491,0,0,46,180,63737,73990,1,1,14,390,5748,38662,0,0,59,180,6891,26664,1,1,54,0,39801,42494,1,0,28,390,10878,37828,1,1,40,210,8700,25163,1,1,45,270,4154,25163,1,0,6,240,9024,32995,0,1,60,210,8730,32996,0,1,42,120,30177,37495,1,0,1,360,19238,57159,1,0,20,360,6759,28163,1,1,56,240,54444,67825,1,1,26,360,60873,91654,1,1,23,360,23117,42328,0,0,39,150,49922,59326,1,1,19,270,4831,26329,0,2,36,0,22681,68157,63,0,14693,17165,61,240,15624,35496,51,210,12878,38328,16,330,61546,78323,62,240,19527,36995,9,360,5226,37329,22,360,14854,35496,24,360,13860,35329,50,120,9834,17831,38,150,21890,34828,43,180,49183,58326,15,390,10541,35329,37,180,27595,37662,25,330,15419,31496,30,390,14938,47494,41,120,30754,38662,33,-30,68904,69824,31,240,51889,62492,58,210,11613,29830,5,240,8411,32162,29,420,6427,34162,4,360,13845,107986,34,0,65923,68158,48,210,6898,23497,21,420,17626,37328,57,150,4383,16998,11,330,6660,77657,10,30,5432,27996,64,180,88886,99988,12,300,7512,42661,3,330,6864,48994,3.375,3.833333333
6d96107d,2,1,1,18,5,12,2,59,-180,149,26664,1,1,19,-270,2775,12166,1,1,28,60,2945,11665,0,0,22,-240,2934,13499,1,1,17,-180,5866,19164,0,1,54,-270,411,10832,0,0,24,-270,3019,11998,0,2,33,-150,203,7499,1,1,10,-270,2798,13665,0,1,27,-420,203,15332,0,1,7,-210,4264,15498,1,0,63,-270,3427,15331,0,1,37,-180,3136,11998,0,0,64,-210,3361,12999,0,1,49,-420,3591,17331,0,0,15,-210,4024,14832,1,1,9,-180,5340,16665,0,0,61,-180,143,9165,1,1,35,-240,569,10332,1,0,46,-420,2908,18498,1,1,21,-180,2478,11498,1,1,20,-180,3440,10665,1,0,48,-240,2740,13332,0,1,4,-330,4456,28829,0,1,8,-120,4884,10166,1,0,6,-270,3864,55826,1,0,60,-210,505,10332,1,1,39,-390,4349,18331,1,1,45,-270,3365,12998,1,1,31,-90,7089,11332,0,0,29,-240,3284,14998,1,1,50,-210,3845,16165,0,2,30,90,5953,16664,53,300,2063,14165,41,180,3642,19997,36,60,845,6499,23,150,6910,15498,16,180,7376,20164,44,390,209,21497,43,360,739,15164,3,420,4128,28496,26,120,3804,12165,38,330,159,11999,25,330,3478,15831,47,270,3041,15665,1,180,8396,30163,5,330,4557,17998,40,180,3537,11832,52,330,857,11332,62,210,3809,12165,13,420,1210,18498,14,150,38916,53993,11,210,5294,33996,12,420,5039,23330,55,0,298,334,34,60,148,5499,2,150,7361,17331,18,180,3330,17998,58,300,45,13331,51,0,6444,15998,57,-120,3460,8832,56,240,1482,13832,42,330,2706,23664,32,180,2428,8999,3.625,4.166666667
1b12a4ed,1,1,2,22,2,15,2,45,0,9791,21830,1,1,57,120,3112,13665,1,1,39,-150,5177,16164,0,0,18,-180,4721,18331,1,1,17,-180,5021,13498,0,1,19,-270,4578,18997,0,0,53,120,4242,17331,0,2,59,120,4133,13165,1,1,6,-180,5084,34829,0,1,9,-300,5186,19497,0,1,61,0,5028,14832,1,0,31,0,5751,5833,0,1,63,0,9272,11165,0,0,23,-120,9124,19830,0,1,36,-360,3451,21497,0,0,46,0,7194,8498,1,1,47,60,7256,28663,0,0,34,-60,16708,22664,1,1,12,-180,3585,22831,1,0,30,0,4824,31830,1,1,50,0,9167,15665,1,1,58,180,5042,34162,1,0,24,-120,6967,18664,0,1,55,0,10627,21497,0,1,37,0,9846,20165,1,0,20,-180,3878,12165,1,0,51,-90,4510,12999,1,1,10,-210,4262,20331,1,1,49,-90,4784,10499,1,1,42,0,6450,6500,0,0,44,-30,9842,23997,1,1,28,0,5678,9332,0,2,33,0,7215,19830,43,90,8862,14831,54,120,6702,16665,62,90,3927,11999,38,120,3001,11665,22,0,6277,6666,56,120,3277,17498,5,270,3867,26830,15,0,6811,41328,27,60,3912,9832,64,60,15121,20164,1,360,13056,78824,7,240,5799,24331,4,240,9395,31330,3,180,12430,28829,25,90,3027,8833,60,60,4322,11331,40,90,5676,16165,32,120,4543,11998,14,0,3369,19664,52,0,12338,12832,8,180,4543,14831,16,120,4804,12165,2,0,5593,25497,41,360,7500,30663,26,30,9032,19831,29,180,12154,24997,48,0,8234,22997,11,180,4392,18998,35,270,3389,19498,13,150,5149,18164,21,0,5167,18331,4.125,4.166666667
fb4f8c97,3,2,2,29,1,16,2,52,-150,5225,14665,1,1,48,-120,16396,26997,1,1,4,-30,23352,210306,0,0,37,-60,19052,50327,1,1,53,-90,5954,9999,0,1,7,210,6378,24497,0,0,61,30,17933,25496,0,2,15,60,19885,46660,1,1,64,-30,9891,77156,0,1,62,60,14135,23997,0,1,21,60,7765,19164,1,0,6,-30,27853,42994,0,1,22,-120,21075,32996,0,0,35,30,6887,11499,0,1,13,60,12786,18331,0,0,54,-60,5699,8999,1,1,41,30,7295,12665,0,0,26,-60,14064,18831,1,1,38,-90,9196,16832,1,0,42,-120,7343,16331,1,1,29,-60,5940,12165,1,1,11,-30,30310,53493,1,0,16,30,19122,32996,0,1,55,-90,17036,31496,0,1,31,-30,8735,41995,1,0,9,-210,5026,23997,1,0,51,30,25074,29163,1,1,5,-60,15868,26497,1,1,2,-300,7523,28163,1,1,19,-60,19524,40828,0,0,56,-30,7163,11831,1,1,47,30,20832,27663,0,2,14,60,8542,23330,45,60,6266,11666,25,90,8500,17498,33,60,5287,23997,36,240,4946,20998,63,-30,19179,26664,23,150,11667,24330,46,120,6649,19831,39,30,10572,18831,49,-30,6046,11999,43,30,26423,36496,12,90,5758,11665,40,210,7152,24330,17,120,6460,22330,1,90,22662,61659,27,120,6587,12665,24,240,6540,25496,60,300,6262,29663,10,210,6909,27330,28,240,6533,23997,57,90,6463,14832,58,120,11635,26163,20,60,7063,13332,50,180,5705,16331,8,90,9908,20997,44,210,5166,22997,30,60,11807,18998,18,180,4001,17998,3,30,10624,49161,32,90,6951,14831,34,300,6380,38828,59,90,8644,16331,3.375,3.166666667
06a0fcdc,4,2,2,18,1,12,2,5,0,11247,20164,1,1,48,30,4342,7999,1,1,23,60,5385,16998,0,0,9,0,14675,30829,1,1,59,0,5760,11665,0,1,57,0,5704,13165,0,0,25,60,3904,13498,0,2,11,0,13087,13665,1,1,1,0,57704,175310,0,1,20,0,7479,17164,0,1,16,60,5751,16664,1,0,17,0,4757,11665,0,1,56,30,62138,69325,0,0,51,0,4655,13499,0,1,47,120,7927,17331,0,0,63,0,15628,18497,1,1,31,0,4492,12832,0,0,28,0,6267,15831,1,1,27,30,10471,16524,1,0,44,-30,4809,9666,1,1,7,60,4657,10332,1,1,4,0,9430,22330,1,0,42,0,3198,13332,0,1,61,0,3924,5999,0,1,2,30,2624,14498,1,0,43,30,5599,10499,1,0,53,0,16498,24830,1,1,46,-30,9676,12999,1,1,34,0,3311,24664,1,1,58,30,23283,30330,0,0,32,0,6824,21830,1,1,38,0,3416,20497,0,2,62,270,3243,15498,29,240,3303,18497,18,330,4823,30163,6,240,4307,20997,50,240,4225,21497,35,300,217,17664,64,240,162,15332,40,150,2633,13665,37,300,2494,22164,30,150,3937,13499,12,420,3841,41828,54,270,4312,20998,24,240,2212,16665,8,330,3799,38828,55,270,5204,21164,33,210,3521,15665,52,240,5501,24497,10,300,2769,29830,45,120,1083,8666,49,240,3585,18165,39,240,2943,19164,36,420,3980,40328,3,240,4519,23830,13,420,8500,43994,26,330,4480,26663,21,420,3696,33496,19,240,11398,33663,22,360,3248,36829,41,90,5153,10832,14,240,6632,22164,15,420,3423,37496,60,300,2809,19331,4.125,4.666666667
780b18e1,3,2,2,28,2,16,2,55,-30,10142,39328,1,1,57,30,14924,26330,1,1,50,30,9892,30663,0,0,9,-150,8714,27830,1,1,14,30,18522,52993,0,1,64,60,9176,29663,0,0,39,150,3740,16665,0,2,11,0,11884,12331,1,1,53,60,10862,39661,0,1,16,60,8818,23830,0,1,51,30,7466,15664,1,0,41,90,5209,19664,0,1,47,30,781,16664,0,0,28,180,10696,30496,0,1,44,180,4758,26330,0,0,12,120,4263,21330,1,1,58,-60,2860,21830,0,0,32,30,19350,36329,1,1,7,150,3548,24163,1,0,37,90,5037,14499,1,1,62,60,4125,17498,1,1,36,90,2866,10499,1,0,23,-60,6793,18998,0,1,6,-60,8447,29662,0,1,26,0,12073,12165,1,0,49,120,4443,17498,1,0,3,-120,7528,23164,1,1,30,30,8582,41661,1,1,19,120,6232,28496,1,1,42,90,4678,16665,0,0,8,0,16692,70991,1,1,43,120,4049,19665,0,2,48,120,5356,15998,4,180,6834,32163,60,120,4549,20831,34,60,4862,11999,31,90,10330,17997,54,180,3158,23163,29,90,5076,29829,35,-120,3469,21497,22,30,9580,19164,18,90,10853,49494,24,210,6570,23664,40,120,6276,24330,38,-60,4160,23997,27,-60,4102,24163,63,30,4422,11666,25,180,3040,18164,1,-180,19085,60492,33,-30,4252,25830,56,180,3655,27997,20,-90,4218,14332,45,90,4173,19831,13,210,4627,26497,46,-120,9453,36662,52,150,4223,18831,21,180,4359,21164,5,150,4302,20830,61,-120,3696,14998,15,240,2255,22163,2,150,7026,23830,10,-90,5668,15832,59,150,3972,21164,17,-30,5793,21664,3.625,3.666666667
c832a236,1,1,1,18,1,12,2,46,330,3723,25497,1,1,9,390,5060,46161,1,1,53,360,2873,32662,0,0,20,60,5079,23997,1,1,8,60,19645,33662,0,1,28,330,2824,24331,0,0,3,420,7944,55659,0,2,26,330,1830,23831,1,1,54,330,3098,48161,0,1,63,180,7932,31830,0,1,14,270,10648,40995,1,0,61,270,2521,29330,0,1,5,210,13068,78157,0,0,51,330,1981,31496,0,1,32,360,4842,45827,0,0,47,210,7451,46494,1,1,29,90,8177,16998,0,0,10,270,3743,34662,1,1,60,240,1767,45327,1,0,1,420,7293,88322,1,1,35,360,3073,27497,1,1,16,270,4253,27997,1,0,43,330,4219,43827,0,1,62,270,8796,38161,0,1,44,300,4739,24497,1,0,37,330,6694,40828,1,0,13,-90,24212,42828,1,1,57,240,4866,38495,1,1,30,60,3733,11665,1,1,6,420,7605,57826,0,0,33,390,3191,31663,1,1,25,360,2874,30662,0,2,42,-150,5083,18497,41,420,2319,27497,27,60,9243,22997,48,60,6348,21497,34,90,4638,15498,40,420,2454,31496,45,30,5953,25164,55,0,9818,28663,4,210,7316,38829,2,-60,14812,42995,19,-240,4882,19331,24,-120,9696,20664,12,-60,9925,23497,50,-120,3565,16831,17,390,5749,34995,52,-30,11369,27663,22,-210,4233,15665,23,0,6822,18831,59,0,7187,33829,58,-90,2915,28497,38,420,2739,31496,21,-300,4515,39662,11,90,5013,22998,15,420,4284,35995,18,360,2456,26997,31,420,5469,33163,56,-150,3406,19164,49,210,5567,28663,7,210,4053,61825,64,-60,14675,27330,39,-90,6334,19498,36,-30,8152,16165,3.375,3.833333333
d572f6e5,4,2,1,21,1,12,2,36,150,3115,12332,1,1,55,180,3643,16331,1,1,21,180,3167,24497,0,0,47,120,3465,16998,1,1,14,180,62,14665,0,1,39,150,3318,11998,0,0,62,150,2759,14832,0,2,18,-90,3772,13498,1,1,38,-120,3499,11998,0,1,20,30,2768,8332,0,1,13,210,3200,19164,1,0,17,120,2880,13165,0,1,37,210,3587,15831,0,0,46,90,4794,16997,0,1,43,-120,3667,11998,0,0,60,120,3649,13832,1,1,50,-60,3627,9832,0,0,30,150,3144,14498,1,1,27,-330,3776,28663,1,0,8,90,3510,11831,1,1,5,210,4064,18164,1,1,51,-90,6418,24664,1,0,63,90,3875,12166,0,1,56,-60,5111,11499,0,1,31,180,3746,17997,1,0,48,150,3273,13332,1,0,11,-210,3913,21831,1,1,16,120,3111,11998,1,1,4,210,3208,17997,1,1,54,270,3235,28830,0,0,53,150,3467,13332,1,1,40,120,3787,11666,0,2,44,360,2930,23664,22,360,2873,22497,10,360,2972,23830,23,420,2558,31329,26,360,3481,29829,57,420,3217,27164,15,360,2798,26330,34,360,3388,23164,45,390,2417,31330,59,300,2719,22497,25,420,254,25997,58,360,2938,28830,35,330,4001,22164,7,360,3292,30996,3,420,2045,25997,24,360,2193,28163,28,270,2573,19330,12,240,4036,18498,1,330,9244,45495,2,390,3383,27163,33,420,3842,26996,32,360,73,27830,52,390,1752,29663,41,330,3436,24331,29,420,613,27829,6,420,3061,27497,19,360,938,21331,42,390,2334,29496,61,420,22,30496,64,300,3407,25997,9,330,2328,24163,49,360,176,29163,3.875,4.166666667
a0b4b91a,3,2,2,22,2,13,1,61,150,3622,12499,1,1,53,-210,3866,15832,1,1,2,330,5010,30496,0,0,15,-420,4518,36828,1,1,23,-180,3124,15665,0,1,6,-150,8034,26997,0,0,46,210,3870,18997,0,2,37,150,6811,16331,1,1,55,-270,2246,17331,0,1,30,-180,5011,18331,0,1,43,-210,4784,19997,1,0,52,-330,3438,26163,0,1,50,90,4924,30829,0,0,54,-330,3275,28497,0,1,27,-420,2721,33329,0,0,29,60,5520,11165,1,1,60,-270,2868,22664,0,0,18,-210,3956,19164,1,1,62,-120,3747,12498,1,0,1,-270,42147,84822,1,1,5,270,4783,28497,1,1,20,-150,4629,17664,1,0,45,-210,5280,21997,0,1,41,-270,4361,20830,0,1,22,-180,3656,15498,1,0,4,-240,8992,35495,1,0,64,90,5681,17831,1,1,49,-240,4852,19998,1,1,40,-270,9692,29496,1,1,13,330,3755,25497,0,0,58,-90,3741,12499,1,1,12,-330,6150,37328,0,2,21,330,3085,22331,39,150,4963,17497,31,-150,3278,11999,25,180,5720,16165,48,180,3490,15665,36,210,3678,18997,10,210,3626,19831,28,270,4103,20831,59,-180,4483,15998,14,-210,4359,19498,17,240,3232,27830,38,120,4573,12832,9,270,2879,21664,3,420,4177,37662,32,420,2907,31329,7,270,2652,22330,34,-180,4565,16998,44,-180,3781,15998,35,210,4254,19997,57,150,4417,12998,63,-90,3311,23664,56,180,5069,16665,24,150,4377,14498,16,300,3874,22663,8,360,2899,28497,19,-30,4662,22997,11,300,3188,21831,33,120,4915,13831,51,210,2660,15998,42,-210,3715,18498,47,-90,4157,12665,26,180,3659,14331,3.125,3.166666667
7abeae2f,4,2,1,15,1,9,2,22,30,13197,43789,1,1,50,180,8749,23394,1,1,47,210,5519,23194,0,0,54,-270,5698,37791,1,1,58,180,21101,38390,0,1,13,180,6696,45988,0,0,34,150,7576,21794,0,2,39,0,6943,6998,1,1,8,-120,5921,18795,0,1,61,-150,17336,29392,0,1,43,-120,4346,62184,1,0,52,-60,11099,26794,0,1,32,-180,4860,20394,0,0,38,90,3483,10398,0,1,55,150,4174,24594,0,0,42,120,15458,45789,1,1,9,210,6634,23794,0,0,63,-150,20204,41389,1,1,27,150,11652,49188,1,0,56,210,22677,63584,1,1,23,60,10254,19195,1,1,33,210,9002,30192,1,0,62,180,4230,19795,0,1,16,240,6473,25594,0,1,24,90,566,21995,1,0,11,-150,3529,16996,1,0,35,-210,5230,34392,1,1,40,-90,5112,19995,1,1,20,-330,3764,28593,1,1,49,-150,4755,24394,0,0,60,-420,13364,52987,1,1,10,-210,3536,22794,0,2,29,150,3615,18196,28,150,3722,16596,19,330,3560,26993,14,240,14225,37790,36,90,6746,31192,30,0,5917,5999,18,-150,9493,36790,46,-120,42227,61785,25,-180,21749,41590,15,-150,44981,64383,44,270,8248,55985,53,270,20773,70582,59,330,8298,42589,26,-150,10227,31192,45,-150,8040,35191,64,210,22871,44989,17,-30,23407,36191,6,-240,4122,20995,48,270,4553,24794,21,-90,12430,40190,4,300,3955,24994,7,-270,7175,36791,1,120,21873,50187,12,-180,8032,28793,51,180,10233,37391,5,120,5420,18996,31,180,8316,26793,37,0,5222,17996,3,-210,4003,21795,2,180,11504,41190,41,150,7274,22394,57,-180,7720,55585,3.25,3.333333333
91ae50d5,4,2,1,25,1,14,1,5,60,3532,18998,1,1,36,120,6290,20497,1,1,46,180,3844,27996,0,0,8,120,5488,26163,1,1,28,210,1220,22331,0,1,12,90,4288,18165,0,0,30,90,6232,18498,0,2,63,300,11058,31163,1,1,48,150,4820,19998,0,1,26,90,7051,21497,0,1,29,120,4493,20664,1,0,51,150,4133,21997,0,1,11,90,5478,20498,0,0,52,180,4242,15998,0,1,22,120,4347,17664,0,0,40,120,4895,26830,1,1,6,150,6291,23830,0,0,56,120,4268,14998,1,1,14,150,4939,33495,1,0,37,150,4156,18497,1,1,31,180,1099,26663,1,1,2,0,25775,60992,1,0,19,150,4898,17831,0,1,25,60,7021,25684,0,1,17,90,6011,21164,1,0,7,120,8755,21997,1,0,61,300,9510,32829,1,1,21,60,8053,22497,1,1,60,300,4384,29163,1,1,43,210,3086,23164,0,0,1,90,20657,65825,1,1,44,150,3293,18998,0,2,50,330,6434,32662,45,330,4466,31829,62,360,250,31163,58,300,292,22497,3,30,36675,55993,23,270,5243,25164,9,240,16719,48160,35,270,5333,33329,20,270,5568,32496,39,300,815,25663,15,300,5221,28996,27,300,8435,36162,38,300,6786,29163,32,300,4509,37662,33,300,4021,30663,18,330,6150,31329,64,360,345,29163,16,270,7205,38329,53,210,5676,30496,41,150,7010,27330,34,270,5359,36828,42,270,10207,41995,10,300,11181,32829,57,300,5134,33162,49,300,5333,33829,59,330,354,28830,13,270,4994,36328,54,270,1910,34829,4,90,10789,21164,47,300,2519,32829,24,270,11740,39328,55,330,4980,39995,3.25,3.666666667
cdfc30b7,4,2,1,18,5,11,1,2,180,6936,27830,1,1,12,330,2816,35495,1,1,8,0,8098,20330,0,0,46,180,2243,22664,1,1,32,180,5757,17164,0,1,10,-150,6384,27496,0,0,20,240,6620,22330,0,2,47,60,8010,15998,1,1,53,120,5699,18331,0,1,36,120,8357,23830,0,1,42,90,36341,55826,1,0,7,270,4359,25997,0,1,30,240,6613,23664,0,0,14,90,8885,18164,0,1,4,-30,5269,53493,0,0,11,360,3688,34496,1,1,64,90,6057,23164,0,0,23,270,4350,24663,1,1,50,-120,5843,18498,1,0,34,150,3984,22331,1,1,49,270,4167,37162,1,1,44,120,4035,39828,1,0,58,60,4568,15331,0,1,41,180,8167,41495,0,1,39,120,3274,77491,1,0,9,-90,4245,18998,1,0,38,-30,5708,36828,1,1,37,150,8931,26997,1,1,5,90,6283,21997,1,1,57,90,3753,17331,0,0,29,0,5424,16165,1,1,6,300,6277,32496,0,2,48,120,6189,17664,40,-90,10654,41328,56,-30,6807,21997,59,120,5271,40661,19,60,4921,12331,33,60,6987,20997,24,-120,851,24830,31,90,7188,24664,60,180,5431,15998,28,210,4177,34829,52,30,15199,38662,35,90,5947,25330,21,150,6427,29329,17,120,4637,35496,61,180,1974,20331,18,0,5229,14499,22,-60,10195,19664,55,120,6611,28496,15,-90,5238,12998,3,-30,5494,23164,1,120,8287,53659,45,420,6094,38828,16,-120,491,10332,54,60,10149,19664,43,-30,7834,17165,13,210,4812,22164,26,-30,4639,18664,27,-60,3132,27496,63,210,7501,37329,62,0,10250,55492,51,30,5737,13165,25,90,5255,11831,4,4.666666667
049ada67,4,2,2,21,1,15,1,17,-30,3864,30496,1,1,11,-60,3811,16998,1,1,21,0,11250,22164,0,0,50,-30,5442,9832,1,1,39,-180,2413,11332,0,1,27,-60,2321,7166,0,0,58,0,11362,55160,0,2,20,0,5488,23164,1,1,30,-30,1152,6832,0,1,49,-120,2847,12332,0,1,41,-30,2607,6166,1,0,24,-30,9676,14332,0,1,9,-90,3713,12165,0,0,10,-60,2255,39662,0,1,60,-90,2060,7832,0,0,14,-120,3599,14332,1,1,62,-90,2297,7332,0,0,4,-60,3347,8499,1,1,25,-90,2946,9999,1,0,43,-60,3281,6499,1,1,46,-120,2913,9165,1,1,45,30,4935,9999,1,0,15,-90,4934,11499,0,1,13,-60,3025,7499,0,1,53,0,3365,46161,1,0,37,-30,2160,6333,1,0,42,-330,4935,19998,1,1,48,-180,2421,10832,1,1,31,-300,2064,21664,1,1,32,30,8400,13832,0,0,55,-60,2925,6666,1,1,2,-60,66827,81323,0,2,51,150,3116,12831,28,180,3913,15998,40,120,5122,12999,54,150,3026,16498,38,90,2535,6499,52,210,3653,17997,59,180,3686,11665,26,300,2424,22831,61,270,3320,18498,16,0,1478,5000,47,210,162,14998,57,150,7966,18998,1,0,21247,77657,56,150,4079,10499,7,240,3550,17498,12,150,3653,14665,44,180,2466,12665,23,210,2692,16164,3,150,8195,34163,6,330,2259,29663,33,90,2693,8999,35,270,3788,20164,29,300,3622,20997,34,270,3065,17832,36,210,2874,13498,8,300,3250,22831,5,270,4218,24664,18,60,490,10999,22,180,3162,17165,19,90,5501,15331,64,270,2223,19497,63,150,3010,11999,3.5,3.833333333
b7466ac4,1,1,2,20,2,14,2,22,30,5537,9333,1,1,33,90,5004,9998,1,1,35,-30,5359,10165,0,0,32,30,4672,12165,1,1,60,-120,3979,9165,0,1,27,-60,3810,8999,0,0,34,0,7432,19331,0,2,63,120,4155,8499,1,1,18,0,19053,51993,0,1,50,-300,3527,16331,0,1,41,30,8821,13165,1,0,43,0,16673,34662,0,1,1,0,49964,76990,0,0,4,0,4410,11998,0,1,6,-120,3667,14998,0,0,39,-30,6154,10665,1,1,2,0,54611,75323,0,0,44,60,3994,7999,1,1,10,-240,3806,15499,1,0,14,0,3834,25663,1,1,48,120,5402,10165,1,1,9,90,4576,18664,1,0,30,-30,5059,10499,0,1,37,-120,4485,11498,0,1,25,30,3909,7666,1,0,16,0,5873,28163,1,0,57,-270,7047,18498,1,1,31,0,10698,30663,1,1,12,-270,3761,24164,1,1,40,90,3902,13499,0,0,23,-90,5357,10832,1,1,62,30,6494,10665,0,2,54,60,6307,12165,52,90,8322,12498,19,180,4910,13998,26,90,6485,11332,20,150,4867,11832,38,390,3128,20498,17,180,5664,15998,47,210,3525,12165,36,90,4688,13999,5,90,5273,12999,8,300,5357,22330,49,90,9471,14998,46,120,8937,13499,11,210,4415,14831,24,150,3537,8999,3,90,4532,12665,29,30,4189,9165,55,-60,4206,9832,7,240,8254,32662,21,90,5667,9332,61,30,4108,9832,13,90,4411,9832,56,150,4312,11832,53,150,5072,9499,28,30,5469,14165,59,390,3723,21331,15,150,8574,16331,58,-60,4797,13832,45,150,3878,8332,42,90,5172,11332,64,60,11022,19497,51,60,17269,22331,3.25,3.5
fc9300ab,3,2,2,19,2,12,2,46,0,7264,7499,1,1,19,150,4055,27163,1,1,52,0,6874,30996,0,0,1,-180,16307,46661,1,1,18,30,12832,29997,0,1,13,30,4163,16664,0,0,12,-90,10023,26996,0,2,26,-30,146645,164479,1,1,25,210,7230,26497,0,1,16,30,5216,24830,0,1,33,0,5548,73324,1,0,57,0,44656,44994,0,1,5,-150,9083,37496,0,0,35,0,6241,7999,0,1,6,0,10785,23831,0,0,47,0,3879,8166,1,1,30,0,4501,18997,0,0,17,30,4202,13999,1,1,40,0,11392,30662,1,0,24,-30,5884,44661,1,1,7,0,4122,61993,1,1,53,0,3556,15165,1,0,41,-120,710,8499,0,1,51,0,30302,73157,0,1,36,120,8686,19664,1,0,23,60,5982,19998,1,0,59,-150,22325,46661,1,1,8,-30,3835,21664,1,1,49,0,6717,6832,1,1,64,-60,3687,8999,0,0,21,0,5424,20164,1,1,45,0,9843,43327,0,2,42,420,31792,59659,10,420,4087,36662,39,420,6532,36495,37,420,3699,39995,62,420,3835,33330,48,420,784,27830,60,420,3914,33663,44,420,4243,35162,3,420,3847,44661,14,420,4713,43494,50,420,20773,46494,31,420,4071,32996,38,420,5523,50827,22,420,3137,33662,11,420,2441,34829,56,420,3971,33495,27,420,162,34329,63,420,2934,41495,58,420,6546,36329,28,420,5144,33495,20,420,749,34495,32,420,4210,37495,55,420,4722,31329,15,120,3289,18998,61,420,3762,36328,43,420,4510,36828,2,420,4452,46827,4,420,4206,38329,29,420,4623,36995,9,420,4817,34662,34,420,4535,39161,54,420,3705,29163,3,3